TransactionID,CustomerID,Gender,Age,ProductCategory,Quantity,Price,PurchaseDate,PaymentMode,TotalAmount,Month,DayOfWeek,AgeGroup,City_Bengaluru,City_Chennai,City_Delhi,City_Hyderabad,City_Jaipur,City_Kolkata,City_Lucknow,City_Mumbai,City_Pune
T00001,C2824,0,0.28846153846153855,Fashion,0.5,0.8936734693877552,2023-03-15,Cash,0.7879643323304475,March,Wednesday,Adult(26-40),True,False,False,False,False,False,False,False,False
T00002,C1409,2,0.03846153846153849,Books,1.0,0.19408163265306125,2023-01-22,Card,0.5333443896562846,January,Sunday,Young Adult(18-25),False,False,False,False,False,False,False,False,True
T00003,C5506,2,0.5576923076923077,Furniture,0.0,0.0022448979591836726,2023-04-18,Wallet,0.0,April,Tuesday,Mid Age(41-60),False,False,False,False,False,False,False,False,True
T00004,C5012,2,0.05769230769230771,Groceries,1.0,0.5808163265306122,2023-08-09,Cash,0.8169891263747053,August,Wednesday,Young Adult(18-25),False,False,False,True,False,False,False,False,False
T00005,C4657,0,0.4423076923076924,Sports,0.0,0.616938775510204,2023-09-23,Wallet,0.42043388075017263,September,Saturday,Mid Age(41-60),False,True,False,False,False,False,False,False,False
T00006,C3286,1,0.8653846153846155,Furniture,0.25,0.5424489795918367,2023-05-23,Card,0.5447955004552041,May,Tuesday,Senior(60+),False,False,True,False,False,False,False,False,False
T00007,C2679,2,0.23076923076923084,Electronics,1.0,0.1389795918367347,2023-10-22,Card,0.4667503584475661,October,Sunday,Adult(26-40),False,False,False,False,False,False,False,False,True
T00008,C9935,0,0.326923076923077,Books,1.0,0.9181632653061225,2023-11-12,Cash,0.9697196907587466,November,Sunday,Adult(26-40),False,False,False,True,False,False,False,False,False
T00009,C2424,0,0.4423076923076924,Books,1.0,0.44142857142857145,2023-06-10,Cash,0.7357829388834958,June,Saturday,Mid Age(41-60),False,False,False,False,True,False,False,False,False
T00010,C7912,1,1.0,Groceries,0.0,0.223265306122449,2023-02-20,UPI,0.2533196138489267,February,Monday,Senior(60+),False,False,False,False,False,False,True,False,False
T00011,C1520,1,0.5576923076923077,Books,1.0,0.6826530612244898,2023-06-27,Card,0.8683182808226169,June,Tuesday,Mid Age(41-60),False,True,False,False,False,False,False,False,False
T00012,C1488,0,0.6153846153846154,Sports,1.0,0.4928571428571429,2023-05-26,Cash,0.7675139981517894,May,Friday,Mid Age(41-60),False,True,False,False,False,False,False,False,False
T00013,C2535,1,0.48076923076923084,Groceries,0.25,0.5426530612244898,2023-03-26,Wallet,0.5448817745284035,March,Sunday,Mid Age(41-60),False,False,False,False,True,False,False,False,False
T00014,C4582,2,0.7692307692307693,Furniture,0.75,0.09571428571428572,2023-03-02,Cash,0.3599934593057784,March,Thursday,Mid Age(41-60),False,True,False,False,False,False,False,False,False
T00015,C4811,0,0.13461538461538464,Sports,1.0,0.017346938775510204,2023-05-28,Cash,0.2165406344455741,May,Sunday,Young Adult(18-25),False,False,False,False,False,False,False,False,True
T00016,C9279,2,0.826923076923077,Beauty,0.0,0.5942857142857143,2023-05-21,Wallet,0.41322335662065623,May,Sunday,Senior(60+),False,False,False,True,False,False,False,False,False
T00017,C1434,0,0.019230769230769273,Furniture,0.0,0.36653061224489797,2023-09-07,Wallet,0.32764313477324913,September,Thursday,Young Adult(18-25),False,False,True,False,False,False,False,False,False
T00018,C4257,2,0.28846153846153855,Fashion,1.0,0.46755102040816326,2023-08-13,Wallet,0.7521920474633722,August,Sunday,Adult(26-40),True,False,False,False,False,False,False,False,False
T00019,C9928,1,0.4423076923076924,Electronics,0.25,0.2953061224489796,2023-04-25,Wallet,0.4185675229798649,April,Tuesday,Mid Age(41-60),True,False,False,False,False,False,False,False,False
T00020,C7873,1,0.5961538461538463,Books,0.0,0.42795918367346936,2023-03-28,Card,0.35359695216229026,March,Tuesday,Mid Age(41-60),False,True,False,False,False,False,False,False,False
T00021,C4611,2,0.730769230769231,Electronics,0.5,0.026122448979591838,2023-05-28,Cash,0.17657128887968226,May,Sunday,Mid Age(41-60),False,False,True,False,False,False,False,False,False
T00022,C8359,0,0.5384615384615385,Fashion,0.25,0.8983673469387755,2023-05-13,UPI,0.6704954412526983,May,Saturday,Mid Age(41-60),False,False,False,False,False,False,False,False,False
T00023,C5557,0,0.21153846153846156,Groceries,0.25,0.9751020408163266,2023-11-07,Wallet,0.6929059380076776,November,Tuesday,Adult(26-40),False,False,False,False,False,False,True,False,False
T00024,C1106,2,0.576923076923077,Groceries,1.0,0.17775510204081635,2023-02-24,Wallet,0.5149987715476628,February,Friday,Mid Age(41-60),False,False,False,False,False,False,False,False,False
T00025,C3615,2,0.7115384615384616,Beauty,0.75,0.6385714285714286,2023-04-29,UPI,0.7757174609135997,April,Saturday,Mid Age(41-60),False,True,False,False,False,False,False,False,False
T00026,C7924,1,0.6730769230769232,Books,0.0,0.43020408163265306,2023-12-08,Card,0.35449711435710085,December,Friday,Mid Age(41-60),False,False,False,False,False,False,True,False,False
T00027,C6574,1,0.42307692307692313,Beauty,1.0,0.9208163265306123,2023-05-23,UPI,0.9707547546042625,May,Tuesday,Adult(26-40),False,False,False,False,False,False,False,False,False
T00028,C5552,2,0.42307692307692313,Furniture,1.0,0.3444897959183673,2023-03-14,UPI,0.6685287011677612,March,Tuesday,Adult(26-40),False,False,False,True,False,False,False,False,False
T00029,C3547,2,0.1923076923076924,Electronics,0.5,0.7391836734693877,2023-02-19,Cash,0.7318702204574077,February,Sunday,Adult(26-40),False,False,False,False,False,True,False,False,False
T00030,C4527,0,0.3076923076923077,Beauty,0.75,0.3687755102040816,2023-04-16,Wallet,0.6258507162364805,April,Sunday,Adult(26-40),False,False,False,False,False,False,False,True,False
T00031,C6514,0,0.9038461538461539,Beauty,1.0,0.5420408163265306,2023-10-10,Wallet,0.795847306118471,October,Tuesday,Senior(60+),True,False,False,False,False,False,False,False,False
T00032,C2674,2,0.8461538461538461,Groceries,0.0,0.44918367346938776,2023-09-18,Card,0.36198538036338224,September,Monday,Senior(60+),False,False,False,False,False,False,False,True,False
T00033,C2519,0,0.0961538461538462,Furniture,0.75,0.3408163265306122,2023-03-28,Card,0.6064998972960979,March,Tuesday,Young Adult(18-25),False,False,False,False,True,False,False,False,False
T00034,C7224,1,0.34615384615384615,Fashion,0.0,0.9722448979591837,2023-01-15,Card,0.5154229283832429,January,Sunday,Adult(26-40),False,False,False,False,False,False,False,True,False
T00035,C2584,0,0.019230769230769273,Furniture,0.5,0.6610204081632653,2023-11-03,Card,0.7004018057437211,November,Friday,Young Adult(18-25),True,False,False,False,False,False,False,False,False
T00036,C6881,2,0.46153846153846156,Beauty,0.75,0.2602040816326531,2023-01-21,Card,0.5441045212903649,January,Saturday,Mid Age(41-60),False,False,True,False,False,False,False,False,False
T00037,C6635,1,0.05769230769230771,Beauty,0.25,0.7457142857142858,2023-10-04,Card,0.6216983247606304,October,Wednesday,Young Adult(18-25),False,True,False,False,False,False,False,False,False
T00038,C5333,1,0.1923076923076924,Fashion,0.75,0.3873469387755102,2023-10-03,Cash,0.6381739832565996,October,Tuesday,Adult(26-40),False,True,False,False,False,False,False,False,False
T00039,C1711,1,0.6923076923076924,Electronics,0.0,0.7253061224489796,2023-04-10,Cash,0.4526518532552958,April,Monday,Mid Age(41-60),True,False,False,False,False,False,False,False,False
T00040,C8527,0,0.9423076923076924,Electronics,1.0,0.6161224489795918,2023-01-04,Wallet,0.8354271686631849,January,Wednesday,Senior(60+),False,False,False,False,False,False,False,False,False
T00041,C9785,0,0.25,Books,0.5,0.2479591836734694,2023-09-08,UPI,0.4689382565818715,September,Friday,Adult(26-40),False,False,False,False,False,False,False,True,False
T00042,C3045,1,0.2692307692307693,Groceries,0.75,0.8008163265306123,2023-01-14,Cash,0.8457819735983745,January,Saturday,Adult(26-40),False,False,False,True,False,False,False,False,False
T00043,C7201,1,0.7884615384615384,Furniture,0.5,0.15653061224489798,2023-07-09,Card,0.3847888097646417,July,Sunday,Mid Age(41-60),False,False,True,False,False,False,False,False,False
T00044,C2291,0,0.2692307692307693,Electronics,0.0,0.8289795918367348,2023-04-15,Card,0.48054552059869776,April,Saturday,Adult(26-40),True,False,False,False,False,False,False,False,False
T00045,C5803,0,0.826923076923077,Sports,0.0,0.30326530612244895,2023-05-25,UPI,0.29770934507678243,May,Thursday,Senior(60+),False,False,False,False,False,False,False,True,False
T00046,C6925,1,0.25,Beauty,0.0,0.7679591836734694,2023-10-20,Card,0.464436180043385,October,Friday,Adult(26-40),False,False,False,False,False,False,False,False,False
T00047,C4150,0,0.326923076923077,Groceries,1.0,0.30918367346938774,2023-08-07,UPI,0.6409289236862775,August,Monday,Adult(26-40),False,False,False,True,False,False,False,False,False
T00048,C2139,0,0.7884615384615384,Sports,0.25,0.29428571428571426,2023-08-16,UPI,0.41792112360270106,August,Wednesday,Mid Age(41-60),False,False,False,False,False,True,False,False,False
T00049,C1750,0,0.5000000000000001,Furniture,0.5,0.3157142857142857,2023-09-24,Wallet,0.5190296426715822,September,Sunday,Mid Age(41-60),False,False,False,False,False,False,False,False,True
T00050,C4733,0,0.6153846153846154,Sports,0.25,0.9522448979591837,2023-03-06,UPI,0.6863603564918367,March,Monday,Mid Age(41-60),False,True,False,False,False,False,False,False,False
T00051,C5741,2,0.019230769230769273,Furniture,0.25,0.8200000000000001,2023-08-21,Card,0.6462170379938117,August,Monday,Young Adult(18-25),False,False,False,False,False,False,False,False,False
T00052,C2307,2,0.9423076923076924,Books,0.5,0.30142857142857143,2023-06-01,UPI,0.509098213577644,June,Thursday,Senior(60+),False,False,False,False,False,True,False,False,False
T00053,C4814,2,0.9423076923076924,Groceries,0.0,0.4714285714285714,2023-02-26,Wallet,0.3704980206835687,February,Sunday,Senior(60+),False,False,False,False,False,False,False,False,False
T00054,C2654,1,0.826923076923077,Beauty,0.25,0.03510204081632653,2023-12-28,UPI,0.14859688636353635,December,Thursday,Senior(60+),False,False,False,False,False,False,False,True,False
T00055,C7227,0,0.0,Beauty,0.5,0.5183673469387755,2023-03-03,Card,0.6357679464292609,March,Friday,Young Adult(18-25),False,False,False,False,False,True,False,False,False
T00056,C5554,2,0.576923076923077,Furniture,0.75,0.27224489795918366,2023-08-16,Cash,0.5541577497486795,August,Wednesday,Mid Age(41-60),False,False,True,False,False,False,False,False,False
T00057,C8428,0,0.15384615384615385,Beauty,0.25,0.2969387755102041,2023-08-10,Wallet,0.4195987385964959,August,Thursday,Adult(26-40),True,False,False,False,False,False,False,False,False
T00058,C6977,2,0.7884615384615384,Books,0.0,0.6589795918367347,2023-09-10,Cash,0.4333554053007669,September,Sunday,Mid Age(41-60),False,False,False,False,False,False,False,True,False
T00059,C3664,1,0.21153846153846156,Electronics,1.0,0.31387755102040815,2023-05-15,Card,0.6447135599329156,May,Monday,Adult(26-40),False,True,False,False,False,False,False,False,False
T00060,C7065,1,0.730769230769231,Groceries,0.5,0.11591836734693878,2023-02-14,Card,0.33726556277284725,February,Tuesday,Mid Age(41-60),False,False,False,False,False,False,False,False,True
T00061,C6820,2,0.980769230769231,Sports,0.25,0.23979591836734696,2023-03-12,Cash,0.38104655844463453,March,Sunday,Senior(60+),False,False,True,False,False,False,False,False,False
T00062,C4432,1,0.0,Beauty,0.0,0.12040816326530612,2023-05-23,Card,0.17767712632638627,May,Tuesday,Young Adult(18-25),False,False,False,False,True,False,False,False,False
T00063,C5374,0,0.2692307692307693,Sports,0.0,0.7128571428571429,2023-12-09,Cash,0.4491240360362323,December,Saturday,Adult(26-40),False,False,False,False,False,False,False,False,False
T00064,C2169,0,0.3076923076923077,Electronics,0.5,0.41,2023-03-01,Card,0.5781261420131555,March,Wednesday,Adult(26-40),True,False,False,False,False,False,False,False,False
T00065,C3803,1,0.730769230769231,Books,0.75,0.7606122448979592,2023-07-01,Card,0.8293904753598232,July,Saturday,Mid Age(41-60),False,False,False,True,False,False,False,False,False
T00066,C9751,0,0.980769230769231,Groceries,0.0,0.6728571428571428,2023-02-10,Wallet,0.43749808940541146,February,Friday,Senior(60+),False,True,False,False,False,False,False,False,False
T00067,C5010,2,0.3653846153846154,Fashion,0.5,0.16755102040816328,2023-04-24,UPI,0.3963466818873305,April,Monday,Adult(26-40),False,False,False,False,False,False,False,False,True
T00068,C3677,2,0.8653846153846155,Sports,0.25,0.8806122448979592,2023-02-08,Cash,0.6651252987030448,February,Wednesday,Senior(60+),False,False,False,False,False,False,False,True,False
T00069,C8573,2,0.8653846153846155,Electronics,0.75,0.22938775510204082,2023-06-17,Wallet,0.516926623631372,June,Saturday,Senior(60+),False,False,True,False,False,False,False,False,False
T00070,C7216,0,0.7884615384615384,Fashion,0.5,0.019591836734693877,2023-03-22,Wallet,0.15788045990131017,March,Wednesday,Mid Age(41-60),False,False,False,True,False,False,False,False,False
T00071,C5422,2,0.326923076923077,Groceries,0.5,0.16653061224489796,2023-09-17,UPI,0.3952966810020732,September,Sunday,Adult(26-40),False,False,False,False,False,False,False,False,True
T00072,C4598,1,0.5192307692307693,Furniture,0.75,0.6316326530612245,2023-06-21,Card,0.7724640225391357,June,Wednesday,Mid Age(41-60),False,False,False,False,False,False,False,False,False
T00073,C6313,2,0.46153846153846156,Beauty,0.0,0.6418367346938776,2023-05-22,Wallet,0.428155688608765,May,Monday,Mid Age(41-60),False,False,False,True,False,False,False,False,False
T00074,C1916,0,0.42307692307692313,Fashion,0.0,0.034489795918367344,2023-08-21,Wallet,0.07382085024281909,August,Monday,Adult(26-40),False,False,False,False,False,False,False,True,False
T00075,C4752,0,0.5576923076923077,Groceries,0.25,0.18387755102040818,2023-11-19,Card,0.3370906965730416,November,Sunday,Mid Age(41-60),False,False,False,True,False,False,False,False,False
T00076,C1525,2,0.3076923076923077,Fashion,0.25,0.022653061224489797,2023-09-20,Wallet,0.11976926123778725,September,Wednesday,Adult(26-40),False,False,False,False,False,False,False,False,False
T00077,C6168,1,0.25,Electronics,1.0,0.0730612244897959,2023-12-11,UPI,0.3611108035287378,December,Monday,Adult(26-40),False,False,True,False,False,False,False,False,False
T00078,C7572,1,0.5576923076923077,Groceries,1.0,0.22081632653061226,2023-02-07,Wallet,0.561386598927881,February,Tuesday,Mid Age(41-60),False,False,False,False,True,False,False,False,False
T00079,C5386,1,0.3653846153846154,Groceries,0.25,0.4151020408163265,2023-12-28,Cash,0.4860624318540498,December,Thursday,Adult(26-40),False,False,False,True,False,False,False,False,False
T00080,C2084,0,0.826923076923077,Furniture,0.75,0.13959183673469389,2023-12-19,UPI,0.42126660233376617,December,Tuesday,Senior(60+),False,False,False,False,False,False,False,False,False
T00081,C4456,1,0.6346153846153847,Beauty,1.0,0.4473469387755102,2023-06-11,UPI,0.7395562661878916,June,Sunday,Mid Age(41-60),False,False,False,False,False,False,False,False,True
T00082,C6155,0,1.0,Groceries,1.0,0.2383673469387755,2023-01-20,UPI,0.5786354626107421,January,Friday,Senior(60+),False,True,False,False,False,False,False,False,False
T00083,C4483,2,0.7500000000000001,Electronics,0.75,0.022448979591836733,2023-08-10,Card,0.20337647583190266,August,Thursday,Mid Age(41-60),False,False,False,False,False,True,False,False,False
T00084,C9179,2,0.48076923076923084,Groceries,0.0,0.015510204081632652,2023-02-21,UPI,0.03594162253234723,February,Tuesday,Mid Age(41-60),True,False,False,False,False,False,False,False,False
T00085,C7482,0,0.7115384615384616,Groceries,0.5,0.17775510204081635,2023-12-28,UPI,0.4066343160718975,December,Thursday,Mid Age(41-60),False,False,False,False,False,False,False,True,False
T00086,C8517,0,0.11538461538461542,Sports,0.0,0.906734693877551,2023-09-24,Wallet,0.4999429360672741,September,Sunday,Young Adult(18-25),False,False,False,False,True,False,False,False,False
T00087,C3340,2,0.0,Beauty,0.5,0.5657142857142857,2023-06-12,Wallet,0.658418463974097,June,Monday,Young Adult(18-25),False,False,False,False,True,False,False,False,False
T00088,C5339,2,0.6153846153846154,Electronics,0.75,0.14204081632653062,2023-04-08,Cash,0.4243205753201817,April,Saturday,Mid Age(41-60),False,False,True,False,False,False,False,False,False
T00089,C3287,0,0.8076923076923078,Sports,1.0,0.33816326530612245,2023-10-13,UPI,0.6637244733161997,October,Friday,Mid Age(41-60),False,True,False,False,False,False,False,False,False
T00090,C5040,2,0.4423076923076924,Fashion,0.75,0.23265306122448984,2023-12-05,UPI,0.5199135744340115,December,Tuesday,Mid Age(41-60),False,False,False,False,False,False,False,False,False
T00091,C9830,2,0.6730769230769232,Books,0.0,0.8030612244897959,2023-11-17,Cash,0.47380506229453656,November,Friday,Mid Age(41-60),False,True,False,False,False,False,False,False,False
T00092,C5304,1,0.7884615384615384,Beauty,0.75,0.9408163265306123,2023-01-19,UPI,0.8988298226438551,January,Thursday,Mid Age(41-60),False,False,False,True,False,False,False,False,False
T00093,C8019,1,0.730769230769231,Fashion,0.0,0.7426530612244898,2023-11-21,Wallet,0.4574998228646314,November,Tuesday,Mid Age(41-60),False,False,False,False,False,True,False,False,False
T00094,C7543,2,0.730769230769231,Books,0.75,0.2726530612244898,2023-11-18,Cash,0.5544934402081605,November,Saturday,Mid Age(41-60),False,False,False,False,False,False,False,True,False
T00095,C6930,2,0.34615384615384615,Electronics,0.25,0.5138775510204081,2023-01-05,Card,0.5324954278705065,January,Thursday,Adult(26-40),False,False,False,True,False,False,False,False,False
T00096,C4593,1,0.3653846153846154,Sports,0.0,0.5544897959183673,2023-05-06,Cash,0.4000940960151188,May,Saturday,Adult(26-40),False,False,True,False,False,False,False,False,False
T00097,C3266,2,0.826923076923077,Books,0.5,0.8006122448979592,2023-03-12,Card,0.755050216689699,March,Sunday,Senior(60+),False,False,False,True,False,False,False,False,False
T00098,C9348,0,0.11538461538461542,Fashion,1.0,0.25816326530612244,2023-10-28,Wallet,0.5971377893314036,October,Saturday,Young Adult(18-25),False,False,False,False,False,False,False,False,True
T00099,C9085,2,0.576923076923077,Sports,1.0,0.40755102040816327,2023-07-12,Cash,0.7135084222287918,July,Wednesday,Mid Age(41-60),False,False,False,False,False,True,False,False,False
T00100,C2489,2,0.07692307692307698,Groceries,0.0,0.09326530612244899,2023-04-23,Cash,0.1513925506725693,April,Sunday,Young Adult(18-25),False,False,False,False,False,False,False,True,False
T00101,C1771,0,0.40384615384615385,Books,0.25,0.9085714285714286,2023-12-11,UPI,0.6735490457500789,December,Monday,Adult(26-40),True,False,False,False,False,False,False,False,False
T00102,C2796,1,0.326923076923077,Groceries,1.0,0.4471428571428571,2023-04-11,Card,0.7394267074361962,April,Tuesday,Adult(26-40),False,True,False,False,False,False,False,False,False
T00103,C3504,2,0.7692307692307693,Books,0.25,0.9087755102040816,2023-05-16,UPI,0.6736098786889894,May,Tuesday,Mid Age(41-60),False,False,False,False,False,False,True,False,False
T00104,C3621,1,0.3846153846153847,Books,0.5,0.20571428571428574,2023-08-29,UPI,0.4330484755591063,August,Tuesday,Adult(26-40),False,False,True,False,False,False,False,False,False
T00105,C7916,1,0.326923076923077,Beauty,1.0,0.03530612244897959,2023-03-19,Wallet,0.27377153018435035,March,Sunday,Adult(26-40),False,False,False,False,False,False,False,False,True
T00106,C2040,2,0.3076923076923077,Books,0.75,0.07428571428571429,2023-09-06,Wallet,0.32398231521199344,September,Wednesday,Adult(26-40),False,False,False,True,False,False,False,False,False
T00107,C7304,2,0.7884615384615384,Groceries,0.75,0.17183673469387756,2023-04-06,Cash,0.45913624249035984,April,Thursday,Mid Age(41-60),False,False,False,False,False,False,False,True,False
T00108,C7252,1,0.8653846153846155,Groceries,0.0,0.9104081632653062,2023-09-12,Card,0.5008308165204558,September,Tuesday,Senior(60+),False,False,False,False,False,False,False,True,False
T00109,C8668,2,0.7884615384615384,Beauty,1.0,0.4959183673469387,2023-05-25,Wallet,0.7693314668225828,May,Thursday,Mid Age(41-60),False,False,False,False,False,False,True,False,False
T00110,C9669,2,0.3653846153846154,Beauty,0.25,0.17142857142857143,2023-03-09,Card,0.32618532915446935,March,Thursday,Adult(26-40),False,False,False,False,False,False,False,False,False
T00111,C5119,1,0.23076923076923084,Beauty,0.25,0.8551020408163266,2023-04-12,Card,0.6572788293568608,April,Wednesday,Adult(26-40),False,False,False,False,False,False,True,False,False
T00112,C1188,1,0.17307692307692313,Groceries,0.5,0.6942857142857143,2023-11-22,Card,0.7140868907900011,November,Wednesday,Adult(26-40),True,False,False,False,False,False,False,False,False
T00113,C2876,0,0.6346153846153847,Electronics,1.0,0.23693877551020412,2023-02-15,Cash,0.5772625496828336,February,Wednesday,Mid Age(41-60),False,False,False,False,False,True,False,False,False
T00114,C9797,2,0.9230769230769232,Sports,0.25,0.0018367346938775488,2023-09-22,Card,0.05443678144689351,September,Friday,Senior(60+),False,False,True,False,False,False,False,False,False
T00115,C5371,0,0.28846153846153855,Sports,0.25,0.37489795918367347,2023-04-20,UPI,0.46504396354348887,April,Thursday,Adult(26-40),False,False,False,True,False,False,False,False,False
T00116,C6573,1,0.05769230769230771,Groceries,1.0,0.04,2023-01-02,Card,0.28653952305176694,January,Monday,Young Adult(18-25),True,False,False,False,False,False,False,False,False
T00117,C2827,2,0.980769230769231,Books,0.75,0.3787755102040816,2023-08-11,Cash,0.6325360505696358,August,Friday,Senior(60+),False,False,False,False,False,False,False,False,False
T00118,C5808,1,0.980769230769231,Fashion,1.0,0.7140816326530612,2023-02-04,UPI,0.8831036767304028,February,Saturday,Senior(60+),False,False,True,False,False,False,False,False,False
T00119,C8123,2,0.980769230769231,Electronics,0.75,0.6442857142857142,2023-09-09,Card,0.7783788691697361,September,Saturday,Senior(60+),False,False,False,False,False,False,True,False,False
T00120,C3591,2,0.730769230769231,Fashion,0.0,0.24632653061224494,2023-10-13,Card,0.2670457330159362,October,Friday,Mid Age(41-60),False,False,False,False,False,True,False,False,False
T00121,C8433,0,0.48076923076923084,Sports,0.0,0.5906122448979592,2023-11-09,UPI,0.4120367015505553,November,Thursday,Mid Age(41-60),False,False,False,False,False,False,False,True,False
T00122,C1053,1,0.8076923076923078,Groceries,0.75,0.4793877551020408,2023-04-17,Card,0.6940637320578307,April,Monday,Mid Age(41-60),False,False,False,False,False,False,False,True,False
T00123,C5315,2,0.3846153846153847,Groceries,1.0,0.37755102040816324,2023-12-30,Cash,0.6927319835009977,December,Saturday,Adult(26-40),False,False,False,False,False,True,False,False,False
T00124,C9201,0,0.826923076923077,Books,0.5,0.643061224489796,2023-04-02,Card,0.6928189700840356,April,Sunday,Senior(60+),True,False,False,False,False,False,False,False,False
T00125,C3927,1,0.15384615384615385,Furniture,0.25,0.18775510204081633,2023-01-20,Card,0.3403925536215504,January,Friday,Adult(26-40),False,False,False,False,True,False,False,False,False
T00126,C9317,0,0.8846153846153847,Furniture,0.0,0.8220408163265306,2023-08-03,Card,0.4787552083308485,August,Thursday,Senior(60+),False,False,True,False,False,False,False,False,False
T00127,C2743,1,0.019230769230769273,Groceries,0.0,0.28346938775510205,2023-12-19,Wallet,0.28750916979955926,December,Tuesday,Young Adult(18-25),True,False,False,False,False,False,False,False,False
T00128,C5889,2,0.7884615384615384,Fashion,0.75,0.18408163265306124,2023-05-15,Card,0.4723530383074855,May,Monday,Mid Age(41-60),False,False,False,False,False,False,False,False,False
T00129,C9317,0,0.5961538461538463,Electronics,0.5,0.3753061224489796,2023-11-11,UPI,0.5575416562571465,November,Saturday,Mid Age(41-60),False,False,False,True,False,False,False,False,False
T00130,C4258,0,0.34615384615384615,Fashion,1.0,0.17,2023-07-14,Cash,0.505913514303365,July,Friday,Adult(26-40),False,False,False,False,False,True,False,False,False
T00131,C3504,2,0.3076923076923077,Fashion,0.5,0.4710204081632653,2023-11-20,Wallet,0.6116832053055065,November,Monday,Adult(26-40),False,False,False,False,True,False,False,False,False
T00132,C7126,1,0.5000000000000001,Sports,0.75,0.5973469387755102,2023-10-26,UPI,0.7560236877290669,October,Thursday,Mid Age(41-60),False,False,False,False,False,True,False,False,False
T00133,C3646,2,0.48076923076923084,Fashion,0.5,0.1273469387755102,2023-05-01,Wallet,0.35153937997764156,May,Monday,Mid Age(41-60),False,False,False,False,False,False,False,False,False
T00134,C9837,0,0.46153846153846156,Books,0.25,0.5577551020408164,2023-11-23,Wallet,0.5512064378038026,November,Thursday,Mid Age(41-60),False,False,False,True,False,False,False,False,False
T00135,C9689,2,0.9038461538461539,Fashion,1.0,0.19775510204081634,2023-06-28,Wallet,0.5373369584766216,June,Wednesday,Senior(60+),False,False,False,False,False,False,False,True,False
T00136,C1009,0,0.03846153846153849,Books,1.0,0.6026530612244898,2023-09-05,Wallet,0.8284792402191286,September,Tuesday,Young Adult(18-25),False,False,False,False,False,False,False,False,True
T00137,C6310,2,0.7115384615384616,Sports,0.5,0.1416326530612245,2023-09-29,UPI,0.36833733860793927,September,Friday,Mid Age(41-60),False,False,False,False,False,True,False,False,False
T00138,C9005,1,0.8653846153846155,Sports,0.0,0.07244897959183674,2023-12-03,Card,0.1280855622064811,December,Sunday,Senior(60+),True,False,False,False,False,False,False,False,False
T00139,C1319,0,0.6923076923076924,Beauty,0.25,0.2524489795918367,2023-04-03,UPI,0.39005735169037303,April,Monday,Mid Age(41-60),False,True,False,False,False,False,False,False,False
T00140,C2832,0,1.0,Books,1.0,0.2975510204081633,2023-06-03,Cash,0.6313847900081401,June,Saturday,Senior(60+),False,False,False,False,False,False,False,True,False
T00141,C6947,1,0.23076923076923084,Sports,1.0,0.716530612244898,2023-04-29,Cash,0.8842371131105738,April,Saturday,Adult(26-40),False,False,False,False,False,False,False,False,False
T00142,C6038,2,0.40384615384615385,Books,0.0,0.886734693877551,2023-05-30,UPI,0.49506538701570735,May,Tuesday,Adult(26-40),False,False,False,False,False,False,False,False,False
T00143,C4923,1,0.8846153846153847,Sports,0.5,0.559795918367347,2023-12-09,UPI,0.6556586242105459,December,Saturday,Senior(60+),False,False,False,False,True,False,False,False,False
T00144,C1949,2,0.8653846153846155,Beauty,0.0,0.3030612244897959,2023-09-06,Card,0.297606438279621,September,Wednesday,Senior(60+),False,True,False,False,False,False,False,False,False
T00145,C4946,1,0.2692307692307693,Sports,0.75,0.7108163265306122,2023-09-08,Cash,0.8082510863028107,September,Friday,Adult(26-40),False,False,False,False,True,False,False,False,False
T00146,C2290,1,0.826923076923077,Beauty,0.0,0.2510204081632653,2023-11-19,Cash,0.2697372738808262,November,Sunday,Senior(60+),False,False,False,False,False,False,False,False,False
T00147,C2403,0,0.6538461538461539,Books,0.25,0.5040816326530613,2023-07-20,Wallet,0.5281727672792615,July,Thursday,Mid Age(41-60),False,False,False,True,False,False,False,False,False
T00148,C8962,0,0.7692307692307693,Books,1.0,0.4797959183673469,2023-11-03,Card,0.7596733886332546,November,Friday,Mid Age(41-60),False,False,False,False,False,False,True,False,False
T00149,C2133,2,0.9615384615384616,Electronics,0.5,0.5822448979591837,2023-07-02,Card,0.6660254165725097,July,Sunday,Senior(60+),True,False,False,False,False,False,False,False,False
T00150,C9727,1,0.576923076923077,Furniture,0.75,0.1736734693877551,2023-10-06,Wallet,0.46115548697608383,October,Friday,Mid Age(41-60),False,False,False,False,True,False,False,False,False
T00151,C3060,2,0.8076923076923078,Furniture,0.25,0.4530612244897959,2023-09-04,Card,0.5046989838743907,September,Monday,Mid Age(41-60),False,False,False,False,False,True,False,False,False
T00152,C3103,1,0.42307692307692313,Electronics,1.0,0.8344897959183674,2023-06-01,Card,0.935972742586887,June,Thursday,Adult(26-40),False,False,False,False,False,True,False,False,False
T00153,C8787,1,0.6153846153846154,Electronics,1.0,0.616938775510204,2023-02-19,Wallet,0.8358449466265654,February,Sunday,Mid Age(41-60),False,False,False,False,False,False,False,False,False
T00154,C3705,0,0.3653846153846154,Books,0.5,0.4436734693877551,2023-04-23,Card,0.5970262062044197,April,Sunday,Adult(26-40),False,True,False,False,False,False,False,False,False
T00155,C5342,1,0.1923076923076924,Fashion,0.5,0.12755102040816327,2023-02-27,Wallet,0.3517871576086618,February,Monday,Adult(26-40),False,False,False,False,False,False,True,False,False
T00156,C9645,0,0.8076923076923078,Electronics,0.5,0.0034693877551020408,2023-05-28,Wallet,0.10020693110995321,May,Sunday,Mid Age(41-60),False,False,False,False,True,False,False,False,False
T00157,C7932,0,0.6730769230769232,Furniture,0.75,0.24836734693877552,2023-08-03,Card,0.533924025625085,August,Thursday,Mid Age(41-60),True,False,False,False,False,False,False,False,False
T00158,C4470,1,0.21153846153846156,Groceries,0.5,0.2448979591836735,2023-08-17,Card,0.46647577396123324,August,Thursday,Adult(26-40),False,False,True,False,False,False,False,False,False
T00159,C9835,1,0.34615384615384615,Groceries,0.25,0.5353061224489796,2023-06-16,UPI,0.5417620658400222,June,Friday,Adult(26-40),False,False,False,False,True,False,False,False,False
T00160,C4295,2,0.11538461538461542,Beauty,0.5,0.24693877551020407,2023-05-07,Cash,0.46811961557514614,May,Sunday,Young Adult(18-25),True,False,False,False,False,False,False,False,False
T00161,C6107,2,0.576923076923077,Groceries,0.5,0.6528571428571429,2023-12-06,Card,0.6969725603398939,December,Wednesday,Mid Age(41-60),False,False,False,False,False,False,False,False,False
T00162,C7537,2,0.15384615384615385,Fashion,0.25,0.746734693877551,2023-08-06,UPI,0.62204611784781,August,Sunday,Adult(26-40),False,True,False,False,False,False,False,False,False
T00163,C7118,0,0.9038461538461539,Books,0.75,0.799795918367347,2023-03-01,Card,0.8453729485831663,March,Wednesday,Senior(60+),False,True,False,False,False,False,False,False,False
T00164,C8177,0,0.3076923076923077,Furniture,1.0,0.11244897959183675,2023-04-01,Wallet,0.42877958832208757,April,Saturday,Adult(26-40),False,False,False,False,True,False,False,False,False
T00165,C9479,0,0.8846153846153847,Sports,0.5,0.18918367346938778,2023-08-26,Cash,0.41772691884030333,August,Saturday,Senior(60+),False,False,False,False,False,True,False,False,False
T00166,C8397,0,0.980769230769231,Sports,0.0,0.9659183673469388,2023-06-13,Card,0.5139596303125414,June,Tuesday,Senior(60+),False,False,False,False,False,False,False,False,False
T00167,C2982,0,0.6730769230769232,Books,0.25,0.7144897959183674,2023-12-05,Card,0.6108960030178123,December,Tuesday,Mid Age(41-60),False,False,False,False,False,False,False,True,False
T00168,C5061,0,0.9230769230769232,Groceries,0.0,0.46551020408163263,2023-02-28,Wallet,0.36825984462973893,February,Tuesday,Senior(60+),False,False,False,False,True,False,False,False,False
T00169,C4681,1,0.21153846153846156,Fashion,1.0,0.2418367346938776,2023-06-27,Card,0.5819478130169407,June,Tuesday,Adult(26-40),False,False,False,False,False,False,False,False,True
T00170,C2049,2,0.826923076923077,Beauty,0.75,0.1510204081632653,2023-12-23,UPI,0.43525123009380035,December,Saturday,Senior(60+),True,False,False,False,False,False,False,False,False
T00171,C6539,2,0.40384615384615385,Groceries,0.0,0.54,2023-07-23,UPI,0.3951563791728846,July,Sunday,Adult(26-40),False,False,False,False,False,False,False,True,False
T00172,C1344,2,0.7884615384615384,Electronics,0.0,0.21306122448979592,2023-12-27,Cash,0.24695601996024075,December,Wednesday,Mid Age(41-60),False,False,False,False,False,False,True,False,False
T00173,C4770,1,0.0961538461538462,Beauty,0.25,0.30387755102040814,2023-03-07,Cash,0.4239405920193806,March,Tuesday,Young Adult(18-25),False,False,False,False,False,True,False,False,False
T00174,C4608,2,0.2692307692307693,Books,0.75,0.6436734693877552,2023-09-05,UPI,0.7780944834003206,September,Tuesday,Adult(26-40),False,False,False,False,False,False,True,False,False
T00175,C1117,0,0.42307692307692313,Electronics,1.0,0.5893877551020408,2023-09-08,Cash,0.8215334245118293,September,Friday,Adult(26-40),False,False,False,True,False,False,False,False,False
T00176,C2163,1,0.2692307692307693,Fashion,0.75,0.5336734693877551,2023-11-04,Wallet,0.7237190514736753,November,Saturday,Adult(26-40),False,False,False,False,False,True,False,False,False
T00177,C1964,1,0.9038461538461539,Fashion,0.75,0.8261224489795919,2023-07-30,Card,0.8558142968713662,July,Sunday,Senior(60+),False,False,True,False,False,False,False,False,False
T00178,C4750,2,0.3653846153846154,Books,1.0,0.7085714285714286,2023-12-18,Wallet,0.8805437733270652,December,Monday,Adult(26-40),False,False,False,False,True,False,False,False,False
T00179,C2104,0,0.5000000000000001,Beauty,0.0,0.8044897959183673,2023-05-01,UPI,0.4741804064224035,May,Monday,Mid Age(41-60),False,False,False,False,False,False,False,False,True
T00180,C1514,2,0.9615384615384616,Fashion,0.0,0.6920408163265306,2023-01-15,Cash,0.4431305786431226,January,Sunday,Senior(60+),False,False,False,True,False,False,False,False,False
T00181,C6413,1,0.40384615384615385,Beauty,1.0,0.5573469387755102,2023-05-29,Wallet,0.8043106472016985,May,Monday,Adult(26-40),False,False,False,False,True,False,False,False,False
T00182,C2160,2,0.4423076923076924,Fashion,0.0,0.23102040816326533,2023-05-18,Card,0.25803280197330825,May,Thursday,Mid Age(41-60),False,False,False,False,False,False,False,False,False
T00183,C9423,1,0.3076923076923077,Groceries,0.75,0.4110204081632653,2023-09-17,Cash,0.6533277074986888,September,Sunday,Adult(26-40),False,False,False,False,True,False,False,False,False
T00184,C4899,1,0.7115384615384616,Fashion,0.0,0.6406122448979592,2023-04-21,UPI,0.42778070501896687,April,Friday,Mid Age(41-60),True,False,False,False,False,False,False,False,False
T00185,C5562,1,0.34615384615384615,Fashion,0.5,0.6997959183673469,2023-07-29,UPI,0.7163106019598332,July,Saturday,Adult(26-40),False,False,False,False,False,False,True,False,False
T00186,C8953,0,0.5576923076923077,Fashion,0.75,0.9183673469387755,2023-02-01,Cash,0.890703897661532,February,Wednesday,Mid Age(41-60),False,True,False,False,False,False,False,False,False
T00187,C4510,0,0.13461538461538464,Electronics,1.0,0.8310204081632653,2023-10-15,Wallet,0.9345246342853216,October,Sunday,Young Adult(18-25),False,False,False,False,False,True,False,False,False
T00188,C9834,2,0.576923076923077,Furniture,0.5,0.9006122448979592,2023-06-15,UPI,0.790323060210498,June,Thursday,Mid Age(41-60),False,False,False,False,False,False,False,False,True
T00189,C3167,2,0.05769230769230771,Beauty,0.75,0.8922448979591837,2023-05-14,Cash,0.8810758227619009,May,Sunday,Young Adult(18-25),False,False,False,False,False,True,False,False,False
T00190,C8744,2,0.7692307692307693,Books,0.25,0.823469387755102,2023-12-12,Wallet,0.6473245444822101,December,Tuesday,Mid Age(41-60),False,False,True,False,False,False,False,False,False
T00191,C4981,0,0.7115384615384616,Books,0.0,0.8902040816326531,2023-06-12,Wallet,0.49591683155115135,June,Monday,Mid Age(41-60),False,False,True,False,False,False,False,False,False
T00192,C8749,2,0.7115384615384616,Electronics,0.0,0.8963265306122449,2023-07-30,Card,0.4974138785551602,July,Sunday,Mid Age(41-60),False,False,False,False,True,False,False,False,False
T00193,C7669,0,0.7500000000000001,Electronics,0.75,0.3846938775510204,2023-07-20,Wallet,0.6364378150045575,July,Thursday,Mid Age(41-60),False,False,True,False,False,False,False,False,False
T00194,C4119,1,0.07692307692307698,Electronics,0.5,0.6428571428571429,2023-08-15,UPI,0.6927319835009977,August,Tuesday,Young Adult(18-25),False,False,False,False,False,False,False,True,False
T00195,C2545,1,0.576923076923077,Books,0.25,0.13959183673469389,2023-08-06,Card,0.29585005692407557,August,Sunday,Mid Age(41-60),True,False,False,False,False,False,False,False,False
T00196,C2588,0,0.23076923076923084,Furniture,0.75,0.9712244897959184,2023-07-24,Cash,0.9096283231595037,July,Monday,Adult(26-40),True,False,False,False,False,False,False,False,False
T00197,C8062,0,0.6153846153846154,Books,0.0,0.7051020408163265,2023-05-14,Cash,0.4469052174894219,May,Sunday,Mid Age(41-60),False,False,False,False,False,False,False,True,False
T00198,C6804,1,0.13461538461538464,Furniture,0.25,0.8808163265306123,2023-01-28,UPI,0.6651874419343878,January,Saturday,Young Adult(18-25),False,False,False,True,False,False,False,False,False
T00199,C7939,0,0.826923076923077,Electronics,0.0,0.9659183673469388,2023-05-18,Card,0.5139596303125414,May,Thursday,Senior(60+),False,False,True,False,False,False,False,False,False
T00200,C7735,1,0.46153846153846156,Fashion,0.5,0.36653061224489797,2023-09-06,Wallet,0.5521367197089992,September,Wednesday,Mid Age(41-60),False,False,False,False,False,False,False,False,False
T00201,C8651,2,0.6346153846153847,Electronics,0.5,0.1457142857142857,2023-04-23,Wallet,0.37294604553653976,April,Sunday,Mid Age(41-60),False,False,False,True,False,False,False,False,False
T00202,C1887,1,0.3653846153846154,Electronics,0.25,0.3930612244897959,2023-06-23,Wallet,0.4747158268013486,June,Friday,Adult(26-40),False,False,True,False,False,False,False,False,False
T00203,C2612,1,0.5000000000000001,Books,0.0,0.6046938775510204,2023-11-22,Cash,0.4165589126781645,November,Wednesday,Mid Age(41-60),False,False,False,False,False,False,False,True,False
T00204,C1993,2,0.05769230769230771,Beauty,1.0,0.004693877551020409,2023-01-24,Cash,0.16333984781788996,January,Tuesday,Young Adult(18-25),False,False,False,False,False,False,True,False,False
T00205,C7596,0,0.17307692307692313,Sports,0.5,0.3397959183673469,2023-06-07,UPI,0.5351247050945891,June,Wednesday,Adult(26-40),False,False,False,False,False,False,False,False,True
T00206,C6559,2,0.15384615384615385,Sports,0.25,0.028571428571428574,2023-08-18,UPI,0.13411032424302066,August,Friday,Adult(26-40),False,False,False,False,False,False,False,False,False
T00207,C2790,1,0.23076923076923084,Electronics,0.25,0.6057142857142858,2023-07-29,UPI,0.5705574853458191,July,Saturday,Adult(26-40),False,False,False,False,True,False,False,False,False
T00208,C5073,1,0.40384615384615385,Furniture,0.75,0.933469387755102,2023-04-24,UPI,0.8961851387365123,April,Monday,Adult(26-40),False,False,False,False,False,False,True,False,False
T00209,C4139,1,0.5000000000000001,Electronics,0.5,0.7922448979591837,2023-10-21,Wallet,0.7519655942526249,October,Saturday,Mid Age(41-60),False,False,False,False,False,False,True,False,False
T00210,C4116,1,0.6923076923076924,Groceries,0.0,0.223265306122449,2023-03-27,UPI,0.2533196138489267,March,Monday,Mid Age(41-60),False,True,False,False,False,False,False,False,False
T00211,C9786,1,0.5576923076923077,Electronics,0.5,0.18408163265306124,2023-10-02,UPI,0.4128283556918323,October,Monday,Mid Age(41-60),False,False,False,False,False,False,False,True,False
T00212,C8350,2,0.17307692307692313,Electronics,0.75,0.09959183673469388,2023-04-16,Cash,0.36600258043140554,April,Sunday,Adult(26-40),False,False,False,False,False,True,False,False,False
T00213,C3296,1,0.3846153846153847,Groceries,1.0,0.5838775510204082,2023-11-17,Cash,0.8186172464405808,November,Friday,Adult(26-40),False,False,False,True,False,False,False,False,False
T00214,C7912,0,0.8653846153846155,Beauty,0.25,0.603265306122449,2023-02-26,Cash,0.569594881836329,February,Sunday,Senior(60+),False,False,False,False,False,False,True,False,False
T00215,C4006,2,0.21153846153846156,Electronics,0.0,0.23285714285714285,2023-11-11,Wallet,0.2591342042126128,November,Saturday,Adult(26-40),False,False,True,False,False,False,False,False,False
T00216,C5563,2,0.9423076923076924,Books,0.25,0.4926530612244898,2023-11-09,Card,0.5230579039421995,November,Thursday,Senior(60+),False,False,False,False,False,False,False,True,False
T00217,C8579,2,0.0961538461538462,Electronics,0.75,0.7695918367346939,2023-06-18,Wallet,0.8331016830329486,June,Sunday,Young Adult(18-25),False,False,False,True,False,False,False,False,False
T00218,C5092,1,0.5961538461538463,Books,0.0,0.24081632653061227,2023-03-08,Card,0.26384363803998695,March,Wednesday,Mid Age(41-60),False,False,False,False,False,False,False,False,False
T00219,C2235,1,0.40384615384615385,Electronics,0.5,0.9218367346938776,2023-11-06,Wallet,0.7974619191364405,November,Monday,Adult(26-40),False,False,True,False,False,False,False,False,False
T00220,C8260,2,0.7692307692307693,Sports,1.0,0.7038775510204082,2023-10-04,UPI,0.8783524484268143,October,Wednesday,Mid Age(41-60),False,False,False,False,False,False,False,False,False
T00221,C2604,1,0.21153846153846156,Fashion,1.0,0.40530612244897957,2023-01-11,Cash,0.7119895462131367,January,Wednesday,Adult(26-40),False,False,False,False,False,False,False,True,False
T00222,C1828,0,0.3846153846153847,Sports,0.75,0.3522448979591837,2023-01-11,Wallet,0.6145317433208117,January,Wednesday,Adult(26-40),False,False,False,False,False,True,False,False,False
T00223,C9856,0,0.7692307692307693,Fashion,0.25,0.3753061224489796,2023-07-14,Wallet,0.46526467734279137,July,Friday,Mid Age(41-60),False,False,False,False,True,False,False,False,False
T00224,C1241,1,0.05769230769230771,Fashion,1.0,0.09326530612244899,2023-02-16,Wallet,0.39787951730079435,February,Thursday,Young Adult(18-25),False,False,False,False,False,False,False,False,True
T00225,C2528,2,0.0,Beauty,0.25,0.23020408163265307,2023-12-27,Cash,0.37401002591651245,December,Wednesday,Young Adult(18-25),False,False,False,False,False,True,False,False,False
T00226,C4872,1,0.5384615384615385,Groceries,1.0,0.1959183673469388,2023-06-20,Cash,0.5353465843221937,June,Tuesday,Mid Age(41-60),False,False,False,False,False,False,False,True,False
T00227,C3724,1,0.326923076923077,Electronics,1.0,0.23918367346938776,2023-06-30,Cash,0.5794176124723174,June,Friday,Adult(26-40),False,False,False,False,False,False,True,False,False
T00228,C7658,1,0.25,Electronics,1.0,0.6310204081632653,2023-10-11,Cash,0.8429935776948279,October,Wednesday,Adult(26-40),False,True,False,False,False,False,False,False,False
T00229,C8956,2,0.9230769230769232,Fashion,0.25,0.04387755102040817,2023-02-02,Cash,0.16630101009789067,February,Thursday,Senior(60+),False,False,False,False,True,False,False,False,False
T00230,C8886,0,0.9423076923076924,Books,0.0,0.71,2023-12-02,Card,0.44830848899285825,December,Saturday,Senior(60+),False,False,False,False,False,False,False,True,False
T00231,C4502,1,0.1923076923076924,Beauty,1.0,0.6212244897959184,2023-01-26,UPI,0.8380321793726093,January,Thursday,Adult(26-40),False,False,True,False,False,False,False,False,False
T00232,C7570,2,0.6923076923076924,Groceries,0.25,0.09040816326530612,2023-09-23,Wallet,0.2393265676840277,September,Saturday,Mid Age(41-60),False,True,False,False,False,False,False,False,False
T00233,C1960,2,0.9230769230769232,Sports,0.0,0.17714285714285716,2023-04-18,Wallet,0.22288083345531134,April,Tuesday,Senior(60+),False,False,True,False,False,False,False,False,False
T00234,C3697,0,0.1923076923076924,Groceries,0.25,0.9722448979591837,2023-07-05,Cash,0.6920935108161489,July,Wednesday,Adult(26-40),False,False,False,True,False,False,False,False,False
T00235,C7209,2,0.5961538461538463,Groceries,0.5,0.12326530612244899,2023-10-02,UPI,0.34653293823190146,October,Monday,Mid Age(41-60),False,False,False,False,True,False,False,False,False
T00236,C1035,2,0.9615384615384616,Fashion,1.0,0.7971428571428572,2023-04-12,Wallet,0.9201631693759693,April,Wednesday,Senior(60+),False,False,True,False,False,False,False,False,False
T00237,C7396,2,0.9230769230769232,Books,0.25,0.9928571428571429,2023-03-22,Wallet,0.6979184806993515,March,Wednesday,Senior(60+),False,False,True,False,False,False,False,False,False
T00238,C5345,0,0.9423076923076924,Sports,1.0,0.2642857142857143,2023-10-02,Cash,0.6026738628699184,October,Monday,Senior(60+),False,False,False,True,False,False,False,False,False
T00239,C8454,1,0.0961538461538462,Books,0.5,0.05040816326530612,2023-07-22,Wallet,0.23320911998303595,July,Saturday,Young Adult(18-25),False,False,False,False,True,False,False,False,False
T00240,C5673,0,0.15384615384615385,Beauty,0.25,0.24551020408163268,2023-04-28,Wallet,0.38515293449672244,April,Friday,Adult(26-40),False,False,False,False,False,False,False,False,True
T00241,C7930,1,0.7500000000000001,Sports,0.0,0.6106122448979592,2023-05-29,Cash,0.4184383597712982,May,Monday,Mid Age(41-60),False,False,False,True,False,False,False,False,False
T00242,C8973,2,0.5192307692307693,Fashion,1.0,0.23612244897959186,2023-03-24,Card,0.5764756402270055,March,Friday,Mid Age(41-60),False,False,False,True,False,False,False,False,False
T00243,C3536,2,0.7692307692307693,Sports,1.0,0.1320408163265306,2023-07-11,Card,0.45727341597766824,July,Tuesday,Mid Age(41-60),False,False,False,False,True,False,False,False,False
T00244,C4111,1,0.5192307692307693,Sports,0.5,0.40959183673469385,2023-06-19,Cash,0.5778908247901574,June,Monday,Mid Age(41-60),False,False,False,True,False,False,False,False,False
T00245,C5861,0,0.48076923076923084,Electronics,1.0,0.12877551020408165,2023-07-31,UPI,0.45270934298763066,July,Monday,Mid Age(41-60),False,False,False,False,False,False,True,False,False
T00246,C4566,0,0.5192307692307693,Electronics,0.75,0.020816326530612245,2023-04-21,Cash,0.19817997768947687,April,Friday,Mid Age(41-60),True,False,False,False,False,False,False,False,False
T00247,C1958,0,0.576923076923077,Books,0.0,0.9514285714285714,2023-10-11,UPI,0.5105833703061196,October,Wednesday,Mid Age(41-60),False,False,False,False,True,False,False,False,False
T00248,C9883,1,0.46153846153846156,Sports,0.75,0.6961224489795919,2023-05-08,Wallet,0.8018219602386778,May,Monday,Mid Age(41-60),False,False,False,False,True,False,False,False,False
T00249,C1998,2,0.0,Books,0.0,0.25020408163265306,2023-01-07,Cash,0.26927152303757557,January,Saturday,Young Adult(18-25),False,False,False,False,False,False,False,False,True
T00250,C6138,2,0.03846153846153849,Electronics,0.5,0.30489795918367346,2023-01-19,Wallet,0.5115379612519895,January,Thursday,Young Adult(18-25),False,False,True,False,False,False,False,False,False
T00251,C1936,2,0.6538461538461539,Sports,0.75,0.7853061224489796,2023-01-11,UPI,0.8395261136153831,January,Wednesday,Mid Age(41-60),False,False,False,False,False,False,True,False,False
T00252,C1821,1,0.23076923076923084,Fashion,0.75,0.23408163265306123,2023-09-27,UPI,0.521211916811703,September,Wednesday,Adult(26-40),False,False,False,False,False,True,False,False,False
T00253,C8811,2,0.8846153846153847,Beauty,0.5,0.8816326530612245,2023-02-22,UPI,0.7838414343861475,February,Wednesday,Senior(60+),False,False,False,False,False,False,False,False,False
T00254,C9238,2,0.4423076923076924,Fashion,0.0,0.5006122448979592,2023-09-14,UPI,0.3812681282821527,September,Thursday,Mid Age(41-60),False,False,False,False,False,False,False,False,True
T00255,C9701,0,0.0,Groceries,1.0,0.7859183673469388,2023-07-23,Card,0.9153134058168821,July,Sunday,Young Adult(18-25),False,False,True,False,False,False,False,False,False
T00256,C3579,2,0.3846153846153847,Fashion,0.75,0.6879591836734694,2023-09-06,UPI,0.7982104085054705,September,Wednesday,Adult(26-40),True,False,False,False,False,False,False,False,False
T00257,C1931,0,0.9230769230769232,Books,0.75,0.5638775510204082,2023-01-22,Wallet,0.7393489532520854,January,Sunday,Senior(60+),True,False,False,False,False,False,False,False,False
T00258,C9320,1,0.6346153846153847,Sports,0.5,0.7422448979591837,2023-03-22,Cash,0.7330557323851496,March,Wednesday,Mid Age(41-60),False,False,False,False,True,False,False,False,False
T00259,C2312,0,0.23076923076923084,Electronics,1.0,0.022040816326530613,2023-05-25,UPI,0.23307110177861112,May,Thursday,Adult(26-40),False,False,False,False,False,False,False,False,True
T00260,C4044,2,0.019230769230769273,Beauty,0.0,0.4793877551020408,2023-06-04,Wallet,0.3734785658287364,June,Sunday,Young Adult(18-25),False,False,False,False,True,False,False,False,False
T00261,C2122,2,0.826923076923077,Electronics,0.25,0.18591836734693878,2023-01-13,UPI,0.33883390999791585,January,Friday,Senior(60+),False,False,False,False,False,True,False,False,False
T00262,C2113,0,0.0,Fashion,0.0,0.26061224489795914,2023-04-28,Card,0.27513809529128175,April,Friday,Young Adult(18-25),True,False,False,False,False,False,False,False,False
T00263,C4853,2,0.7692307692307693,Sports,0.5,0.10020408163265307,2023-11-20,Card,0.31620690802875173,November,Monday,Mid Age(41-60),False,False,False,False,True,False,False,False,False
T00264,C7615,0,0.8846153846153847,Books,0.75,0.0536734693877551,2023-12-19,UPI,0.2834963101275195,December,Tuesday,Senior(60+),False,False,False,False,False,False,True,False,False
T00265,C2964,2,0.28846153846153855,Beauty,1.0,0.29,2023-05-07,Wallet,0.6250583885821639,May,Sunday,Adult(26-40),False,False,False,False,False,False,False,False,False
T00266,C5033,0,0.2692307692307693,Furniture,0.75,0.8412244897959184,2023-01-18,UPI,0.861702012516836,January,Wednesday,Adult(26-40),False,False,False,False,False,True,False,False,False
T00267,C1651,0,0.8461538461538461,Groceries,0.5,0.2679591836734694,2023-05-20,Card,0.48456267158326016,May,Saturday,Senior(60+),False,False,False,False,False,True,False,False,False
T00268,C2343,1,0.42307692307692313,Beauty,0.0,0.01816326530612245,2023-03-05,Wallet,0.04196624146047123,March,Sunday,Adult(26-40),False,False,False,False,True,False,False,False,False
T00269,C7868,0,0.3653846153846154,Sports,0.75,0.6626530612244897,2023-07-13,Cash,0.7868267755065407,July,Thursday,Adult(26-40),False,False,False,False,False,True,False,False,False
T00270,C9565,0,0.15384615384615385,Fashion,0.25,0.7081632653061225,2023-12-02,UPI,0.6086684627901917,December,Saturday,Adult(26-40),False,False,False,False,False,True,False,False,False
T00271,C6183,1,0.11538461538461542,Furniture,0.5,0.7593877551020408,2023-07-25,UPI,0.7396339825160968,July,Tuesday,Young Adult(18-25),False,False,False,False,False,False,False,False,True
T00272,C5272,2,0.46153846153846156,Beauty,0.0,0.9263265306122449,2023-03-09,Card,0.5046503078372874,March,Thursday,Mid Age(41-60),False,False,False,False,False,False,False,False,True
T00273,C4346,0,0.6153846153846154,Electronics,1.0,0.4312244897959184,2023-05-19,UPI,0.7291972203809494,May,Friday,Mid Age(41-60),False,False,False,False,False,True,False,False,False
T00274,C6147,1,0.7115384615384616,Fashion,0.0,0.9563265306122449,2023-02-13,UPI,0.5117285451915792,February,Monday,Mid Age(41-60),False,False,False,False,False,False,True,False,False
T00275,C4910,1,0.3653846153846154,Books,0.25,0.8389795918367347,2023-02-09,Cash,0.6522372826782591,February,Thursday,Adult(26-40),False,False,False,True,False,False,False,False,False
T00276,C5351,0,0.1923076923076924,Groceries,0.75,0.5116326530612245,2023-02-07,Cash,0.7119342092071349,February,Tuesday,Adult(26-40),False,False,False,False,False,False,True,False,False
T00277,C7484,2,0.07692307692307698,Furniture,0.0,0.38,2023-09-16,Wallet,0.3335675095584517,September,Saturday,Young Adult(18-25),False,False,False,False,True,False,False,False,False
T00278,C3144,1,1.0,Furniture,0.25,0.7081632653061225,2023-12-27,UPI,0.6086684627901917,December,Wednesday,Senior(60+),False,False,False,True,False,False,False,False,False
T00279,C5915,0,0.03846153846153849,Fashion,0.25,0.2620408163265306,2023-08-01,Wallet,0.39669579879341427,August,Tuesday,Young Adult(18-25),False,False,False,False,False,False,False,False,True
T00280,C8491,1,0.3653846153846154,Sports,0.25,0.4542857142857143,2023-01-11,Card,0.5052825265003097,January,Wednesday,Adult(26-40),False,False,False,False,True,False,False,False,False
T00281,C6180,2,0.34615384615384615,Fashion,0.5,0.1536734693877551,2023-01-08,Wallet,0.3817107239312908,January,Sunday,Adult(26-40),False,True,False,False,False,False,False,False,False
T00282,C2188,0,0.5576923076923077,Furniture,0.5,0.8718367346938776,2023-10-05,Card,0.7804588025316622,October,Thursday,Mid Age(41-60),False,False,False,False,False,True,False,False,False
T00283,C1152,0,0.8846153846153847,Electronics,0.0,0.6310204081632653,2023-11-06,UPI,0.42482644382045404,November,Monday,Senior(60+),False,False,False,False,False,False,False,False,False
T00284,C8508,2,0.6346153846153847,Books,0.0,0.20918367346938777,2023-03-19,Wallet,0.24448702777360787,March,Sunday,Mid Age(41-60),False,False,False,False,False,False,False,False,False
T00285,C2638,2,0.730769230769231,Groceries,0.0,0.3540816326530612,2023-02-18,UPI,0.3220383277612763,February,Saturday,Mid Age(41-60),False,False,False,False,False,False,False,False,True
T00286,C2200,1,0.6346153846153847,Electronics,0.75,0.6693877551020408,2023-10-29,UPI,0.7898846309422689,October,Sunday,Mid Age(41-60),False,False,False,False,False,False,False,True,False
T00287,C9808,0,0.40384615384615385,Furniture,0.75,0.09346938775510205,2023-07-20,Wallet,0.35645030654910687,July,Thursday,Adult(26-40),False,False,False,False,False,False,False,True,False
T00288,C4492,1,0.5192307692307693,Electronics,0.0,0.3659183673469388,2023-04-10,UPI,0.327370451289145,April,Monday,Mid Age(41-60),False,True,False,False,False,False,False,False,False
T00289,C9288,0,0.826923076923077,Sports,1.0,0.6557142857142857,2023-11-07,Card,0.8552736063543487,November,Tuesday,Senior(60+),False,False,False,False,False,False,True,False,False
T00290,C5345,1,0.15384615384615385,Fashion,0.5,0.3069387755102041,2023-06-09,Card,0.5129646410233056,June,Friday,Adult(26-40),False,False,False,False,False,False,False,True,False
T00291,C3170,0,0.40384615384615385,Furniture,0.5,0.9348979591836735,2023-06-15,UPI,0.8017994773850793,June,Thursday,Adult(26-40),False,False,False,False,True,False,False,False,False
T00292,C6718,2,0.5961538461538463,Books,0.25,0.1289795918367347,2023-08-06,Cash,0.28480550914699587,August,Sunday,Mid Age(41-60),True,False,False,False,False,False,False,False,False
T00293,C2127,1,0.42307692307692313,Groceries,0.0,0.7830612244897959,2023-09-20,Cash,0.4685019186988482,September,Wednesday,Adult(26-40),False,True,False,False,False,False,False,False,False
T00294,C5002,0,0.9230769230769232,Beauty,0.75,0.7979591836734694,2023-01-12,Card,0.8446358082689043,January,Thursday,Senior(60+),False,False,False,False,False,False,False,True,False
T00295,C7054,0,0.23076923076923084,Groceries,0.25,0.523469387755102,2023-06-04,UPI,0.5366748033406622,June,Sunday,Adult(26-40),False,True,False,False,False,False,False,False,False
T00296,C5669,1,0.1923076923076924,Sports,0.5,0.6771428571428572,2023-05-21,UPI,0.7070912850006856,May,Sunday,Adult(26-40),False,False,False,True,False,False,False,False,False
T00297,C3584,2,0.980769230769231,Beauty,0.0,0.6359183673469387,2023-08-23,Card,0.42633876453300207,August,Wednesday,Senior(60+),False,False,False,True,False,False,False,False,False
T00298,C8179,2,0.48076923076923084,Electronics,0.5,0.2755102040816326,2023-04-14,Wallet,0.4902650344949896,April,Friday,Mid Age(41-60),False,False,False,False,False,True,False,False,False
T00299,C9900,1,0.019230769230769273,Electronics,1.0,0.09122448979591838,2023-02-21,Cash,0.3943834428176035,February,Tuesday,Young Adult(18-25),False,False,False,False,False,False,False,True,False
T00300,C5956,1,0.2692307692307693,Groceries,0.25,0.6210204081632653,2023-05-16,Card,0.5765150271435151,May,Tuesday,Adult(26-40),False,True,False,False,False,False,False,False,False
T00301,C9666,0,0.2692307692307693,Furniture,0.0,0.7091836734693877,2023-12-02,Cash,0.44807506704415373,December,Saturday,Adult(26-40),False,False,False,False,True,False,False,False,False
T00302,C1128,0,0.8846153846153847,Electronics,1.0,0.32551020408163267,2023-10-23,Cash,0.6539357312295399,October,Monday,Senior(60+),False,False,False,False,True,False,False,False,False
T00303,C5905,2,0.15384615384615385,Furniture,1.0,0.45122448979591834,2023-08-30,Wallet,0.7420104260235912,August,Wednesday,Adult(26-40),False,False,False,False,True,False,False,False,False
T00304,C2697,2,0.25,Groceries,0.75,0.18122448979591838,2023-07-12,UPI,0.46931954635349393,July,Wednesday,Adult(26-40),False,False,False,False,False,False,True,False,False
T00305,C3200,2,0.8846153846153847,Furniture,0.0,0.17448979591836736,2023-05-30,Card,0.2209850905140151,May,Tuesday,Senior(60+),False,False,False,False,False,False,True,False,False
T00306,C5333,1,0.019230769230769273,Sports,0.75,0.13,2023-08-08,UPI,0.40898136949661323,August,Tuesday,Young Adult(18-25),True,False,False,False,False,False,False,False,False
T00307,C2891,1,0.7115384615384616,Beauty,1.0,0.606326530612245,2023-02-17,UPI,0.8303844367475745,February,Friday,Mid Age(41-60),False,False,True,False,False,False,False,False,False
T00308,C2753,1,0.6153846153846154,Groceries,0.0,0.5608163265306122,2023-04-24,Wallet,0.40222280411629774,April,Monday,Mid Age(41-60),False,False,False,False,False,False,False,True,False
T00309,C3546,2,0.1923076923076924,Beauty,0.0,0.04673469387755102,2023-07-28,Card,0.09358969614253071,July,Friday,Adult(26-40),False,False,False,False,False,False,False,False,False
T00310,C5462,2,0.13461538461538464,Books,0.0,0.4004081632653061,2023-10-15,Wallet,0.3422845957359357,October,Sunday,Young Adult(18-25),False,False,False,False,False,True,False,False,False
T00311,C5616,2,0.4423076923076924,Furniture,0.0,0.4716326530612245,2023-05-23,Cash,0.37057486344526397,May,Tuesday,Mid Age(41-60),True,False,False,False,False,False,False,False,False
T00312,C4450,2,0.8653846153846155,Fashion,0.75,0.2720408163265306,2023-09-05,UPI,0.5539897820661318,September,Tuesday,Senior(60+),True,False,False,False,False,False,False,False,False
T00313,C6617,1,0.7884615384615384,Sports,0.5,0.9053061224489796,2023-05-26,Cash,0.7919116510234931,May,Friday,Mid Age(41-60),False,True,False,False,False,False,False,False,False
T00314,C4335,0,0.9615384615384616,Furniture,0.0,0.1779591836734694,2023-12-26,UPI,0.22346056787695778,December,Tuesday,Senior(60+),False,False,False,False,False,True,False,False,False
T00315,C5325,1,0.03846153846153849,Groceries,0.25,0.10918367346938776,2023-10-01,Card,0.26264573168354644,October,Sunday,Young Adult(18-25),False,False,False,False,False,False,True,False,False
T00316,C9280,0,0.46153846153846156,Books,0.0,0.3540816326530612,2023-09-17,Wallet,0.3220383277612763,September,Sunday,Mid Age(41-60),False,False,False,True,False,False,False,False,False
T00317,C9004,0,0.7692307692307693,Furniture,0.75,0.9981632653061225,2023-05-06,Cash,0.919003482224602,May,Saturday,Mid Age(41-60),False,False,False,True,False,False,False,False,False
T00318,C5114,1,0.3076923076923077,Fashion,0.0,0.01816326530612245,2023-07-15,Card,0.04196624146047123,July,Saturday,Adult(26-40),False,True,False,False,False,False,False,False,False
T00319,C1832,1,0.9423076923076924,Books,0.5,0.516734693877551,2023-01-09,Card,0.6349625450375733,January,Monday,Senior(60+),False,True,False,False,False,False,False,False,False
T00320,C2512,1,0.6538461538461539,Electronics,1.0,0.3136734693877551,2023-09-12,UPI,0.6445497838463368,September,Tuesday,Mid Age(41-60),False,False,True,False,False,False,False,False,False
T00321,C7939,2,0.7500000000000001,Books,0.75,0.9222448979591837,2023-07-21,Cash,0.892117077616247,July,Friday,Mid Age(41-60),False,False,False,False,False,False,True,False,False
T00322,C5533,1,0.05769230769230771,Books,0.0,0.33714285714285713,2023-07-10,Wallet,0.3141995456659246,July,Monday,Young Adult(18-25),False,False,False,False,False,False,False,False,True
T00323,C1722,2,0.730769230769231,Furniture,0.0,0.05408163265306123,2023-10-07,Card,0.10426895762178445,October,Saturday,Mid Age(41-60),False,False,False,False,False,False,True,False,False
T00324,C1058,0,0.05769230769230771,Beauty,0.0,0.4016326530612245,2024-01-01,Card,0.3427981630234288,January,Monday,Young Adult(18-25),False,False,False,True,False,False,False,False,False
T00325,C6464,1,0.8076923076923078,Groceries,1.0,0.45,2023-02-25,Card,0.7412369534496508,February,Saturday,Mid Age(41-60),False,False,True,False,False,False,False,False,False
T00326,C3143,2,0.11538461538461542,Fashion,0.0,0.14204081632653062,2023-08-20,Card,0.19619432952799765,August,Sunday,Young Adult(18-25),False,False,False,False,False,True,False,False,False
T00327,C5291,2,0.7884615384615384,Electronics,0.5,0.9530612244897959,2023-04-25,Wallet,0.8077631679982162,April,Tuesday,Mid Age(41-60),False,False,False,False,False,False,False,False,False
T00328,C3647,2,0.019230769230769273,Beauty,0.75,0.9440816326530612,2023-10-23,Card,0.9000007132990409,October,Monday,Young Adult(18-25),True,False,False,False,False,False,False,False,False
T00329,C8239,1,0.05769230769230771,Furniture,0.75,0.07489795918367348,2023-01-13,Card,0.3250862887102418,January,Friday,Young Adult(18-25),False,False,False,False,False,False,False,False,False
T00330,C8007,0,0.8461538461538461,Beauty,0.0,0.9424489795918367,2023-07-23,Cash,0.5084733859488783,July,Sunday,Senior(60+),False,False,False,False,False,False,True,False,False
T00331,C1158,1,0.13461538461538464,Electronics,1.0,0.8087755102040817,2023-04-29,UPI,0.9251405283268838,April,Saturday,Young Adult(18-25),False,False,True,False,False,False,False,False,False
T00332,C2832,2,0.5000000000000001,Furniture,0.75,0.0763265306122449,2023-08-17,Card,0.32764313477324913,August,Thursday,Mid Age(41-60),False,False,False,False,False,False,True,False,False
T00333,C2232,0,0.5384615384615385,Furniture,0.25,0.08020408163265305,2023-07-09,Cash,0.22547664112503668,July,Sunday,Mid Age(41-60),False,True,False,False,False,False,False,False,False
T00334,C3442,0,0.46153846153846156,Sports,1.0,0.5259183673469388,2023-09-02,Wallet,0.7867570348973741,September,Saturday,Mid Age(41-60),False,False,False,False,False,False,False,True,False
T00335,C9938,0,0.13461538461538464,Beauty,1.0,0.15571428571428572,2023-10-16,Wallet,0.4884780575046841,October,Monday,Young Adult(18-25),False,False,False,False,False,False,True,False,False
T00336,C1590,0,0.6730769230769232,Beauty,0.0,0.5159183673469387,2023-02-25,Wallet,0.38674932145989727,February,Saturday,Mid Age(41-60),False,False,False,False,False,False,False,False,True
T00337,C7049,2,0.3076923076923077,Electronics,0.75,0.014081632653061227,2023-11-26,Card,0.17508627932937337,November,Sunday,Adult(26-40),False,False,True,False,False,False,False,False,False
T00338,C3426,2,0.576923076923077,Electronics,0.75,0.5961224489795919,2023-06-09,Wallet,0.7554248879071093,June,Friday,Mid Age(41-60),False,False,False,False,False,False,False,True,False
T00339,C8041,0,0.8461538461538461,Fashion,0.75,0.4720408163265306,2023-06-20,Card,0.6898800988548428,June,Tuesday,Senior(60+),False,False,False,False,False,True,False,False,False
T00340,C3088,0,0.17307692307692313,Furniture,0.75,0.6655102040816326,2023-03-15,Wallet,0.7881266041457875,March,Wednesday,Adult(26-40),False,False,False,False,False,True,False,False,False
T00341,C1685,0,0.25,Furniture,1.0,0.8361224489795919,2023-11-19,Wallet,0.9366527872771215,November,Sunday,Adult(26-40),False,False,False,False,False,False,False,False,True
T00342,C6050,0,0.8461538461538461,Beauty,1.0,0.3257142857142857,2023-02-12,UPI,0.6540955794417264,February,Sunday,Senior(60+),False,False,False,False,False,False,False,False,True
T00343,C6974,2,0.826923076923077,Sports,0.0,0.5257142857142857,2023-02-18,UPI,0.3902002760024383,February,Saturday,Senior(60+),False,False,True,False,False,False,False,False,False
T00344,C1653,0,0.7692307692307693,Electronics,0.5,0.6530612244897959,2023-10-15,UPI,0.6970586439175906,October,Sunday,Mid Age(41-60),False,False,False,True,False,False,False,False,False
T00345,C6862,0,0.0,Beauty,0.0,0.5948979591836735,2023-03-28,Wallet,0.4134206513643032,March,Tuesday,Young Adult(18-25),False,False,False,False,False,False,True,False,False
T00346,C4441,1,0.3653846153846154,Fashion,0.75,0.21653061224489797,2023-04-17,UPI,0.5048936148978498,April,Monday,Adult(26-40),False,False,False,False,False,False,False,True,False
T00347,C5088,2,0.5000000000000001,Electronics,1.0,0.1626530612244898,2023-09-08,UPI,0.49706519267609783,September,Friday,Mid Age(41-60),False,False,False,False,False,False,False,False,True
T00348,C2684,0,0.8076923076923078,Groceries,0.5,0.5538775510204081,2023-10-31,Card,0.6528790800388243,October,Tuesday,Mid Age(41-60),False,False,False,False,False,False,False,True,False
T00349,C6794,0,0.11538461538461542,Fashion,1.0,0.6808163265306123,2023-05-08,UPI,0.8674400560134085,May,Monday,Young Adult(18-25),False,True,False,False,False,False,False,False,False
T00350,C7658,1,0.8076923076923078,Groceries,0.25,0.8418367346938775,2023-02-12,UPI,0.6531355020672868,February,Sunday,Mid Age(41-60),False,False,False,False,True,False,False,False,False
T00351,C3532,0,0.6346153846153847,Fashion,0.0,0.16877551020408166,2023-03-14,Cash,0.21684003074116914,March,Tuesday,Mid Age(41-60),False,False,False,False,False,False,False,True,False
T00352,C4878,0,0.326923076923077,Sports,0.0,0.8393877551020408,2023-07-26,Card,0.4832119637861899,July,Wednesday,Adult(26-40),False,False,False,False,False,True,False,False,False
T00353,C3662,0,0.7500000000000001,Books,0.0,0.2510204081632653,2023-11-12,UPI,0.2697372738808262,November,Sunday,Mid Age(41-60),False,False,False,False,True,False,False,False,False
T00354,C3900,1,0.730769230769231,Furniture,1.0,0.03959183673469388,2023-08-31,Card,0.28545730514144496,August,Thursday,Mid Age(41-60),False,False,False,False,False,False,True,False,False
T00355,C7755,2,0.8461538461538461,Electronics,0.0,0.9816326530612245,2023-09-25,Card,0.5175823355152617,September,Monday,Senior(60+),True,False,False,False,False,False,False,False,False
T00356,C1406,1,0.15384615384615385,Fashion,1.0,0.6387755102040816,2023-10-18,Cash,0.8468845734027378,October,Wednesday,Adult(26-40),False,False,False,False,False,True,False,False,False
T00357,C3938,2,0.5000000000000001,Books,0.25,0.7973469387755102,2023-04-30,Wallet,0.638906144631051,April,Sunday,Mid Age(41-60),False,False,False,False,True,False,False,False,False
T00358,C6442,1,0.11538461538461542,Furniture,1.0,0.9802040816326532,2023-01-31,UPI,0.9934095868550261,January,Tuesday,Young Adult(18-25),False,False,False,True,False,False,False,False,False
T00359,C7745,1,0.6153846153846154,Beauty,0.25,0.06244897959183674,2023-09-10,Cash,0.1988372930226197,September,Sunday,Mid Age(41-60),True,False,False,False,False,False,False,False,False
T00360,C5065,0,0.8846153846153847,Furniture,1.0,0.4848979591836735,2023-05-10,Card,0.7627529299631802,May,Wednesday,Senior(60+),False,False,False,False,False,False,False,True,False
T00361,C5371,2,0.7500000000000001,Groceries,0.5,0.2693877551020408,2023-07-30,UPI,0.4856494164791206,July,Sunday,Mid Age(41-60),False,False,False,False,False,False,False,False,True
T00362,C3608,2,0.13461538461538464,Books,0.5,0.25326530612244896,2023-06-09,Card,0.4731605574107589,June,Friday,Young Adult(18-25),False,False,False,False,False,False,False,False,False
T00363,C2771,2,0.34615384615384615,Beauty,0.75,0.7740816326530612,2023-06-22,Wallet,0.8349462617693646,June,Thursday,Adult(26-40),False,False,False,False,False,False,True,False,False
T00364,C7267,2,0.13461538461538464,Books,0.75,0.1316326530612245,2023-03-19,UPI,0.411110303779978,March,Sunday,Young Adult(18-25),False,False,False,False,False,False,True,False,False
T00365,C1634,0,0.9615384615384616,Sports,1.0,0.15591836734693879,2023-01-19,Cash,0.488733957290757,January,Thursday,Senior(60+),False,False,False,False,True,False,False,False,False
T00366,C8711,0,0.11538461538461542,Sports,0.75,0.3871428571428571,2023-06-14,Wallet,0.6380407120352595,June,Wednesday,Young Adult(18-25),False,False,True,False,False,False,False,False,False
T00367,C4644,1,0.5961538461538463,Groceries,0.25,0.3604081632653061,2023-12-19,Wallet,0.45710349982804965,December,Tuesday,Mid Age(41-60),False,False,False,True,False,False,False,False,False
T00368,C4269,1,0.23076923076923084,Books,0.25,0.2353061224489796,2023-10-17,Wallet,0.37777578563333347,October,Tuesday,Adult(26-40),False,False,False,False,False,False,False,False,True
T00369,C8541,0,0.730769230769231,Books,0.25,0.26918367346938776,2023-11-03,Wallet,0.401537897046513,November,Friday,Mid Age(41-60),False,True,False,False,False,False,False,False,False
T00370,C6728,1,0.23076923076923084,Books,0.0,0.8385714285714286,2023-07-28,Cash,0.48300364706005455,July,Friday,Adult(26-40),False,False,False,False,False,False,False,False,True
T00371,C6000,0,0.9423076923076924,Beauty,0.0,0.8630612244897959,2023-01-03,Card,0.489194056901032,January,Tuesday,Senior(60+),True,False,False,False,False,False,False,False,False
T00372,C4728,2,0.3076923076923077,Furniture,0.25,0.8746938775510205,2023-05-18,Cash,0.6633188589827063,May,Thursday,Adult(26-40),True,False,False,False,False,False,False,False,False
T00373,C4652,1,0.6346153846153847,Groceries,0.5,0.5706122448979591,2023-12-20,Wallet,0.660687808137149,December,Wednesday,Mid Age(41-60),False,False,False,False,False,True,False,False,False
T00374,C1387,0,0.23076923076923084,Furniture,1.0,0.7479591836734694,2023-04-18,Cash,0.8985549939566735,April,Tuesday,Adult(26-40),False,False,True,False,False,False,False,False,False
T00375,C4164,2,0.42307692307692313,Beauty,0.75,0.21918367346938777,2023-10-15,UPI,0.507413244599256,October,Sunday,Adult(26-40),False,False,False,False,False,False,False,False,False
T00376,C7528,2,0.8653846153846155,Sports,1.0,0.566734693877551,2023-09-08,Wallet,0.8094243845173426,September,Friday,Senior(60+),False,False,False,False,False,False,True,False,False
T00377,C6378,2,0.5000000000000001,Furniture,0.5,0.4861224489795918,2023-10-07,Card,0.6195347649911518,October,Saturday,Mid Age(41-60),False,False,False,False,False,False,False,True,False
T00378,C5564,0,0.34615384615384615,Furniture,0.5,0.6022448979591837,2023-09-13,Cash,0.6750367778642654,September,Wednesday,Adult(26-40),False,False,False,False,True,False,False,False,False
T00379,C2137,0,0.1923076923076924,Sports,1.0,0.720204081632653,2023-06-10,UPI,0.8859323521294115,June,Saturday,Adult(26-40),False,False,False,False,False,False,False,False,True
T00380,C5573,0,0.03846153846153849,Groceries,1.0,0.06673469387755102,2023-11-30,Cash,0.3484636520896977,November,Thursday,Young Adult(18-25),False,True,False,False,False,False,False,False,False
T00381,C6753,2,0.6730769230769232,Fashion,0.25,0.6479591836734694,2023-05-01,UPI,0.5867638444305198,May,Monday,Mid Age(41-60),False,False,True,False,False,False,False,False,False
T00382,C9346,2,0.5961538461538463,Books,0.25,0.3995918367346939,2023-06-14,UPI,0.47812087865872954,June,Wednesday,Mid Age(41-60),False,False,False,False,False,False,False,False,True
T00383,C7548,2,0.25,Furniture,0.75,0.34897959183673466,2023-08-25,Cash,0.6122546665267482,August,Friday,Adult(26-40),False,False,False,False,True,False,False,False,False
T00384,C9785,0,0.8461538461538461,Electronics,0.5,0.1253061224489796,2023-12-29,Wallet,0.3490483809652068,December,Friday,Senior(60+),False,False,False,False,False,False,False,False,True
T00385,C6425,0,0.576923076923077,Electronics,1.0,0.2546938775510204,2023-09-05,Wallet,0.5939629265404955,September,Tuesday,Mid Age(41-60),True,False,False,False,False,False,False,False,False
T00386,C1452,1,0.40384615384615385,Groceries,0.5,0.9477551020408164,2023-09-21,Card,0.8060290484637628,September,Thursday,Adult(26-40),True,False,False,False,False,False,False,False,False
T00387,C2889,2,0.28846153846153855,Furniture,0.5,0.8316326530612245,2023-10-12,Wallet,0.7662981481697979,October,Thursday,Adult(26-40),False,False,False,False,False,False,False,False,False
T00388,C5279,0,0.0,Furniture,0.5,0.1626530612244898,2023-02-11,Card,0.39126984140043164,February,Saturday,Young Adult(18-25),False,False,False,False,True,False,False,False,False
T00389,C3925,1,0.0,Fashion,0.0,0.02489795918367347,2023-02-23,Wallet,0.05606464128329702,February,Thursday,Young Adult(18-25),False,False,False,True,False,False,False,False,False
T00390,C5349,1,0.8076923076923078,Beauty,1.0,0.2383673469387755,2023-08-06,UPI,0.5786354626107421,August,Sunday,Mid Age(41-60),False,False,False,False,False,False,False,False,False
T00391,C1626,2,0.0961538461538462,Fashion,1.0,0.5173469387755102,2023-12-25,UPI,0.781847858847085,December,Monday,Young Adult(18-25),False,False,False,False,False,False,False,False,True
T00392,C2776,2,0.13461538461538464,Electronics,0.25,0.9146938775510204,2023-02-09,UPI,0.6753699947151803,February,Thursday,Young Adult(18-25),False,False,False,False,False,False,True,False,False
T00393,C8119,0,0.6923076923076924,Electronics,0.0,0.1457142857142857,2023-07-12,Card,0.19916510504371743,July,Wednesday,Mid Age(41-60),False,False,False,True,False,False,False,False,False
T00394,C6663,1,0.8076923076923078,Beauty,0.25,0.8340816326530612,2023-03-07,Wallet,0.6506926203656197,March,Tuesday,Mid Age(41-60),False,False,False,False,True,False,False,False,False
T00395,C6139,2,0.5961538461538463,Electronics,1.0,0.15714285714285717,2023-01-07,Card,0.4902650344949896,January,Saturday,Mid Age(41-60),False,False,False,False,False,False,True,False,False
T00396,C8149,2,0.17307692307692313,Books,1.0,0.7602040816326531,2023-03-24,UPI,0.904022811220399,March,Friday,Adult(26-40),False,False,False,False,True,False,False,False,False
T00397,C9379,1,0.0961538461538462,Electronics,0.0,0.5242857142857142,2023-09-24,Cash,0.3896997145231629,September,Sunday,Young Adult(18-25),False,False,False,True,False,False,False,False,False
T00398,C2894,2,0.9423076923076924,Furniture,0.75,0.2836734693877551,2023-03-04,Cash,0.5634363546382171,March,Saturday,Senior(60+),False,False,False,True,False,False,False,False,False
T00399,C7311,1,0.6153846153846154,Beauty,0.5,0.49408163265306126,2023-03-27,UPI,0.6236072064254956,March,Monday,Mid Age(41-60),False,False,True,False,False,False,False,False,False
T00400,C4114,1,0.07692307692307698,Electronics,0.25,0.26979591836734695,2023-04-12,Cash,0.40194904282340893,April,Wednesday,Young Adult(18-25),False,True,False,False,False,False,False,False,False
T00401,C5173,2,0.8846153846153847,Fashion,0.25,0.11387755102040817,2023-08-13,Cash,0.2681028461415201,August,Sunday,Senior(60+),False,False,False,False,False,False,False,False,True
T00402,C1727,1,0.8846153846153847,Furniture,0.25,0.46816326530612246,2023-02-28,Cash,0.5118237955086268,February,Tuesday,Senior(60+),False,False,False,False,False,True,False,False,False
T00403,C8144,1,0.11538461538461542,Sports,0.0,0.9636734693877551,2023-01-20,Wallet,0.5134388223056277,January,Friday,Young Adult(18-25),False,False,False,False,False,False,True,False,False
T00404,C1027,0,0.3076923076923077,Beauty,0.5,0.6073469387755102,2023-08-06,Card,0.6773031981918375,August,Sunday,Adult(26-40),False,False,True,False,False,False,False,False,False
T00405,C9518,1,0.7884615384615384,Groceries,0.25,0.5906122448979592,2023-09-11,Card,0.5645789838909595,September,Monday,Mid Age(41-60),False,False,True,False,False,False,False,False,False
T00406,C9821,2,0.2692307692307693,Fashion,0.75,0.1489795918367347,2023-03-29,Card,0.43280269988901154,March,Wednesday,Adult(26-40),False,False,False,False,False,False,False,False,True
T00407,C4228,1,0.5576923076923077,Groceries,0.75,0.11877551020408164,2023-11-17,Card,0.3938904450053873,November,Friday,Mid Age(41-60),False,False,False,False,False,False,False,False,True
T00408,C6967,1,0.34615384615384615,Sports,1.0,0.2993877551020408,2023-09-26,Card,0.6329077700786658,September,Tuesday,Adult(26-40),False,False,False,False,False,True,False,False,False
T00409,C8066,2,0.3076923076923077,Sports,0.5,0.7702040816326531,2023-09-07,Cash,0.7437328048715848,September,Thursday,Adult(26-40),False,False,False,False,False,True,False,False,False
T00410,C2146,1,0.5576923076923077,Electronics,1.0,0.4312244897959184,2023-03-13,Wallet,0.7291972203809494,March,Monday,Mid Age(41-60),False,False,False,True,False,False,False,False,False
T00411,C6409,1,0.05769230769230771,Books,1.0,0.7910204081632654,2023-10-08,Cash,0.9175236428849596,October,Sunday,Young Adult(18-25),False,False,False,False,False,True,False,False,False
T00412,C6143,1,0.11538461538461542,Electronics,0.5,0.42795918367346936,2023-08-03,UPI,0.5883295338384429,August,Thursday,Young Adult(18-25),False,False,False,False,False,True,False,False,False
T00413,C3041,2,1.0,Beauty,1.0,0.7389795918367347,2023-07-24,Cash,0.894506511358114,July,Monday,Senior(60+),False,False,False,False,False,False,True,False,False
T00414,C5920,0,0.21153846153846156,Books,0.5,0.23469387755102042,2023-01-05,Cash,0.4581215721543429,January,Thursday,Adult(26-40),False,False,False,False,False,False,False,True,False
T00415,C9308,0,0.03846153846153849,Sports,0.75,0.20714285714285716,2023-06-01,Wallet,0.4958167791483329,June,Thursday,Young Adult(18-25),False,True,False,False,False,False,False,False,False
T00416,C6067,1,0.34615384615384615,Books,0.5,0.9508163265306122,2023-03-02,Wallet,0.8070303086199984,March,Thursday,Adult(26-40),True,False,False,False,False,False,False,False,False
T00417,C7691,2,0.4423076923076924,Furniture,0.25,0.8161224489795919,2023-08-11,Wallet,0.6449754566881658,August,Friday,Mid Age(41-60),False,False,False,False,False,True,False,False,False
T00418,C6344,2,0.980769230769231,Books,0.0,0.06612244897959182,2023-05-31,Wallet,0.1202859181334287,May,Wednesday,Senior(60+),False,False,False,False,False,False,True,False,False
T00419,C7592,2,0.826923076923077,Furniture,0.75,0.6075510204081632,2023-12-13,Wallet,0.760981776975711,December,Wednesday,Senior(60+),False,False,False,False,False,False,False,False,False
T00420,C5844,2,0.3846153846153847,Fashion,0.0,0.4791836734693877,2023-05-19,Card,0.3734025565317185,May,Friday,Adult(26-40),False,False,False,False,False,False,True,False,False
T00421,C3085,0,0.5192307692307693,Groceries,0.75,0.6702040816326531,2023-09-25,UPI,0.7902538630781939,September,Monday,Mid Age(41-60),True,False,False,False,False,False,False,False,False
T00422,C4143,2,0.9038461538461539,Beauty,0.25,0.6836734693877551,2023-06-15,Card,0.5999163179953961,June,Thursday,Senior(60+),False,False,False,False,False,False,False,False,False
T00423,C7888,0,0.13461538461538464,Furniture,0.0,0.21551020408163266,2023-11-11,Cash,0.2485006931001686,November,Saturday,Young Adult(18-25),False,False,False,False,False,False,False,True,False
T00424,C7211,1,0.11538461538461542,Furniture,0.25,0.736938775510204,2023-07-10,UPI,0.6186938848089844,July,Monday,Young Adult(18-25),False,False,False,True,False,False,False,False,False
T00425,C3851,1,0.9230769230769232,Sports,0.25,0.6130612244897959,2023-10-16,UPI,0.5734296317788226,October,Monday,Senior(60+),False,False,False,True,False,False,False,False,False
T00426,C5930,2,0.03846153846153849,Groceries,0.75,0.8567346938775511,2023-11-29,Card,0.8676744060233266,November,Wednesday,Young Adult(18-25),False,False,False,False,False,True,False,False,False
T00427,C7653,2,0.0,Sports,1.0,0.5242857142857142,2023-03-26,Wallet,0.7858261166395453,March,Sunday,Young Adult(18-25),True,False,False,False,False,False,False,False,False
T00428,C9977,0,0.15384615384615385,Groceries,0.25,0.6246938775510205,2023-03-14,UPI,0.5779300551419883,March,Tuesday,Adult(26-40),False,False,True,False,False,False,False,False,False
T00429,C1006,1,0.8076923076923078,Books,0.25,0.13938775510204082,2023-05-29,Wallet,0.2956425525593862,May,Monday,Mid Age(41-60),False,False,True,False,False,False,False,False,False
T00430,C5978,1,0.7884615384615384,Books,0.75,0.6906122448979591,2023-09-25,Cash,0.7993873322338916,September,Monday,Mid Age(41-60),False,False,False,False,False,False,False,True,False
T00431,C5700,2,0.1923076923076924,Sports,0.5,0.8457142857142858,2023-12-17,Card,0.7713099858866213,December,Sunday,Adult(26-40),False,False,False,True,False,False,False,False,False
T00432,C4443,2,0.40384615384615385,Sports,0.75,0.7524489795918368,2023-04-15,UPI,0.8259907361645006,April,Saturday,Adult(26-40),False,False,False,False,False,False,True,False,False
T00433,C8043,0,0.42307692307692313,Electronics,0.25,0.4393877551020408,2023-11-11,Wallet,0.49811011516480697,November,Saturday,Adult(26-40),True,False,False,False,False,False,False,False,False
T00434,C6279,2,0.5384615384615385,Books,0.75,0.07122448979591836,2024-01-01,Card,0.31838651979509414,January,Monday,Mid Age(41-60),False,True,False,False,False,False,False,False,False
T00435,C8618,0,0.7500000000000001,Electronics,0.25,0.0953061224489796,2023-07-10,Card,0.24566014340056674,July,Monday,Mid Age(41-60),False,False,False,False,False,False,False,True,False
T00436,C8238,1,0.326923076923077,Furniture,0.0,0.4091836734693877,2023-09-23,UPI,0.345942421457626,September,Saturday,Adult(26-40),False,False,False,False,False,True,False,False,False
T00437,C8244,2,0.8846153846153847,Electronics,0.5,0.9375510204081633,2023-11-06,Cash,0.8026754825541382,November,Monday,Senior(60+),False,False,True,False,False,False,False,False,False
T00438,C4501,2,0.0961538461538462,Furniture,0.0,0.013265306122448979,2023-05-09,UPI,0.030597863461867103,May,Tuesday,Young Adult(18-25),False,True,False,False,False,False,False,False,False
T00439,C9375,2,0.4423076923076924,Furniture,0.0,0.2583673469387755,2023-08-30,Wallet,0.27388572969714464,August,Wednesday,Mid Age(41-60),False,False,False,False,False,False,False,False,False
T00440,C8752,0,1.0,Groceries,0.5,0.17591836734693878,2023-08-25,Cash,0.40481026101423745,August,Friday,Senior(60+),False,False,False,False,False,False,False,False,False
T00441,C3780,1,0.40384615384615385,Books,0.0,0.4859183673469387,2023-04-18,UPI,0.3758995202036651,April,Tuesday,Adult(26-40),False,False,False,False,False,False,False,True,False
T00442,C2389,1,0.21153846153846156,Furniture,1.0,0.6281632653061224,2023-06-19,Cash,0.8415519096131313,June,Monday,Adult(26-40),False,False,False,False,False,True,False,False,False
T00443,C5649,1,0.13461538461538464,Furniture,0.0,0.26448979591836735,2023-03-11,Cash,0.27728494662009556,March,Saturday,Young Adult(18-25),False,False,False,True,False,False,False,False,False
T00444,C9445,2,0.48076923076923084,Furniture,0.25,0.9530612244897959,2023-03-26,Cash,0.6865959643778681,March,Sunday,Mid Age(41-60),False,False,False,False,True,False,False,False,False
T00445,C6491,1,0.48076923076923084,Electronics,0.5,0.6673469387755102,2023-09-26,UPI,0.7030398155787749,September,Tuesday,Mid Age(41-60),False,False,False,True,False,False,False,False,False
T00446,C2530,1,0.5576923076923077,Electronics,0.75,0.12183673469387757,2023-08-31,Cash,0.39808788543669654,August,Thursday,Mid Age(41-60),False,False,False,True,False,False,False,False,False
T00447,C4848,1,0.326923076923077,Fashion,0.25,0.37285714285714283,2023-01-06,Card,0.46393800433788107,January,Friday,Adult(26-40),False,False,False,False,True,False,False,False,False
T00448,C6085,2,0.46153846153846156,Sports,1.0,0.6489795918367347,2023-06-12,Cash,0.8519559595245516,June,Monday,Mid Age(41-60),False,False,False,False,True,False,False,False,False
T00449,C4680,2,0.8461538461538461,Beauty,0.5,0.7726530612244898,2023-08-02,Cash,0.7446554033698112,August,Wednesday,Senior(60+),False,True,False,False,False,False,False,False,False
T00450,C4262,0,0.576923076923077,Books,0.0,0.15612244897959185,2023-04-02,Cash,0.2073410715169935,April,Sunday,Mid Age(41-60),False,False,False,False,True,False,False,False,False
T00451,C3414,0,0.980769230769231,Books,0.0,0.583265306122449,2023-03-18,UPI,0.40964838504891765,March,Saturday,Senior(60+),False,False,False,False,False,False,False,False,False
T00452,C1400,0,0.5000000000000001,Groceries,0.25,0.7787755102040816,2023-08-29,Wallet,0.632806428145896,August,Tuesday,Mid Age(41-60),False,False,False,False,False,False,True,False,False
T00453,C1757,0,0.7884615384615384,Beauty,0.25,0.7830612244897959,2023-02-04,UPI,0.6342227592171968,February,Saturday,Mid Age(41-60),True,False,False,False,False,False,False,False,False
T00454,C5011,1,0.980769230769231,Fashion,0.5,0.8944897959183673,2023-01-03,Cash,0.7882424765094647,January,Tuesday,Senior(60+),False,False,False,False,False,False,False,True,False
T00455,C8784,0,0.1923076923076924,Furniture,0.25,0.7771428571428571,2023-06-09,UPI,0.6322654801145063,June,Friday,Adult(26-40),False,False,False,False,False,False,False,False,True
T00456,C2193,0,0.13461538461538464,Furniture,0.25,0.1822448979591837,2023-12-26,Cash,0.3356873636000281,December,Tuesday,Young Adult(18-25),False,False,False,False,False,False,True,False,False
T00457,C8461,0,0.15384615384615385,Fashion,0.5,0.14346938775510204,2023-04-07,Card,0.37042115568764955,April,Friday,Adult(26-40),False,False,False,False,True,False,False,False,False
T00458,C7790,2,0.8461538461538461,Groceries,0.25,0.30122448979591837,2023-04-13,Card,0.42228819264514916,April,Thursday,Senior(60+),False,False,False,False,False,False,False,True,False
T00459,C4185,1,0.8846153846153847,Beauty,0.5,0.1810204081632653,2023-12-22,Wallet,0.4098481830604355,December,Friday,Senior(60+),False,True,False,False,False,False,False,False,False
T00460,C7291,2,0.05769230769230771,Furniture,1.0,0.663469387755102,2023-02-18,Card,0.8590654975493355,February,Saturday,Young Adult(18-25),True,False,False,False,False,False,False,False,False
T00461,C9099,1,0.1923076923076924,Furniture,0.25,0.7240816326530612,2023-10-03,Card,0.6142478716383774,October,Tuesday,Adult(26-40),False,False,False,False,False,False,False,True,False
T00462,C7547,0,0.11538461538461542,Books,0.25,0.33346938775510204,2023-08-23,UPI,0.4417622837294891,August,Wednesday,Young Adult(18-25),False,True,False,False,False,False,False,False,False
T00463,C4997,2,0.5000000000000001,Electronics,0.25,0.6712244897959184,2023-06-19,Cash,0.5953857079846274,June,Monday,Mid Age(41-60),False,False,False,True,False,False,False,False,False
T00464,C3417,1,0.7115384615384616,Sports,0.0,0.5493877551020409,2023-02-18,Card,0.3983654665698627,February,Saturday,Mid Age(41-60),False,False,False,False,False,False,True,False,False
T00465,C1090,2,0.576923076923077,Beauty,0.25,0.10775510204081634,2023-02-01,UPI,0.2609575680543028,February,Wednesday,Mid Age(41-60),False,True,False,False,False,False,False,False,False
T00466,C2746,2,0.980769230769231,Furniture,0.5,0.5304081632653062,2023-11-16,Card,0.6416558354399542,November,Thursday,Senior(60+),False,False,False,False,False,False,False,True,False
T00467,C7965,1,0.6923076923076924,Beauty,0.0,0.5724489795918367,2023-08-28,Wallet,0.4060950887153046,August,Monday,Mid Age(41-60),False,False,False,False,False,False,False,False,False
T00468,C4585,1,0.826923076923077,Sports,0.0,0.8128571428571428,2023-11-01,Card,0.47636979625609815,November,Wednesday,Senior(60+),False,False,False,False,False,False,False,True,False
T00469,C3881,0,0.5384615384615385,Beauty,0.25,0.3553061224489796,2023-03-22,Card,0.454257436755615,March,Wednesday,Mid Age(41-60),False,False,True,False,False,False,False,False,False
T00470,C9486,0,0.21153846153846156,Sports,0.75,0.7961224489795918,2023-02-04,Wallet,0.843897513132609,February,Saturday,Adult(26-40),False,False,False,False,False,False,False,False,True
T00471,C8611,0,0.7500000000000001,Sports,0.0,0.19102040816326532,2023-06-29,Cash,0.23251810235713954,June,Thursday,Mid Age(41-60),False,True,False,False,False,False,False,False,False
T00472,C1822,2,0.46153846153846156,Furniture,0.5,0.46530612244897956,2023-11-22,Cash,0.6086684627901917,November,Wednesday,Mid Age(41-60),False,False,False,False,False,True,False,False,False
T00473,C5082,0,0.9423076923076924,Furniture,0.25,0.759795918367347,2023-10-14,Cash,0.6264696373154207,October,Saturday,Senior(60+),False,False,True,False,False,False,False,False,False
T00474,C2988,1,0.42307692307692313,Sports,0.5,0.06387755102040815,2023-04-26,UPI,0.25888993045654474,April,Wednesday,Adult(26-40),False,False,False,False,False,False,False,True,False
T00475,C8478,2,0.7500000000000001,Books,0.75,0.9112244897959184,2023-06-26,UPI,0.8880899775990637,June,Monday,Mid Age(41-60),False,True,False,False,False,False,False,False,False
T00476,C3184,1,0.019230769230769273,Fashion,0.25,0.2602040816326531,2023-11-18,Cash,0.39543691165063166,November,Saturday,Young Adult(18-25),False,False,False,False,False,False,False,False,True
T00477,C8612,2,0.826923076923077,Sports,0.5,0.7855102040816326,2023-01-08,UPI,0.7494667197653264,January,Sunday,Senior(60+),False,False,False,True,False,False,False,False,False
T00478,C9702,1,0.8846153846153847,Electronics,0.5,0.24326530612244898,2023-04-09,Card,0.46515434029755487,April,Sunday,Senior(60+),False,False,False,False,False,False,False,False,True
T00479,C6198,1,0.15384615384615385,Furniture,0.25,0.356734693877551,2023-05-21,Card,0.45505703726750085,May,Sunday,Adult(26-40),False,False,False,False,True,False,False,False,False
T00480,C8251,0,0.576923076923077,Groceries,1.0,0.5351020408163265,2023-05-26,Cash,0.7919576132669802,May,Friday,Mid Age(41-60),False,False,True,False,False,False,False,False,False
T00481,C9270,0,0.5961538461538463,Furniture,1.0,0.949795918367347,2023-08-07,Wallet,0.9819305059474548,August,Monday,Mid Age(41-60),False,False,False,False,False,True,False,False,False
T00482,C7991,2,0.13461538461538464,Sports,0.75,0.05224489795918367,2023-10-27,Card,0.28041191243007607,October,Friday,Young Adult(18-25),False,False,False,False,False,False,False,False,False
T00483,C9976,0,0.5000000000000001,Furniture,0.0,0.6357142857142857,2023-06-06,Card,0.42627590857358594,June,Tuesday,Mid Age(41-60),False,False,False,False,False,False,True,False,False
T00484,C8305,2,0.5384615384615385,Sports,0.0,0.10428571428571429,2023-07-08,UPI,0.16254172351126916,July,Saturday,Mid Age(41-60),False,False,False,False,True,False,False,False,False
T00485,C3607,1,0.03846153846153849,Beauty,0.25,0.6042857142857143,2023-11-16,Wallet,0.5699962864198911,November,Thursday,Young Adult(18-25),False,False,True,False,False,False,False,False,False
T00486,C8777,2,0.07692307692307698,Groceries,0.25,0.7189795918367347,2023-07-26,Wallet,0.6124687374091299,July,Wednesday,Young Adult(18-25),True,False,False,False,False,False,False,False,False
T00487,C8373,1,0.3076923076923077,Books,0.25,0.7914285714285715,2023-05-11,Wallet,0.6369728630799452,May,Thursday,Adult(26-40),False,False,False,True,False,False,False,False,False
T00488,C5246,1,0.7884615384615384,Groceries,0.25,0.356734693877551,2023-10-15,Cash,0.45505703726750085,October,Sunday,Mid Age(41-60),False,False,False,False,True,False,False,False,False
T00489,C5050,1,0.3846153846153847,Groceries,1.0,0.09040816326530612,2023-10-05,Cash,0.3929725324875627,October,Thursday,Adult(26-40),False,False,False,False,False,False,False,False,False
T00490,C5543,2,0.0,Electronics,0.75,0.353469387755102,2023-11-25,UPI,0.6153820594154138,November,Saturday,Young Adult(18-25),False,False,False,False,True,False,False,False,False
T00491,C9540,2,0.8653846153846155,Electronics,0.5,0.03816326530612245,2023-12-04,Card,0.20671214919833902,December,Monday,Senior(60+),False,False,False,False,False,False,False,True,False
T00492,C8939,0,0.826923076923077,Sports,0.5,0.7069387755102041,2023-04-14,UPI,0.7191755991757672,April,Friday,Senior(60+),False,False,False,False,False,False,False,True,False
T00493,C4919,0,0.6346153846153847,Electronics,1.0,0.4510204081632653,2023-02-09,Card,0.7418816112700762,February,Thursday,Mid Age(41-60),False,False,False,True,False,False,False,False,False
T00494,C5499,1,0.9423076923076924,Fashion,0.75,0.42122448979591837,2023-10-31,Card,0.6596808363636649,October,Tuesday,Senior(60+),False,False,False,False,True,False,False,False,False
T00495,C8206,1,0.9038461538461539,Books,0.25,0.29428571428571426,2023-03-20,Wallet,0.41792112360270106,March,Monday,Senior(60+),False,True,False,False,False,False,False,False,False
T00496,C2269,2,0.6923076923076924,Groceries,0.0,0.13959183673469389,2023-02-22,Card,0.1941877169225038,February,Wednesday,Mid Age(41-60),False,False,False,False,False,True,False,False,False
T00497,C5681,0,0.8846153846153847,Groceries,1.0,0.23693877551020412,2023-04-21,Wallet,0.5772625496828336,April,Friday,Senior(60+),False,False,False,False,False,False,False,False,False
T00498,C4841,2,0.6923076923076924,Books,1.0,0.11571428571428571,2023-05-24,Cash,0.43372329696605666,May,Wednesday,Mid Age(41-60),False,False,False,False,False,False,False,False,True
T00499,C5451,2,0.2692307692307693,Beauty,0.25,0.4577551020408163,2023-04-02,UPI,0.5069302169804246,April,Sunday,Adult(26-40),True,False,False,False,False,False,False,False,False
T00500,C6502,2,0.8076923076923078,Sports,1.0,0.6771428571428572,2023-05-15,Cash,0.8656787815064055,May,Monday,Mid Age(41-60),False,False,False,False,False,False,False,True,False
T00501,C6238,1,0.40384615384615385,Electronics,0.5,0.13653061224489796,2023-10-16,Wallet,0.3624611941705122,October,Monday,Adult(26-40),False,False,False,False,False,True,False,False,False
T00502,C9849,1,0.6346153846153847,Books,0.25,0.49857142857142855,2023-02-22,Cash,0.5257164805192373,February,Wednesday,Mid Age(41-60),False,False,False,False,False,True,False,False,False
T00503,C2320,0,0.6346153846153847,Beauty,0.5,0.7546938775510205,2023-03-06,Cash,0.7378429055078763,March,Monday,Mid Age(41-60),False,False,False,False,False,True,False,False,False
T00504,C3267,1,0.8461538461538461,Groceries,0.25,0.7016326530612245,2023-09-25,UPI,0.6063548712409873,September,Monday,Senior(60+),False,True,False,False,False,False,False,False,False
T00505,C3471,1,0.8461538461538461,Furniture,0.0,0.8771428571428571,2023-10-28,Wallet,0.4926995141113569,October,Saturday,Senior(60+),False,False,False,True,False,False,False,False,False
T00506,C4788,2,0.7500000000000001,Electronics,0.5,0.35775510204081634,2023-11-27,Card,0.5466456069549277,November,Monday,Mid Age(41-60),False,False,False,False,True,False,False,False,False
T00507,C7275,1,0.11538461538461542,Furniture,0.25,0.4336734693877551,2023-07-16,UPI,0.49531604726285977,July,Sunday,Young Adult(18-25),False,True,False,False,False,False,False,False,False
T00508,C3503,2,0.5192307692307693,Groceries,1.0,0.30755102040816323,2023-06-19,UPI,0.6396037194490861,June,Monday,Mid Age(41-60),False,False,False,False,False,False,False,True,False
T00509,C4505,0,0.8076923076923078,Groceries,1.0,0.08979591836734693,2023-10-22,Card,0.39190958664619197,October,Sunday,Mid Age(41-60),False,True,False,False,False,False,False,False,False
T00510,C2052,1,0.8846153846153847,Furniture,0.75,0.15448979591836737,2023-10-31,Wallet,0.43936749110600204,October,Tuesday,Senior(60+),False,False,False,False,False,False,False,False,True
T00511,C7797,0,0.28846153846153855,Groceries,0.25,0.7163265306122449,2023-11-06,Card,0.6115402020984553,November,Monday,Adult(26-40),False,False,False,False,False,False,False,True,False
T00512,C7678,1,0.576923076923077,Electronics,0.0,0.5716326530612245,2023-05-22,UPI,0.4058250866810116,May,Monday,Mid Age(41-60),False,False,False,False,True,False,False,False,False
T00513,C6421,2,0.42307692307692313,Beauty,0.75,0.49632653061224485,2023-11-12,Wallet,0.7035484413074133,November,Sunday,Adult(26-40),False,True,False,False,False,False,False,False,False
T00514,C9890,1,0.8076923076923078,Fashion,1.0,0.27489795918367343,2023-12-09,Wallet,0.612076179591316,December,Saturday,Mid Age(41-60),False,False,False,True,False,False,False,False,False
T00515,C8633,2,0.826923076923077,Fashion,0.0,0.33183673469387753,2023-08-31,Wallet,0.31169086462739437,August,Thursday,Senior(60+),True,False,False,False,False,False,False,False,False
T00516,C7812,0,0.7884615384615384,Fashion,0.25,0.5838775510204082,2023-04-18,Wallet,0.5618796399787854,April,Tuesday,Mid Age(41-60),False,False,False,False,False,True,False,False,False
T00517,C2020,2,0.46153846153846156,Beauty,1.0,0.7006122448979591,2023-03-28,Cash,0.8768221998408801,March,Tuesday,Mid Age(41-60),False,False,False,False,False,False,False,False,True
T00518,C4388,2,0.17307692307692313,Groceries,0.75,0.8051020408163265,2023-01-02,Wallet,0.8474960181209132,January,Monday,Adult(26-40),True,False,False,False,False,False,False,False,False
T00519,C7883,0,1.0,Sports,1.0,0.7948979591836735,2023-04-29,Cash,0.919196948923273,April,Saturday,Senior(60+),False,False,True,False,False,False,False,False,False
T00520,C7381,0,0.6730769230769232,Electronics,0.5,0.8951020408163265,2023-04-21,Wallet,0.7884509710717036,April,Friday,Mid Age(41-60),False,False,False,False,False,False,False,False,True
T00521,C1320,2,0.7500000000000001,Beauty,0.75,0.26857142857142857,2023-02-16,Cash,0.5511217418899048,February,Thursday,Mid Age(41-60),False,False,False,False,True,False,False,False,False
T00522,C7232,1,0.05769230769230771,Electronics,1.0,0.730204081632653,2023-11-11,UPI,0.8905176500238333,November,Saturday,Young Adult(18-25),False,False,False,False,False,False,True,False,False
T00523,C8814,2,0.0,Books,0.75,0.5928571428571429,2023-03-17,Wallet,0.7538240227642252,March,Friday,Young Adult(18-25),False,False,False,True,False,False,False,False,False
T00524,C1096,2,0.7884615384615384,Groceries,0.25,0.953469387755102,2023-03-15,Wallet,0.6867137166499134,March,Wednesday,Mid Age(41-60),False,False,False,False,False,False,False,False,True
T00525,C6763,1,0.1923076923076924,Electronics,0.5,0.6504081632653061,2023-03-26,UPI,0.6959381350507432,March,Sunday,Adult(26-40),False,False,False,True,False,False,False,False,False
T00526,C5892,2,0.6153846153846154,Groceries,0.5,0.016530612244897956,2023-09-01,Wallet,0.1483799165120867,September,Friday,Mid Age(41-60),False,False,False,False,False,False,True,False,False
T00527,C7389,2,0.576923076923077,Fashion,1.0,0.9375510204081633,2023-01-01,UPI,0.9772371563908238,January,Sunday,Mid Age(41-60),True,False,False,False,False,False,False,False,False
T00528,C7865,0,0.5961538461538463,Electronics,0.75,0.9981632653061225,2023-06-15,Cash,0.919003482224602,June,Thursday,Mid Age(41-60),False,False,False,False,False,False,False,False,True
T00529,C9818,1,0.1923076923076924,Sports,0.75,0.33183673469387753,2023-02-09,Cash,0.6000639133494842,February,Thursday,Adult(26-40),False,True,False,False,False,False,False,False,False
T00530,C9947,1,0.07692307692307698,Groceries,0.75,0.13,2023-01-27,Card,0.40898136949661323,January,Friday,Young Adult(18-25),False,False,False,False,False,False,True,False,False
T00531,C4613,0,0.9230769230769232,Electronics,0.5,0.9669387755102041,2023-03-12,Cash,0.8122676014385113,March,Sunday,Senior(60+),False,False,False,False,False,True,False,False,False
T00532,C8999,1,0.5961538461538463,Furniture,1.0,0.24163265306122453,2023-09-19,UPI,0.5817538176748698,September,Tuesday,Mid Age(41-60),False,False,False,False,False,False,False,False,False
T00533,C4595,1,0.3846153846153847,Beauty,0.75,0.5412244897959184,2023-08-14,Card,0.7276811767263502,August,Monday,Adult(26-40),False,False,False,False,True,False,False,False,False
T00534,C5471,0,0.28846153846153855,Books,1.0,0.5289795918367347,2023-08-06,UPI,0.7884972899894065,August,Sunday,Adult(26-40),True,False,False,False,False,False,False,False,False
T00535,C8140,2,0.40384615384615385,Furniture,0.0,0.0236734693877551,2023-12-07,Cash,0.053615064789971245,December,Thursday,Adult(26-40),False,False,False,True,False,False,False,False,False
T00536,C8956,2,0.326923076923077,Sports,0.25,0.2514285714285714,2023-08-30,Cash,0.389341609902061,August,Wednesday,Adult(26-40),True,False,False,False,False,False,False,False,False
T00537,C1475,2,0.05769230769230771,Sports,0.25,0.766734693877551,2023-06-17,Cash,0.6287986541273538,June,Saturday,Young Adult(18-25),False,False,False,False,False,False,True,False,False
T00538,C7371,0,0.6153846153846154,Furniture,0.25,0.246530612244898,2023-06-04,UPI,0.38587972516901614,June,Sunday,Mid Age(41-60),False,False,False,False,True,False,False,False,False
T00539,C6507,0,0.2692307692307693,Groceries,0.75,0.8348979591836735,2023-09-14,Wallet,0.8592443678709478,September,Thursday,Adult(26-40),False,False,False,True,False,False,False,False,False
T00540,C7624,1,0.6730769230769232,Electronics,0.25,0.5289795918367347,2023-03-02,Card,0.5390525181991327,March,Thursday,Mid Age(41-60),True,False,False,False,False,False,False,False,False
T00541,C3704,2,0.7884615384615384,Beauty,0.75,0.18979591836734694,2023-05-04,UPI,0.47833246500701243,May,Thursday,Mid Age(41-60),False,True,False,False,False,False,False,False,False
T00542,C8657,0,0.46153846153846156,Furniture,0.25,0.6793877551020409,2023-10-14,Cash,0.5983629520495364,October,Saturday,Mid Age(41-60),False,False,False,False,True,False,False,False,False
T00543,C3091,0,0.48076923076923084,Sports,0.5,0.43918367346938775,2023-07-21,Wallet,0.5945626725287446,July,Friday,Mid Age(41-60),True,False,False,False,False,False,False,False,False
T00544,C9751,0,1.0,Electronics,0.75,0.8704081632653061,2023-07-13,Card,0.8728787511267838,July,Thursday,Senior(60+),False,False,False,False,False,False,False,False,True
T00545,C1441,1,0.28846153846153855,Groceries,0.75,0.006122448979591837,2023-07-17,UPI,0.14331096809111699,July,Monday,Adult(26-40),True,False,False,False,False,False,False,False,False
T00546,C7455,0,0.0961538461538462,Furniture,1.0,0.753061224489796,2023-12-28,Cash,0.900840584263791,December,Thursday,Young Adult(18-25),False,False,False,False,False,False,True,False,False
T00547,C1444,2,0.5576923076923077,Sports,0.25,0.21000000000000002,2023-08-31,Card,0.35854981052386226,August,Thursday,Mid Age(41-60),True,False,False,False,False,False,False,False,False
T00548,C2375,0,0.5384615384615385,Furniture,0.5,0.7510204081632653,2023-07-01,Cash,0.7364359089851049,July,Saturday,Mid Age(41-60),False,False,False,False,False,True,False,False,False
T00549,C8022,0,0.980769230769231,Groceries,0.5,0.9669387755102041,2023-06-09,Wallet,0.8122676014385113,June,Friday,Senior(60+),False,False,True,False,False,False,False,False,False
T00550,C3223,1,0.6923076923076924,Sports,1.0,0.16285714285714287,2023-09-25,Card,0.4973142927065883,September,Monday,Mid Age(41-60),False,False,False,False,True,False,False,False,False
T00551,C8564,2,0.5384615384615385,Electronics,0.0,0.060816326530612246,2023-06-12,Card,0.11343217966458885,June,Monday,Mid Age(41-60),False,False,False,False,True,False,False,False,False
T00552,C3977,2,0.0961538461538462,Books,0.25,0.3653061224489796,2023-09-29,UPI,0.45981081299816895,September,Friday,Young Adult(18-25),False,False,True,False,False,False,False,False,False
T00553,C1823,2,0.5961538461538463,Furniture,0.0,0.3136734693877551,2023-02-10,Cash,0.30289867707627927,February,Friday,Mid Age(41-60),True,False,False,False,False,False,False,False,False
T00554,C5262,0,0.5384615384615385,Electronics,0.5,0.7024489795918367,2023-11-06,Card,0.717377047444467,November,Monday,Mid Age(41-60),False,False,False,False,False,True,False,False,False
T00555,C7211,1,0.3846153846153847,Beauty,0.75,0.9128571428571429,2023-04-20,Wallet,0.8886886741390998,April,Thursday,Adult(26-40),True,False,False,False,False,False,False,False,False
T00556,C6363,2,0.13461538461538464,Beauty,1.0,0.27755102040816326,2023-03-27,Card,0.6143898345998093,March,Monday,Young Adult(18-25),False,False,False,False,False,False,False,True,False
T00557,C4467,0,0.5961538461538463,Fashion,0.5,0.6310204081632653,2023-11-21,Cash,0.6876544979509248,November,Tuesday,Mid Age(41-60),False,False,False,False,False,True,False,False,False
T00558,C8449,1,0.9038461538461539,Groceries,0.25,0.36122448979591837,2023-05-23,Cash,0.4575563981935039,May,Tuesday,Senior(60+),False,False,False,False,False,False,False,False,True
T00559,C6355,2,0.7884615384615384,Furniture,1.0,0.5818367346938775,2023-12-31,Wallet,0.8175324741706749,December,Sunday,Mid Age(41-60),False,False,False,False,False,False,False,False,True
T00560,C6529,1,0.019230769230769273,Sports,0.0,0.35061224489795917,2023-03-15,Card,0.3204532325599426,March,Wednesday,Young Adult(18-25),False,True,False,False,False,False,False,False,False
T00561,C7211,1,0.11538461538461542,Books,0.75,0.3193877551020408,2023-08-12,Cash,0.590949209646578,August,Saturday,Young Adult(18-25),False,False,False,False,False,False,False,False,False
T00562,C5558,0,0.48076923076923084,Books,1.0,0.9642857142857143,2023-10-14,UPI,0.9874312328980246,October,Saturday,Mid Age(41-60),False,True,False,False,False,False,False,False,False
T00563,C7906,1,0.5000000000000001,Beauty,1.0,0.023877551020408165,2023-08-15,Cash,0.23919256215805018,August,Tuesday,Mid Age(41-60),True,False,False,False,False,False,False,False,False
T00564,C5133,0,0.03846153846153849,Groceries,0.5,0.6189795918367347,2023-09-08,Card,0.6824230128299169,September,Friday,Young Adult(18-25),False,False,False,True,False,False,False,False,False
T00565,C2341,2,0.6730769230769232,Fashion,0.75,0.6081632653061224,2023-12-22,UPI,0.7612774700588851,December,Friday,Mid Age(41-60),False,False,True,False,False,False,False,False,False
T00566,C8705,2,0.6730769230769232,Sports,0.75,0.02693877551020408,2023-05-09,Card,0.21698956013589538,May,Tuesday,Mid Age(41-60),True,False,False,False,False,False,False,False,False
T00567,C1317,1,0.0,Groceries,0.75,0.5046938775510204,2023-12-17,Wallet,0.7081537988723587,December,Sunday,Young Adult(18-25),True,False,False,False,False,False,False,False,False
T00568,C9837,2,1.0,Groceries,0.75,0.513061224489796,2023-03-03,Card,0.7127082547472972,March,Friday,Senior(60+),False,False,False,False,False,False,False,True,False
T00569,C1853,0,0.0961538461538462,Furniture,0.75,0.8393877551020408,2023-10-13,UPI,0.8609898030130103,October,Friday,Young Adult(18-25),False,False,False,False,False,False,True,False,False
T00570,C6733,0,0.9615384615384616,Fashion,0.5,0.2083673469387755,2023-08-11,Wallet,0.4354340487559023,August,Friday,Senior(60+),False,False,False,False,False,False,True,False,False
T00571,C4673,0,0.730769230769231,Furniture,0.75,0.8342857142857143,2023-11-30,Cash,0.859005859217084,November,Thursday,Mid Age(41-60),False,True,False,False,False,False,False,False,False
T00572,C2124,1,0.7500000000000001,Beauty,0.5,0.7622448979591837,2023-06-28,Card,0.7407205246084143,June,Wednesday,Mid Age(41-60),False,False,False,False,False,False,True,False,False
T00573,C1659,1,0.7692307692307693,Books,0.5,0.6920408163265306,2023-04-02,Card,0.7131775058862665,April,Sunday,Mid Age(41-60),False,False,False,False,False,False,True,False,False
T00574,C1508,1,0.3653846153846154,Books,0.75,0.6859183673469388,2023-01-13,Card,0.7973029888039992,January,Friday,Adult(26-40),False,False,False,False,False,False,True,False,False
T00575,C5051,0,0.6153846153846154,Electronics,0.0,0.5879591836734693,2023-07-07,UPI,0.41117657556870524,July,Friday,Mid Age(41-60),False,False,False,True,False,False,False,False,False
T00576,C4266,0,0.6730769230769232,Books,0.25,0.5887755102040816,2023-08-27,Wallet,0.5638448654282534,August,Sunday,Mid Age(41-60),False,False,False,False,False,False,True,False,False
T00577,C1333,0,0.25,Books,0.75,0.906734693877551,2023-12-10,UPI,0.8864397799473218,December,Sunday,Adult(26-40),False,False,False,True,False,False,False,False,False
T00578,C3496,0,0.7884615384615384,Sports,0.25,0.7118367346938775,2023-06-27,Card,0.6099635078883887,June,Tuesday,Mid Age(41-60),False,False,False,True,False,False,False,False,False
T00579,C4908,1,0.8076923076923078,Fashion,0.5,0.8744897959183674,2023-08-06,UPI,0.7813774792653896,August,Sunday,Mid Age(41-60),False,False,False,False,False,False,False,True,False
T00580,C3068,1,0.5576923076923077,Groceries,0.0,0.5614285714285714,2023-04-20,Wallet,0.4024279491980418,April,Thursday,Mid Age(41-60),False,False,False,False,False,True,False,False,False
T00581,C8758,1,0.40384615384615385,Groceries,0.5,0.18938775510204084,2023-11-12,Cash,0.41792112360270106,November,Sunday,Adult(26-40),False,False,True,False,False,False,False,False,False
T00582,C2874,1,0.4423076923076924,Electronics,0.0,0.29387755102040813,2023-10-14,Wallet,0.2929280303332666,October,Saturday,Mid Age(41-60),False,False,False,False,False,False,False,False,False
T00583,C4571,0,1.0,Groceries,0.5,0.7669387755102041,2023-04-08,Wallet,0.7424995678341453,April,Saturday,Senior(60+),True,False,False,False,False,False,False,False,False
T00584,C8619,0,0.05769230769230771,Sports,1.0,0.7161224489795919,2023-07-15,Wallet,0.8840483896753142,July,Saturday,Young Adult(18-25),False,False,False,False,True,False,False,False,False
T00585,C5198,2,1.0,Furniture,1.0,0.6236734693877551,2023-07-11,UPI,0.8392774549502999,July,Tuesday,Senior(60+),False,False,False,False,False,False,True,False,False
T00586,C7043,2,0.2692307692307693,Books,1.0,0.2957142857142857,2023-04-02,Card,0.6298556617756254,April,Sunday,Adult(26-40),False,False,False,False,False,False,False,False,False
T00587,C3749,2,0.5576923076923077,Fashion,0.0,0.9240816326530612,2023-01-06,Wallet,0.5041143878613988,January,Friday,Mid Age(41-60),False,False,False,False,False,True,False,False,False
T00588,C2876,0,0.40384615384615385,Sports,0.5,0.9944897959183674,2023-04-11,UPI,0.8210810072676478,April,Tuesday,Adult(26-40),True,False,False,False,False,False,False,False,False
T00589,C3683,1,0.6730769230769232,Beauty,0.25,0.27183673469387754,2023-08-15,Cash,0.40331517598515954,August,Tuesday,Mid Age(41-60),False,False,False,False,False,False,False,False,True
T00590,C6096,1,0.9423076923076924,Electronics,0.0,0.9073469387755102,2023-07-04,Wallet,0.5000910862977418,July,Tuesday,Senior(60+),False,False,False,False,False,False,False,False,False
T00591,C2771,1,0.7500000000000001,Beauty,0.0,0.7285714285714285,2023-09-27,Cash,0.4535703757515201,September,Wednesday,Mid Age(41-60),False,False,False,False,False,False,False,False,False
T00592,C1420,0,0.730769230769231,Books,0.0,0.6377551020408163,2023-04-10,Wallet,0.4269038558119471,April,Monday,Mid Age(41-60),True,False,False,False,False,False,False,False,False
T00593,C6111,2,0.576923076923077,Sports,0.5,0.4763265306122449,2023-01-03,Card,0.6144607957372121,January,Tuesday,Mid Age(41-60),True,False,False,False,False,False,False,False,False
T00594,C7149,1,0.8653846153846155,Electronics,0.0,0.7312244897959184,2023-10-28,Card,0.45431462131805667,October,Saturday,Senior(60+),False,False,False,True,False,False,False,False,False
T00595,C7498,2,0.8076923076923078,Sports,1.0,0.47346938775510206,2023-06-08,Cash,0.7558241798428934,June,Thursday,Mid Age(41-60),False,False,False,True,False,False,False,False,False
T00596,C4249,2,0.4423076923076924,Groceries,0.25,0.16571428571428573,2023-06-18,Cash,0.32101385324056686,June,Sunday,Mid Age(41-60),False,False,False,False,False,False,False,True,False
T00597,C2245,0,0.8653846153846155,Groceries,0.5,0.1463265306122449,2023-02-18,Cash,0.3736305195274786,February,Saturday,Senior(60+),False,False,False,False,False,False,False,False,True
T00598,C4978,0,0.5384615384615385,Electronics,0.25,0.17346938775510207,2023-07-08,Card,0.3280062452505419,July,Saturday,Mid Age(41-60),False,False,False,False,False,False,False,True,False
T00599,C2669,1,0.13461538461538464,Sports,0.5,0.14979591836734696,2023-05-10,Wallet,0.3774764628739006,May,Wednesday,Young Adult(18-25),False,True,False,False,False,False,False,False,False
T00600,C5941,0,0.11538461538461542,Books,0.5,0.027346938775510206,2023-09-15,Cash,0.17986886615283493,September,Friday,Young Adult(18-25),False,False,False,False,False,False,False,False,True
T00601,C2983,0,0.9230769230769232,Sports,0.5,0.6875510204081633,2023-01-07,Card,0.7113527232496193,January,Saturday,Senior(60+),False,False,False,True,False,False,False,False,False
T00602,C1672,0,0.8076923076923078,Furniture,0.5,0.173265306122449,2023-11-07,UPI,0.40215438893988875,November,Tuesday,Mid Age(41-60),False,False,False,True,False,False,False,False,False
T00603,C6688,1,0.2692307692307693,Furniture,0.25,0.8297959183673469,2023-05-20,Card,0.649335967226183,May,Saturday,Adult(26-40),False,False,False,True,False,False,False,False,False
T00604,C9728,2,0.0,Fashion,1.0,0.9106122448979592,2023-01-18,UPI,0.9667625260084773,January,Wednesday,Young Adult(18-25),False,False,True,False,False,False,False,False,False
T00605,C8018,2,0.40384615384615385,Groceries,0.25,0.16653061224489796,2023-11-28,Wallet,0.3217593511575599,November,Tuesday,Adult(26-40),True,False,False,False,False,False,False,False,False
T00606,C7071,1,0.42307692307692313,Books,1.0,0.7424489795918368,2023-05-21,UPI,0.8960746357088414,May,Sunday,Adult(26-40),False,False,False,False,False,False,False,False,False
T00607,C2129,2,0.7692307692307693,Electronics,0.5,0.8414285714285714,2023-11-25,UPI,0.7697906985698098,November,Saturday,Mid Age(41-60),False,False,False,False,False,False,True,False,False
T00608,C9289,2,0.980769230769231,Beauty,0.0,0.9716326530612245,2023-09-03,UPI,0.5152816036301485,September,Sunday,Senior(60+),False,False,False,False,False,False,False,False,False
T00609,C6590,1,0.34615384615384615,Books,0.5,0.05448979591836734,2023-07-23,UPI,0.24132640959867024,July,Sunday,Adult(26-40),False,False,False,False,False,True,False,False,False
T00610,C1207,2,0.6730769230769232,Groceries,0.5,0.4844897959183674,2023-01-23,Cash,0.6186938848089844,January,Monday,Mid Age(41-60),False,False,False,False,False,False,False,False,False
T00611,C7882,0,0.6346153846153847,Sports,0.5,0.7030612244897959,2023-12-23,Cash,0.7176227624476754,December,Saturday,Mid Age(41-60),False,False,False,True,False,False,False,False,False
T00612,C9031,1,0.4423076923076924,Books,0.75,0.3540816326530612,2023-12-27,Wallet,0.6158064892832237,December,Wednesday,Mid Age(41-60),False,False,False,False,False,False,False,False,True
T00613,C2729,1,0.8461538461538461,Groceries,0.75,0.3724489795918367,2023-05-10,Card,0.6283203246265489,May,Wednesday,Senior(60+),False,False,False,False,False,False,False,False,True
T00614,C8102,0,0.11538461538461542,Furniture,1.0,0.76,2023-05-21,Cash,0.9039321729000269,May,Sunday,Young Adult(18-25),False,False,False,False,False,False,False,True,False
T00615,C6934,0,0.03846153846153849,Beauty,0.0,0.9220408163265307,2023-11-17,Wallet,0.5036264165002255,November,Friday,Young Adult(18-25),False,False,False,False,False,False,True,False,False
T00616,C8532,0,0.1923076923076924,Sports,0.75,0.6369387755102041,2023-01-30,Card,0.7749541035254417,January,Monday,Adult(26-40),False,False,False,False,False,False,False,False,True
T00617,C3506,0,0.5961538461538463,Groceries,1.0,0.19122448979591838,2023-10-20,Card,0.5302059622946247,October,Friday,Mid Age(41-60),False,False,False,False,False,True,False,False,False
T00618,C8135,1,0.15384615384615385,Fashion,0.25,0.32693877551020406,2023-01-16,Cash,0.4379212489143579,January,Monday,Adult(26-40),False,False,False,False,False,False,False,False,True
T00619,C3885,1,1.0,Furniture,0.75,0.7848979591836734,2023-08-30,Wallet,0.8393603558216441,August,Wednesday,Senior(60+),False,False,False,False,False,False,True,False,False
T00620,C9548,1,0.8653846153846155,Furniture,0.25,0.2079591836734694,2023-11-08,Wallet,0.3569363147942547,November,Wednesday,Senior(60+),False,False,False,False,False,False,True,False,False
T00621,C5425,0,0.9038461538461539,Groceries,0.25,0.5861224489795919,2023-11-20,Cash,0.5627817419613161,November,Monday,Senior(60+),False,False,False,False,False,False,True,False,False
T00622,C9817,0,0.8846153846153847,Sports,0.25,0.7755102040816326,2023-08-21,Cash,0.6317237592259154,August,Monday,Senior(60+),False,False,False,False,True,False,False,False,False
T00623,C8921,0,0.5000000000000001,Sports,0.75,0.690204081632653,2023-09-09,Card,0.7992064666332305,September,Saturday,Mid Age(41-60),False,False,False,False,True,False,False,False,False
T00624,C8616,0,0.11538461538461542,Furniture,0.25,0.6616326530612245,2023-03-30,Cash,0.5918559633882613,March,Thursday,Young Adult(18-25),False,False,False,False,False,False,False,True,False
T00625,C8136,0,0.3076923076923077,Beauty,1.0,0.012653061224489795,2023-08-31,Wallet,0.198508918024134,August,Thursday,Adult(26-40),False,False,False,False,True,False,False,False,False
T00626,C5397,1,0.7500000000000001,Books,1.0,0.6263265306122449,2023-11-28,Card,0.8406227823660064,November,Tuesday,Mid Age(41-60),False,False,True,False,False,False,False,False,False
T00627,C6280,0,0.23076923076923084,Sports,1.0,0.3742857142857143,2023-10-07,Cash,0.690405423504479,October,Saturday,Adult(26-40),False,False,False,False,False,False,False,False,False
T00628,C5022,0,0.23076923076923084,Fashion,0.75,0.8483673469387755,2023-02-23,Cash,0.8644616922687258,February,Thursday,Adult(26-40),False,False,False,False,False,False,False,False,False
T00629,C2419,1,0.13461538461538464,Electronics,0.75,0.47408163265306125,2023-01-20,Card,0.6910465616132713,January,Friday,Young Adult(18-25),False,False,False,False,False,False,False,True,False
T00630,C5569,2,0.48076923076923084,Beauty,0.5,0.4473469387755102,2023-07-09,Wallet,0.5990294904353021,July,Sunday,Mid Age(41-60),False,False,False,True,False,False,False,False,False
T00631,C8385,2,0.25,Beauty,0.0,0.4420408163265306,2023-01-15,UPI,0.35919241909526933,January,Sunday,Adult(26-40),False,False,False,False,True,False,False,False,False
T00632,C4995,0,0.5576923076923077,Sports,0.5,0.5138775510204081,2023-11-10,Wallet,0.6335489746747112,November,Friday,Mid Age(41-60),False,False,False,False,True,False,False,False,False
T00633,C8613,2,1.0,Books,0.25,0.693265306122449,2024-01-01,Card,0.6033691553539551,January,Monday,Senior(60+),False,False,False,False,False,False,False,False,True
T00634,C7209,2,0.9615384615384616,Fashion,0.75,0.4036734693877551,2023-03-20,Wallet,0.6486882651303882,March,Monday,Senior(60+),False,False,False,False,False,False,False,True,False
T00635,C6511,1,0.23076923076923084,Sports,0.75,0.0069387755102040816,2023-12-28,Cash,0.14685328393753838,December,Thursday,Adult(26-40),False,False,False,False,True,False,False,False,False
T00636,C1470,0,0.8653846153846155,Furniture,0.25,0.6930612244897959,2023-04-01,Card,0.6032960287519176,April,Saturday,Senior(60+),False,False,False,False,False,False,False,False,True
T00637,C9098,1,0.40384615384615385,Fashion,0.75,0.05448979591836734,2023-03-09,Card,0.2852402461961982,March,Thursday,Adult(26-40),False,False,False,False,True,False,False,False,False
T00638,C6325,1,0.11538461538461542,Beauty,0.75,0.025918367346938774,2023-02-12,UPI,0.21397737215131096,February,Sunday,Young Adult(18-25),False,False,False,False,False,False,False,True,False
T00639,C3979,0,0.9230769230769232,Books,1.0,0.04387755102040817,2023-08-03,Cash,0.29657487254813314,August,Thursday,Senior(60+),False,False,False,True,False,False,False,False,False
T00640,C8988,1,0.5000000000000001,Beauty,0.0,0.25632653061224486,2023-03-03,Cash,0.27274110106758537,March,Friday,Mid Age(41-60),False,True,False,False,False,False,False,False,False
T00641,C4475,0,0.03846153846153849,Furniture,0.5,0.6259183673469387,2023-01-29,Card,0.6854460711426354,January,Sunday,Young Adult(18-25),False,False,False,False,False,False,False,False,False
T00642,C6813,0,0.7692307692307693,Groceries,0.25,0.8675510204081632,2023-08-16,UPI,0.6611275449733447,August,Wednesday,Mid Age(41-60),False,False,False,False,False,False,False,False,True
T00643,C5232,2,0.826923076923077,Beauty,1.0,0.5306122448979592,2023-11-23,UPI,0.7894226619487177,November,Thursday,Senior(60+),False,True,False,False,False,False,False,False,False
T00644,C6576,0,0.7115384615384616,Sports,0.25,0.560204081632653,2023-12-30,Card,0.5522211662827053,December,Saturday,Mid Age(41-60),False,True,False,False,False,False,False,False,False
T00645,C5581,0,0.13461538461538464,Books,0.5,0.28489795918367344,2023-02-01,UPI,0.497214675919077,February,Wednesday,Young Adult(18-25),False,False,False,False,False,False,False,False,False
T00646,C5526,0,0.9423076923076924,Sports,0.0,0.956530612244898,2023-06-10,Wallet,0.511776173819114,June,Saturday,Senior(60+),True,False,False,False,False,False,False,False,False
T00647,C1166,0,0.5384615384615385,Books,0.75,0.7187755102040816,2023-02-19,Card,0.8116959723567854,February,Sunday,Mid Age(41-60),False,False,False,False,False,False,False,False,True
T00648,C9464,0,0.5576923076923077,Books,0.5,0.4042857142857143,2023-10-06,Cash,0.5748174283222881,October,Friday,Mid Age(41-60),False,True,False,False,False,False,False,False,False
T00649,C4130,2,0.8076923076923078,Furniture,0.5,0.9289795918367347,2023-05-23,Wallet,0.7998391796363852,May,Tuesday,Mid Age(41-60),False,False,False,False,False,False,True,False,False
T00650,C2402,2,0.7115384615384616,Sports,0.25,0.6542857142857142,2023-04-10,Wallet,0.5891288429903535,April,Monday,Mid Age(41-60),False,False,False,False,False,False,False,True,False
T00651,C4954,1,0.6153846153846154,Beauty,0.75,0.3220408163265306,2023-12-02,Card,0.5929109774383372,December,Saturday,Mid Age(41-60),False,False,False,False,True,False,False,False,False
T00652,C7658,0,0.15384615384615385,Beauty,0.75,0.6575510204081633,2023-11-11,UPI,0.7844961896020836,November,Saturday,Adult(26-40),True,False,False,False,False,False,False,False,False
T00653,C9004,0,0.5961538461538463,Electronics,0.75,0.08612244897959184,2023-01-09,Cash,0.3445025874521493,January,Monday,Mid Age(41-60),False,False,False,False,False,False,False,False,False
T00654,C4937,2,0.0,Sports,1.0,0.9659183673469388,2023-06-20,Card,0.9880474860103077,June,Tuesday,Young Adult(18-25),False,False,False,False,False,False,False,False,False
T00655,C8800,2,0.6346153846153847,Fashion,0.5,0.7173469387755103,2023-12-11,Card,0.723315387427284,December,Monday,Mid Age(41-60),False,False,True,False,False,False,False,False,False
T00656,C9041,1,0.9038461538461539,Groceries,0.5,0.2153061224489796,2023-06-12,Card,0.4415833444062424,June,Monday,Senior(60+),False,False,False,False,True,False,False,False,False
T00657,C8342,0,0.05769230769230771,Furniture,1.0,0.6526530612244898,2023-12-30,UPI,0.8537684559421501,December,Saturday,Young Adult(18-25),False,False,True,False,False,False,False,False,False
T00658,C1282,0,0.6730769230769232,Fashion,0.0,0.2904081632653061,2023-03-28,Wallet,0.2911358324967954,March,Tuesday,Mid Age(41-60),True,False,False,False,False,False,False,False,False
T00659,C2524,1,0.5192307692307693,Fashion,1.0,0.6738775510204081,2023-10-28,Cash,0.8641077649591273,October,Saturday,Mid Age(41-60),False,False,False,False,False,False,True,False,False
T00660,C5820,0,0.7115384615384616,Fashion,0.0,0.5318367346938776,2023-07-07,Wallet,0.392335257866964,July,Friday,Mid Age(41-60),False,False,False,False,True,False,False,False,False
T00661,C4630,0,0.576923076923077,Beauty,0.25,0.8646938775510205,2023-09-22,Cash,0.6602475768208936,September,Friday,Mid Age(41-60),True,False,False,False,False,False,False,False,False
T00662,C7625,0,0.6153846153846154,Beauty,0.25,0.2646938775510204,2023-01-08,Card,0.39850415316291454,January,Sunday,Mid Age(41-60),False,False,False,False,False,False,False,False,True
T00663,C4986,2,0.9423076923076924,Books,0.5,0.7312244897959184,2023-12-07,UPI,0.7287722152218481,December,Thursday,Senior(60+),False,False,False,False,False,False,False,False,True
T00664,C6016,2,0.21153846153846156,Groceries,1.0,0.3861224489795918,2023-07-26,Card,0.6987765076373176,July,Wednesday,Adult(26-40),False,False,False,False,False,True,False,False,False
T00665,C7046,2,0.8461538461538461,Books,1.0,0.16632653061224492,2023-08-02,Card,0.5015197023047218,August,Wednesday,Senior(60+),False,False,False,False,False,False,False,False,False
T00666,C8753,0,0.7115384615384616,Furniture,1.0,0.2110204081632653,2023-12-08,UPI,0.551375767103713,December,Friday,Mid Age(41-60),False,False,False,False,False,False,False,True,False
T00667,C9698,2,0.21153846153846156,Furniture,1.0,0.8428571428571429,2023-12-09,Cash,0.9394484532621402,December,Saturday,Adult(26-40),True,False,False,False,False,False,False,False,False
T00668,C6632,1,0.8846153846153847,Groceries,0.75,0.19775510204081634,2023-02-01,Cash,0.4864749077184012,February,Wednesday,Senior(60+),False,False,False,False,False,False,False,False,False
T00669,C7971,0,1.0,Books,0.75,0.9644897959183674,2023-02-03,Cash,0.907256832676836,February,Friday,Senior(60+),False,False,False,False,False,False,True,False,False
T00670,C6419,0,0.15384615384615385,Books,0.25,0.6553061224489796,2023-04-09,Wallet,0.5895088442242732,April,Sunday,Adult(26-40),False,False,False,True,False,False,False,False,False
T00671,C6764,0,0.11538461538461542,Electronics,0.75,0.43489795918367347,2023-09-14,Cash,0.6680354826562744,September,Thursday,Young Adult(18-25),False,False,False,False,False,False,False,False,False
T00672,C8434,0,0.46153846153846156,Beauty,0.0,0.9242857142857143,2023-03-17,Card,0.5041631445423524,March,Friday,Mid Age(41-60),False,False,True,False,False,False,False,False,False
T00673,C5438,0,0.8076923076923078,Fashion,1.0,0.2657142857142857,2023-05-17,UPI,0.6039536437989725,May,Wednesday,Mid Age(41-60),False,True,False,False,False,False,False,False,False
T00674,C6023,1,0.730769230769231,Books,0.75,0.5389795918367347,2023-02-12,UPI,0.7265071486990781,February,Sunday,Mid Age(41-60),False,False,False,False,False,True,False,False,False
T00675,C5118,2,0.730769230769231,Furniture,0.25,0.34061224489795916,2023-03-30,Cash,0.4459072316062658,March,Thursday,Mid Age(41-60),True,False,False,False,False,False,False,False,False
T00676,C4777,1,0.3846153846153847,Groceries,0.75,0.15571428571428572,2023-08-16,Card,0.4408066898830554,August,Wednesday,Adult(26-40),False,False,True,False,False,False,False,False,False
T00677,C2976,2,0.6153846153846154,Books,0.0,0.15591836734693879,2023-01-23,Cash,0.20718403121334417,January,Monday,Mid Age(41-60),False,False,True,False,False,False,False,False,False
T00678,C4155,2,0.46153846153846156,Groceries,0.5,0.042857142857142864,2023-05-22,Card,0.2172882824460417,May,Monday,Mid Age(41-60),False,False,True,False,False,False,False,False,False
T00679,C6169,1,0.5000000000000001,Beauty,1.0,0.7312244897959184,2023-11-08,Cash,0.8909831367890968,November,Wednesday,Mid Age(41-60),False,False,False,False,False,False,False,False,False
T00680,C2958,2,0.730769230769231,Fashion,0.75,0.019183673469387756,2023-04-12,Wallet,0.19283805909929508,April,Wednesday,Mid Age(41-60),False,False,False,False,False,True,False,False,False
T00681,C9779,2,0.8461538461538461,Groceries,0.5,0.9918367346938777,2023-12-19,Cash,0.8202396240354424,December,Tuesday,Senior(60+),False,False,True,False,False,False,False,False,False
T00682,C4033,1,0.9230769230769232,Beauty,0.0,0.2557142857142857,2023-09-16,Cash,0.2723965655846508,September,Saturday,Senior(60+),False,False,False,False,True,False,False,False,False
T00683,C4138,2,0.28846153846153855,Sports,0.25,0.046326530612244905,2023-07-29,Wallet,0.17093836914553168,July,Saturday,Adult(26-40),False,False,False,False,False,False,False,False,True
T00684,C4545,0,0.326923076923077,Fashion,0.0,0.9087755102040816,2023-03-30,Cash,0.5004365052202192,March,Thursday,Adult(26-40),False,False,False,False,True,False,False,False,False
T00685,C8933,2,0.48076923076923084,Furniture,1.0,0.1316326530612245,2023-11-22,Card,0.45670665807846067,November,Wednesday,Mid Age(41-60),False,False,False,False,False,False,True,False,False
T00686,C5530,1,0.40384615384615385,Fashion,0.25,0.9559183673469388,2023-01-02,Cash,0.6874195084300758,January,Monday,Adult(26-40),True,False,False,False,False,False,False,False,False
T00687,C9595,0,0.34615384615384615,Electronics,0.0,0.6391836734693878,2023-06-09,Cash,0.42734261147873487,June,Friday,Adult(26-40),False,False,False,False,False,False,False,False,True
T00688,C5636,0,0.5384615384615385,Fashion,1.0,0.04224489795918367,2023-05-21,Cash,0.2924023509716613,May,Sunday,Mid Age(41-60),False,False,False,False,True,False,False,False,False
T00689,C2647,2,0.980769230769231,Fashion,0.75,0.21816326530612246,2023-10-15,Wallet,0.5064464699887661,October,Sunday,Senior(60+),False,False,False,False,False,False,False,False,True
T00690,C4180,1,0.15384615384615385,Electronics,0.0,0.7583673469387755,2023-06-29,Wallet,0.4618256063826076,June,Thursday,Adult(26-40),False,False,False,False,False,False,False,True,False
T00691,C5853,0,0.15384615384615385,Fashion,0.25,0.5985714285714285,2023-03-02,UPI,0.5677424983569075,March,Thursday,Adult(26-40),True,False,False,False,False,False,False,False,False
T00692,C4727,2,0.5000000000000001,Books,0.25,0.3118367346938775,2023-06-24,Wallet,0.4288419047471136,June,Saturday,Mid Age(41-60),False,False,False,False,False,True,False,False,False
T00693,C6912,0,0.730769230769231,Books,0.0,0.40061224489795916,2023-08-27,Wallet,0.34237026256870734,August,Sunday,Mid Age(41-60),False,False,False,False,False,False,True,False,False
T00694,C3939,1,0.8461538461538461,Groceries,0.75,0.3706122448979592,2023-10-18,Card,0.6270875430481984,October,Wednesday,Senior(60+),True,False,False,False,False,False,False,False,False
T00695,C5952,2,0.9038461538461539,Furniture,0.5,0.49632653061224485,2023-12-23,Wallet,0.6247478923982028,December,Saturday,Senior(60+),True,False,False,False,False,False,False,False,False
T00696,C1231,0,0.6153846153846154,Furniture,0.25,0.32387755102040816,2023-02-14,UPI,0.43610341251560447,February,Tuesday,Mid Age(41-60),True,False,False,False,False,False,False,False,False
T00697,C9751,1,0.3653846153846154,Sports,0.25,0.8951020408163265,2023-10-17,UPI,0.6695132942869058,October,Tuesday,Adult(26-40),True,False,False,False,False,False,False,False,False
T00698,C3073,0,0.8461538461538461,Furniture,0.5,0.41,2023-08-26,Wallet,0.5781261420131555,August,Saturday,Senior(60+),False,False,False,False,False,False,False,True,False
T00699,C5494,2,0.6730769230769232,Furniture,1.0,0.6320408163265306,2023-02-15,Wallet,0.8435073902860708,February,Wednesday,Mid Age(41-60),False,False,False,False,False,False,False,False,True
T00700,C1745,1,0.3846153846153847,Beauty,0.0,0.4353061224489796,2023-03-01,Card,0.3565313711257605,March,Wednesday,Adult(26-40),False,True,False,False,False,False,False,False,False
T00701,C1893,2,0.8653846153846155,Electronics,0.75,0.0863265306122449,2023-02-16,Wallet,0.34484210511520974,February,Thursday,Senior(60+),False,True,False,False,False,False,False,False,False
T00702,C5786,0,0.9038461538461539,Fashion,0.0,0.4595918367346939,2023-04-04,UPI,0.36600258043140554,April,Tuesday,Senior(60+),False,False,False,False,False,False,False,False,False
T00703,C3068,0,0.6730769230769232,Fashion,0.5,0.1385714285714286,2023-02-14,Card,0.3648274084602256,February,Tuesday,Mid Age(41-60),False,True,False,False,False,False,False,False,False
T00704,C9042,1,0.7692307692307693,Groceries,1.0,0.24020408163265308,2023-04-06,Card,0.5803928913216507,April,Thursday,Mid Age(41-60),True,False,False,False,False,False,False,False,False
T00705,C2680,0,0.25,Fashion,0.0,0.03857142857142857,2023-06-12,UPI,0.08072338713141247,June,Monday,Adult(26-40),False,False,True,False,False,False,False,False,False
T00706,C1200,2,0.23076923076923084,Electronics,0.25,0.9685714285714286,2023-10-30,Card,0.6910465616132713,October,Monday,Adult(26-40),True,False,False,False,False,False,False,False,False
T00707,C5658,0,0.25,Groceries,0.5,0.17285714285714288,2023-11-17,Wallet,0.4017435456158962,November,Friday,Adult(26-40),False,False,False,True,False,False,False,False,False
T00708,C8690,2,0.7500000000000001,Books,0.75,0.1853061224489796,2023-01-11,UPI,0.4736440615159949,January,Wednesday,Mid Age(41-60),False,False,False,False,False,False,False,True,False
T00709,C8843,0,0.8653846153846155,Books,0.75,0.7675510204081633,2023-03-28,Card,0.8322608204822459,March,Tuesday,Senior(60+),False,False,False,False,False,False,True,False,False
T00710,C8216,2,0.34615384615384615,Groceries,0.25,0.9961224489795919,2023-01-06,UPI,0.698833645310009,January,Friday,Adult(26-40),False,True,False,False,False,False,False,False,False
T00711,C6582,2,0.826923076923077,Beauty,0.0,0.20510204081632655,2023-04-22,Cash,0.24185649112424734,April,Saturday,Senior(60+),False,False,False,False,False,False,False,True,False
T00712,C4020,2,0.42307692307692313,Sports,0.25,0.1789795918367347,2023-11-23,Wallet,0.3328568755569923,November,Thursday,Adult(26-40),False,False,False,False,False,False,False,False,False
T00713,C1841,0,0.826923076923077,Fashion,1.0,0.23693877551020412,2023-07-11,UPI,0.5772625496828336,July,Tuesday,Senior(60+),False,False,False,False,False,False,False,False,False
T00714,C5136,2,0.15384615384615385,Beauty,0.75,0.4720408163265306,2023-08-24,Card,0.6898800988548428,August,Thursday,Adult(26-40),False,False,False,False,False,False,False,False,False
T00715,C8827,1,0.8653846153846155,Books,0.75,0.43795918367346937,2023-02-11,Cash,0.6698818852630137,February,Saturday,Senior(60+),False,False,False,False,True,False,False,False,False
T00716,C2869,0,0.7884615384615384,Electronics,0.0,0.30183673469387756,2023-05-07,Wallet,0.29698804517184035,May,Sunday,Mid Age(41-60),False,False,False,False,False,False,False,True,False
T00717,C2070,2,0.21153846153846156,Beauty,0.75,0.15510204081632653,2023-06-07,Wallet,0.4400879657034068,June,Wednesday,Adult(26-40),False,False,False,False,False,False,True,False,False
T00718,C7565,2,0.6153846153846154,Furniture,0.25,0.12918367346938778,2023-12-15,Card,0.2850229810238791,December,Friday,Mid Age(41-60),False,False,False,False,False,False,False,False,False
T00719,C9056,2,0.6538461538461539,Books,0.25,0.8261224489795919,2023-11-25,Wallet,0.6481693204208776,November,Saturday,Mid Age(41-60),False,False,False,True,False,False,False,False,False
T00720,C2213,2,0.8461538461538461,Electronics,0.25,0.6040816326530613,2023-04-08,Card,0.5699160421044184,April,Saturday,Senior(60+),False,False,False,True,False,False,False,False,False
T00721,C1878,1,0.7692307692307693,Electronics,0.5,0.34755102040816327,2023-03-09,UPI,0.5401476824847099,March,Thursday,Mid Age(41-60),False,False,False,False,False,False,True,False,False
T00722,C3485,1,0.3846153846153847,Books,0.75,0.6532653061224489,2023-06-08,Card,0.7825290254384256,June,Thursday,Adult(26-40),False,False,False,False,False,False,False,False,False
T00723,C3444,1,0.8653846153846155,Electronics,0.75,0.16816326530612247,2023-01-28,Wallet,0.45505703726750085,January,Saturday,Senior(60+),False,False,False,False,False,False,False,False,False
T00724,C5978,2,0.13461538461538464,Groceries,0.25,0.8208163265306122,2023-07-14,Wallet,0.6464779142118513,July,Friday,Young Adult(18-25),False,False,False,False,False,False,False,False,True
T00725,C2395,2,0.9230769230769232,Sports,1.0,0.03653061224489796,2023-12-28,Wallet,0.27717246390850486,December,Thursday,Senior(60+),False,False,False,False,False,False,False,False,False
T00726,C5066,0,0.42307692307692313,Groceries,1.0,0.6916326530612245,2023-05-27,Wallet,0.8725889407810199,May,Saturday,Adult(26-40),False,False,True,False,False,False,False,False,False
T00727,C2940,1,0.6730769230769232,Books,0.5,0.12285714285714286,2023-04-02,Wallet,0.3460268647344812,April,Sunday,Mid Age(41-60),False,False,False,False,False,False,True,False,False
T00728,C7818,2,0.576923076923077,Electronics,1.0,0.813265306122449,2023-05-23,Wallet,0.9270485876952838,May,Tuesday,Mid Age(41-60),False,False,False,False,False,False,True,False,False
T00729,C4697,2,0.7115384615384616,Furniture,0.25,0.12755102040816327,2023-03-13,Wallet,0.2832773778000124,March,Monday,Mid Age(41-60),False,False,False,False,False,False,False,True,False
T00730,C9561,1,0.6923076923076924,Groceries,1.0,0.3514285714285714,2023-10-17,Wallet,0.67373151661687,October,Tuesday,Mid Age(41-60),False,False,False,True,False,False,False,False,False
T00731,C7232,2,0.8076923076923078,Beauty,0.75,0.7018367346938775,2023-06-11,UPI,0.8043330058362819,June,Sunday,Mid Age(41-60),False,False,False,False,True,False,False,False,False
T00732,C8381,2,0.8653846153846155,Beauty,0.5,0.6273469387755102,2023-07-31,UPI,0.686065652615012,July,Monday,Senior(60+),False,True,False,False,False,False,False,False,False
T00733,C8253,2,0.5000000000000001,Electronics,0.25,0.5240816326530612,2023-04-26,UPI,0.5369398211477521,April,Wednesday,Mid Age(41-60),False,False,False,False,False,False,True,False,False
T00734,C5871,2,0.826923076923077,Furniture,0.0,0.7536734693877551,2023-04-07,Wallet,0.4605399146468818,April,Friday,Senior(60+),False,False,False,False,True,False,False,False,False
T00735,C8025,0,0.9038461538461539,Books,0.25,0.26918367346938776,2023-05-20,Card,0.401537897046513,May,Saturday,Senior(60+),False,False,False,True,False,False,False,False,False
T00736,C6003,0,0.6538461538461539,Beauty,0.75,0.3004081632653061,2023-04-13,Card,0.5765937878690306,April,Thursday,Mid Age(41-60),False,False,False,False,False,False,False,True,False
T00737,C1986,0,0.34615384615384615,Books,0.0,0.4993877551020408,2023-04-01,Card,0.3808248067823314,April,Saturday,Adult(26-40),True,False,False,False,False,False,False,False,False
T00738,C2625,1,0.5192307692307693,Fashion,0.75,0.016938775510204084,2023-06-01,Card,0.1852363153415455,June,Thursday,Mid Age(41-60),True,False,False,False,False,False,False,False,False
T00739,C4404,1,0.980769230769231,Fashion,1.0,0.29857142857142854,2023-05-13,Card,0.6322316452291354,May,Saturday,Senior(60+),False,False,False,False,False,False,False,True,False
T00740,C4457,1,0.0,Electronics,0.25,0.9483673469387756,2023-12-24,Card,0.685239331750463,December,Sunday,Young Adult(18-25),False,False,False,False,False,True,False,False,False
T00741,C5335,0,0.6346153846153847,Sports,1.0,0.05244897959183673,2023-08-14,UPI,0.31734653977534444,August,Monday,Mid Age(41-60),False,False,False,False,False,False,False,True,False
T00742,C2330,1,0.11538461538461542,Beauty,0.5,0.1959183673469388,2023-05-16,Wallet,0.4240673086593776,May,Tuesday,Young Adult(18-25),True,False,False,False,False,False,False,False,False
T00743,C3573,2,0.019230769230769273,Sports,1.0,0.5730612244897959,2023-02-17,Wallet,0.8128385167588769,February,Friday,Young Adult(18-25),False,False,False,False,False,False,False,True,False
T00744,C4929,2,0.46153846153846156,Electronics,0.75,0.5795918367346938,2023-09-08,UPI,0.7472586876129415,September,Friday,Mid Age(41-60),False,False,False,False,False,False,True,False,False
T00745,C3847,2,0.17307692307692313,Sports,0.75,0.8089795918367347,2023-07-01,UPI,0.8490414804207711,July,Saturday,Adult(26-40),False,False,False,False,False,False,True,False,False
T00746,C2229,2,0.05769230769230771,Beauty,0.75,0.913469387755102,2023-10-24,Card,0.8889129970057701,October,Tuesday,Young Adult(18-25),False,True,False,False,False,False,False,False,False
T00747,C3564,2,0.8076923076923078,Books,1.0,0.00836734693877551,2023-07-06,Wallet,0.1804127182956224,July,Thursday,Mid Age(41-60),False,False,False,False,False,True,False,False,False
T00748,C1043,2,0.05769230769230771,Sports,0.0,0.2646938775510204,2023-06-28,Card,0.27739737318367425,June,Wednesday,Young Adult(18-25),False,False,True,False,False,False,False,False,False
T00749,C7693,2,0.23076923076923084,Books,0.0,0.8722448979591837,2023-11-25,Wallet,0.49148460311888004,November,Saturday,Adult(26-40),False,False,False,False,False,False,False,True,False
T00750,C8381,1,0.326923076923077,Sports,0.5,0.4253061224489796,2023-09-25,Cash,0.5868403778555455,September,Monday,Adult(26-40),False,False,True,False,False,False,False,False,False
T00751,C8699,0,0.9230769230769232,Groceries,0.75,0.203265306122449,2023-08-19,Wallet,0.49199137957877787,August,Saturday,Senior(60+),False,False,False,False,False,False,False,False,True
T00752,C5771,0,0.9615384615384616,Furniture,0.5,0.32224489795918365,2023-11-20,UPI,0.5234718386346515,November,Monday,Senior(60+),True,False,False,False,False,False,False,False,False
T00753,C1534,0,0.1923076923076924,Electronics,0.5,0.04938775510204082,2023-12-18,Wallet,0.23112906419169255,December,Monday,Adult(26-40),True,False,False,False,False,False,False,False,False
T00754,C4792,0,0.34615384615384615,Fashion,0.75,0.8959183673469387,2023-03-29,Cash,0.8824412877838269,March,Wednesday,Adult(26-40),False,True,False,False,False,False,False,False,False
T00755,C5720,2,0.826923076923077,Sports,1.0,0.03836734693877551,2023-01-19,Card,0.2821795474330032,January,Thursday,Senior(60+),False,False,False,False,False,False,True,False,False
T00756,C5632,2,0.3076923076923077,Electronics,0.25,0.8659183673469388,2023-10-27,Card,0.6606249482549508,October,Friday,Adult(26-40),False,False,False,False,False,False,True,False,False
T00757,C8438,2,0.17307692307692313,Books,0.75,0.8555102040816327,2023-07-17,UPI,0.8672055918058834,July,Monday,Adult(26-40),False,False,False,False,False,False,True,False,False
T00758,C2166,2,0.05769230769230771,Books,0.25,0.2546938775510204,2023-03-21,Card,0.3916254392794678,March,Tuesday,Young Adult(18-25),False,False,False,False,True,False,False,False,False
T00759,C4824,1,0.8461538461538461,Groceries,0.25,0.36142857142857143,2023-10-03,Wallet,0.45766951721333315,October,Tuesday,Senior(60+),True,False,False,False,False,False,False,False,False
T00760,C5334,0,0.9615384615384616,Groceries,1.0,0.61,2023-10-19,Wallet,0.8322818605474427,October,Thursday,Senior(60+),False,False,False,False,False,False,False,False,False
T00761,C4241,1,0.34615384615384615,Books,0.75,0.19183673469387758,2023-04-18,Card,0.48044049101528924,April,Tuesday,Adult(26-40),False,False,False,False,False,False,True,False,False
T00762,C7965,0,0.25,Sports,0.75,0.3626530612244898,2023-12-26,Wallet,0.6216983247606304,December,Tuesday,Adult(26-40),False,False,False,False,False,True,False,False,False
T00763,C2880,1,0.9230769230769232,Beauty,0.75,0.049183673469387755,2023-08-11,Cash,0.27365727234345116,August,Friday,Senior(60+),False,False,False,False,False,False,False,True,False
T00764,C9922,0,0.6538461538461539,Furniture,0.25,0.5475510204081633,2023-06-27,Card,0.5469458415714261,June,Tuesday,Mid Age(41-60),False,False,True,False,False,False,False,False,False
T00765,C4683,0,0.03846153846153849,Books,1.0,0.23163265306122452,2023-11-27,Wallet,0.5721161310970134,November,Monday,Young Adult(18-25),False,True,False,False,False,False,False,False,False
T00766,C3441,1,0.42307692307692313,Beauty,0.0,0.3673469387755102,2023-12-16,Card,0.3280062452505419,December,Saturday,Adult(26-40),False,False,False,False,False,True,False,False,False
T00767,C5352,1,1.0,Beauty,0.75,0.13938775510204082,2023-05-28,UPI,0.421010637094909,May,Sunday,Senior(60+),False,False,False,False,False,True,False,False,False
T00768,C3330,2,0.5384615384615385,Fashion,0.0,0.21142857142857144,2023-04-17,Card,0.24591995397181537,April,Monday,Mid Age(41-60),False,False,False,False,False,False,False,False,True
T00769,C2169,1,0.11538461538461542,Furniture,0.25,0.4473469387755102,2023-06-25,Wallet,0.5019617815038303,June,Sunday,Young Adult(18-25),False,False,True,False,False,False,False,False,False
T00770,C1977,0,0.7500000000000001,Fashion,0.25,0.4573469387755102,2023-12-25,Card,0.5067368046544865,December,Monday,Mid Age(41-60),False,False,False,False,False,False,False,False,True
T00771,C3718,0,0.826923076923077,Fashion,0.5,0.8051020408163265,2023-09-15,Card,0.7566963488416254,September,Friday,Senior(60+),False,False,False,False,True,False,False,False,False
T00772,C6039,0,0.9038461538461539,Electronics,1.0,0.3330612244897959,2023-10-10,Wallet,0.659806849669184,October,Tuesday,Senior(60+),False,False,True,False,False,False,False,False,False
T00773,C5728,0,0.6730769230769232,Fashion,0.5,0.1536734693877551,2023-05-18,UPI,0.3817107239312908,May,Thursday,Mid Age(41-60),False,True,False,False,False,False,False,False,False
T00774,C8195,1,0.2692307692307693,Fashion,0.0,0.5826530612244898,2023-02-16,Wallet,0.40944844569433614,February,Thursday,Adult(26-40),False,False,False,False,False,False,False,False,False
T00775,C3037,2,0.9038461538461539,Groceries,0.25,0.9218367346938776,2023-09-20,Card,0.6774839560508173,September,Wednesday,Senior(60+),True,False,False,False,False,False,False,False,False
T00776,C8679,0,0.7884615384615384,Furniture,0.75,0.49204081632653063,2023-04-18,Card,0.7011694330860324,April,Tuesday,Mid Age(41-60),False,False,True,False,False,False,False,False,False
T00777,C5982,0,0.6730769230769232,Furniture,0.75,0.7808163265306123,2023-05-13,Wallet,0.837699546151041,May,Saturday,Mid Age(41-60),False,True,False,False,False,False,False,False,False
T00778,C7594,0,0.46153846153846156,Groceries,1.0,0.8287755102040817,2023-04-22,UPI,0.9335854285805556,April,Saturday,Mid Age(41-60),False,False,False,False,False,True,False,False,False
T00779,C5460,1,0.28846153846153855,Books,0.0,0.7289795918367347,2023-08-28,Cash,0.45368499459682377,August,Monday,Adult(26-40),False,False,False,False,True,False,False,False,False
T00780,C9199,0,0.6153846153846154,Sports,0.5,0.8569387755102041,2023-05-14,Cash,0.7752643767703936,May,Sunday,Mid Age(41-60),False,False,False,False,False,False,False,False,True
T00781,C9847,2,0.9615384615384616,Electronics,0.0,0.6685714285714286,2023-01-17,Cash,0.43622495146588497,January,Tuesday,Senior(60+),False,False,False,False,True,False,False,False,False
T00782,C9090,2,0.9615384615384616,Furniture,0.0,0.3226530612244898,2023-03-01,Cash,0.30728593388034575,March,Wednesday,Senior(60+),False,False,False,True,False,False,False,False,False
T00783,C8172,0,0.980769230769231,Sports,1.0,0.4179591836734694,2023-09-22,Cash,0.7204787791028839,September,Friday,Senior(60+),False,False,False,True,False,False,False,False,False
T00784,C2317,0,0.8461538461538461,Groceries,0.5,0.28897959183673466,2023-12-04,Cash,0.5001898152447102,December,Monday,Senior(60+),False,False,False,False,False,False,True,False,False
T00785,C1653,1,0.34615384615384615,Beauty,0.75,0.3308163265306122,2023-11-20,Cash,0.5993253391454663,November,Monday,Adult(26-40),False,False,False,False,False,False,False,True,False
T00786,C8078,0,0.8461538461538461,Electronics,0.75,0.4697959183673469,2023-04-06,UPI,0.6885930891837219,April,Thursday,Senior(60+),False,False,True,False,False,False,False,False,False
T00787,C6280,1,0.8076923076923078,Groceries,0.25,0.656734693877551,2023-09-01,Cash,0.5900401741885275,September,Friday,Mid Age(41-60),False,False,False,False,False,False,True,False,False
T00788,C5102,2,0.05769230769230771,Sports,0.5,0.17183673469387756,2023-03-13,UPI,0.4007137837064213,March,Monday,Young Adult(18-25),False,False,False,False,True,False,False,False,False
T00789,C1423,1,0.46153846153846156,Furniture,0.25,0.9757142857142858,2023-08-28,UPI,0.6930798179157182,August,Monday,Mid Age(41-60),False,False,True,False,False,False,False,False,False
T00790,C2496,1,0.46153846153846156,Furniture,1.0,0.9822448979591838,2023-10-28,Card,0.9941712338646106,October,Saturday,Mid Age(41-60),False,False,False,False,False,False,False,False,False
T00791,C4750,0,0.5000000000000001,Beauty,0.0,0.5208163265306123,2023-06-15,Card,0.38848024266910663,June,Thursday,Mid Age(41-60),False,False,False,False,False,False,True,False,False
T00792,C1339,2,0.9615384615384616,Fashion,0.75,0.27693877551020407,2023-07-10,Card,0.5579986597912603,July,Monday,Senior(60+),False,True,False,False,False,False,False,False,False
T00793,C5415,1,0.826923076923077,Groceries,0.0,0.34408163265306124,2023-10-16,UPI,0.31744126772715736,October,Monday,Senior(60+),False,False,False,False,False,False,False,False,True
T00794,C1659,2,0.3846153846153847,Books,0.0,0.8155102040816327,2023-07-13,Cash,0.47706079058458006,July,Thursday,Adult(26-40),False,False,False,False,False,False,True,False,False
T00795,C3870,1,0.6730769230769232,Fashion,0.75,0.7244897959183674,2023-12-04,UPI,0.8141533013796793,December,Monday,Mid Age(41-60),False,False,False,False,False,True,False,False,False
T00796,C8708,2,0.05769230769230771,Groceries,0.75,0.7457142857142858,2023-10-29,UPI,0.8231670463443459,October,Sunday,Young Adult(18-25),False,True,False,False,False,False,False,False,False
T00797,C9502,1,0.0,Furniture,0.5,0.7083673469387756,2023-01-18,Wallet,0.7197462414259839,January,Wednesday,Young Adult(18-25),False,False,False,False,True,False,False,False,False
T00798,C8245,2,0.9038461538461539,Beauty,0.75,0.9969387755102042,2023-06-15,Wallet,0.918581114843504,June,Thursday,Senior(60+),False,False,False,False,False,False,True,False,False
T00799,C5557,1,0.3076923076923077,Groceries,0.25,0.45408163265306123,2023-12-26,UPI,0.5051853423519409,December,Tuesday,Adult(26-40),False,False,False,False,False,False,True,False,False
T00800,C3973,2,0.23076923076923084,Books,0.75,0.5328571428571428,2023-02-23,Card,0.7232884626489828,February,Thursday,Adult(26-40),False,False,False,False,False,True,False,False,False
T00801,C8141,1,0.7500000000000001,Groceries,0.0,0.17979591836734696,2023-11-19,UPI,0.22475891848009166,November,Sunday,Mid Age(41-60),True,False,False,False,False,False,False,False,False
T00802,C9056,0,0.9423076923076924,Electronics,0.0,0.6402040816326531,2023-07-03,UPI,0.4276556028582253,July,Monday,Senior(60+),False,False,False,False,False,False,True,False,False
T00803,C2494,2,0.5384615384615385,Beauty,0.5,0.7175510204081633,2023-01-05,Cash,0.7233961513742831,January,Thursday,Mid Age(41-60),False,False,False,False,False,False,True,False,False
T00804,C8700,0,0.2692307692307693,Sports,0.0,0.33387755102040817,2023-03-23,Card,0.31265883933113486,March,Thursday,Adult(26-40),False,False,False,False,False,False,False,False,False
T00805,C6700,0,0.7692307692307693,Electronics,0.25,0.9481632653061225,2023-08-04,Card,0.6851802438269196,August,Friday,Mid Age(41-60),False,False,False,False,True,False,False,False,False
T00806,C7690,1,0.8653846153846155,Books,0.5,0.59,2023-09-01,Card,0.6695440233292758,September,Friday,Senior(60+),False,False,False,False,False,False,False,False,False
T00807,C6460,0,0.8653846153846155,Beauty,0.75,0.6251020408163266,2023-06-21,Wallet,0.7693798296516616,June,Wednesday,Senior(60+),False,False,False,False,False,False,False,False,False
T00808,C6260,2,0.7884615384615384,Beauty,0.75,0.10734693877551021,2023-06-22,Cash,0.377626165926682,June,Thursday,Mid Age(41-60),True,False,False,False,False,False,False,False,False
T00809,C2713,1,0.4423076923076924,Books,0.75,0.7512244897959184,2023-11-28,Wallet,0.8254786180794113,November,Tuesday,Mid Age(41-60),False,False,False,False,False,False,True,False,False
T00810,C3634,1,0.9230769230769232,Electronics,0.0,0.27959183673469384,2023-02-21,Card,0.28545730514144496,February,Tuesday,Senior(60+),False,False,False,True,False,False,False,False,False
T00811,C6403,2,0.7115384615384616,Beauty,0.0,0.0563265306122449,2023-04-06,Wallet,0.10738515877433985,April,Thursday,Mid Age(41-60),False,True,False,False,False,False,False,False,False
T00812,C7744,2,0.6538461538461539,Books,1.0,0.8548979591836735,2023-07-03,UPI,0.9444090861522295,July,Monday,Mid Age(41-60),False,False,False,True,False,False,False,False,False
T00813,C9117,0,0.9038461538461539,Beauty,0.25,0.42306122448979594,2023-06-06,Card,0.49006131717375334,June,Tuesday,Senior(60+),False,False,False,False,False,False,False,True,False
T00814,C5722,0,0.730769230769231,Fashion,0.75,0.9810204081632654,2023-03-25,Cash,0.9130577923972636,March,Saturday,Mid Age(41-60),False,False,True,False,False,False,False,False,False
T00815,C7561,1,0.23076923076923084,Groceries,0.25,0.6851020408163265,2023-08-28,Card,0.6004326409996943,August,Monday,Adult(26-40),False,False,False,False,False,False,False,True,False
T00816,C1601,2,0.9423076923076924,Sports,0.75,0.4906122448979592,2023-10-07,Wallet,0.7003733474028172,October,Saturday,Senior(60+),False,False,False,False,False,False,False,False,False
T00817,C8451,2,0.8846153846153847,Furniture,0.5,0.886734693877551,2023-04-06,Cash,0.7855930830595955,April,Thursday,Senior(60+),False,False,True,False,False,False,False,False,False
T00818,C2442,1,0.23076923076923084,Groceries,0.25,0.5887755102040816,2023-01-12,Cash,0.5638448654282534,January,Thursday,Adult(26-40),False,False,False,True,False,False,False,False,False
T00819,C6153,0,0.34615384615384615,Beauty,0.25,0.6657142857142857,2023-08-13,Card,0.59336218680374,August,Sunday,Adult(26-40),False,False,False,False,False,False,True,False,False
T00820,C5135,2,0.5384615384615385,Beauty,0.0,0.049999999999999996,2023-11-12,Wallet,0.09843152571488811,November,Sunday,Mid Age(41-60),False,False,False,False,False,False,False,False,True
T00821,C6296,0,0.21153846153846156,Groceries,1.0,0.1916326530612245,2023-08-22,Wallet,0.5306561109058175,August,Tuesday,Adult(26-40),False,False,False,False,False,False,False,False,True
T00822,C2899,0,0.826923076923077,Books,0.0,0.3006122448979592,2023-10-31,Wallet,0.29636801189393863,October,Tuesday,Senior(60+),False,False,False,False,False,False,False,True,False
T00823,C7622,1,0.07692307692307698,Beauty,0.25,0.5393877551020408,2023-10-22,Wallet,0.5434987636467236,October,Sunday,Young Adult(18-25),False,False,False,False,False,True,False,False,False
T00824,C9431,2,0.21153846153846156,Electronics,0.5,0.7177551020408164,2023-12-22,Card,0.723476899745116,December,Friday,Adult(26-40),False,False,False,False,False,True,False,False,False
T00825,C1018,1,0.21153846153846156,Sports,0.0,0.31081632653061225,2023-08-11,Cash,0.30148550903921295,August,Friday,Adult(26-40),False,False,False,False,True,False,False,False,False
T00826,C9889,1,0.9038461538461539,Books,1.0,0.5979591836734693,2023-07-24,UPI,0.8260333871199597,July,Monday,Senior(60+),False,False,False,True,False,False,False,False,False
T00827,C8569,0,0.6153846153846154,Fashion,0.75,0.41,2023-08-31,Wallet,0.6526866522786016,August,Thursday,Mid Age(41-60),False,False,False,False,False,False,False,True,False
T00828,C7770,2,0.13461538461538464,Books,0.25,0.12142857142857144,2023-05-05,Card,0.27660920573551606,May,Friday,Young Adult(18-25),False,False,False,True,False,False,False,False,False
T00829,C1888,1,0.46153846153846156,Furniture,0.0,0.35959183673469386,2023-05-10,Wallet,0.3245349219605045,May,Wednesday,Mid Age(41-60),False,True,False,False,False,False,False,False,False
T00830,C4073,2,0.03846153846153849,Furniture,0.0,0.6212244897959184,2023-07-11,Cash,0.4217778506373946,July,Tuesday,Young Adult(18-25),False,True,False,False,False,False,False,False,False
T00831,C9494,1,0.5192307692307693,Electronics,0.5,0.6218367346938776,2023-11-04,Wallet,0.6836705591321506,November,Saturday,Mid Age(41-60),False,False,True,False,False,False,False,False,False
T00832,C6927,2,0.326923076923077,Furniture,0.25,0.24244897959183673,2023-06-22,UPI,0.382960828337621,June,Thursday,Adult(26-40),False,True,False,False,False,False,False,False,False
T00833,C9167,1,0.6730769230769232,Groceries,0.75,0.5255102040816326,2023-09-05,UPI,0.7193930787940154,September,Tuesday,Mid Age(41-60),False,True,False,False,False,False,False,False,False
T00834,C8242,0,0.3076923076923077,Groceries,0.5,0.2042857142857143,2023-12-14,Cash,0.43175584362918384,December,Thursday,Adult(26-40),False,False,False,False,True,False,False,False,False
T00835,C1845,0,0.15384615384615385,Electronics,0.25,0.015918367346938772,2023-07-25,UPI,0.1016703798901133,July,Tuesday,Adult(26-40),False,False,False,False,True,False,False,False,False
T00836,C4335,1,0.1923076923076924,Books,0.25,0.5324489795918367,2023-06-03,Cash,0.5405410774270262,June,Saturday,Adult(26-40),False,False,False,False,False,True,False,False,False
T00837,C5375,0,0.7115384615384616,Books,0.0,0.01816326530612245,2023-01-21,Card,0.04196624146047123,January,Saturday,Mid Age(41-60),False,False,False,False,False,False,False,True,False
T00838,C9998,1,0.3076923076923077,Fashion,1.0,0.549795918367347,2023-04-30,Card,0.8001552041669313,April,Sunday,Adult(26-40),False,False,True,False,False,False,False,False,False
T00839,C3146,0,0.0,Groceries,0.25,0.3573469387755102,2023-09-17,UPI,0.4553990767153261,September,Sunday,Young Adult(18-25),False,False,False,False,False,True,False,False,False
T00840,C5719,2,0.40384615384615385,Fashion,0.75,0.7779591836734694,2023-02-25,Wallet,0.8365334650725029,February,Saturday,Adult(26-40),False,False,False,False,False,True,False,False,False
T00841,C8178,0,0.5576923076923077,Books,0.0,0.9485714285714286,2023-08-04,Card,0.5099134918340729,August,Friday,Mid Age(41-60),False,False,False,False,False,False,False,False,True
T00842,C8941,2,0.8653846153846155,Fashion,1.0,0.5375510204081633,2023-08-07,Cash,0.7933342954281961,August,Monday,Senior(60+),False,False,False,False,False,False,True,False,False
T00843,C2989,2,0.17307692307692313,Furniture,0.0,0.38877551020408163,2023-05-18,Card,0.3373529502503989,May,Thursday,Adult(26-40),False,False,False,False,False,False,True,False,False
T00844,C1472,0,0.03846153846153849,Beauty,0.75,0.9387755102040817,2023-10-23,UPI,0.898096606529198,October,Monday,Young Adult(18-25),False,False,False,False,False,False,False,True,False
T00845,C4920,2,0.17307692307692313,Groceries,0.5,0.1106122448979592,2023-07-25,UPI,0.33035356692928447,July,Tuesday,Adult(26-40),True,False,False,False,False,False,False,False,False
T00846,C3594,0,0.3846153846153847,Books,0.75,0.6444897959183673,2023-10-31,Cash,0.7784736238258084,October,Tuesday,Adult(26-40),False,False,False,True,False,False,False,False,False
T00847,C6091,2,0.730769230769231,Books,0.0,0.47408163265306125,2023-01-15,UPI,0.371495247993741,January,Sunday,Mid Age(41-60),False,False,False,False,False,True,False,False,False
T00848,C1224,0,0.05769230769230771,Beauty,1.0,0.3546938775510204,2023-03-25,Wallet,0.6761564907491334,March,Saturday,Young Adult(18-25),False,False,False,False,False,True,False,False,False
T00849,C7684,2,0.9423076923076924,Furniture,0.0,0.8814285714285715,2023-09-20,Cash,0.4937587743782408,September,Wednesday,Senior(60+),False,False,False,False,False,False,False,False,False
T00850,C2527,1,0.7692307692307693,Books,0.0,0.363469387755102,2023-03-27,Wallet,0.3262766948630692,March,Monday,Mid Age(41-60),False,False,False,False,False,False,False,False,False
T00851,C4681,0,0.7500000000000001,Electronics,0.75,0.17204081632653062,2023-06-03,Card,0.45936126556530144,June,Saturday,Mid Age(41-60),False,False,False,False,False,False,False,True,False
T00852,C2858,0,0.8076923076923078,Groceries,0.25,0.9377551020408164,2023-11-02,UPI,0.6821551758523274,November,Thursday,Mid Age(41-60),True,False,False,False,False,False,False,False,False
T00853,C8560,0,0.3653846153846154,Books,0.25,0.46469387755102043,2023-12-24,UPI,0.5102007510467885,December,Sunday,Adult(26-40),False,False,False,False,False,False,False,False,False
T00854,C2924,2,0.5961538461538463,Electronics,0.5,0.12489795918367347,2023-09-26,Card,0.34854726653969553,September,Tuesday,Mid Age(41-60),True,False,False,False,False,False,False,False,False
T00855,C3522,1,0.9615384615384616,Books,0.25,0.9593877551020409,2023-04-12,UPI,0.6884172695785513,April,Wednesday,Senior(60+),False,False,False,False,False,False,False,False,False
T00856,C9165,2,0.6923076923076924,Books,0.25,0.7048979591836735,2023-10-18,Cash,0.6075134830461864,October,Wednesday,Mid Age(41-60),False,False,False,False,True,False,False,False,False
T00857,C5781,2,0.6730769230769232,Furniture,0.0,0.7275510204081632,2023-03-13,Wallet,0.45328363795323623,March,Monday,Mid Age(41-60),False,False,False,False,False,True,False,False,False
T00858,C9337,0,0.42307692307692313,Furniture,0.0,0.5312244897959184,2023-03-08,UPI,0.3921225046101311,March,Wednesday,Adult(26-40),False,False,False,False,False,False,False,False,False
T00859,C5479,2,0.07692307692307698,Beauty,0.75,0.5351020408163265,2023-12-06,Card,0.7244715184768078,December,Wednesday,Young Adult(18-25),False,False,False,False,False,False,False,False,True
T00860,C7807,2,0.9615384615384616,Furniture,0.0,0.33122448979591834,2023-06-20,Cash,0.3113997100637433,June,Tuesday,Senior(60+),False,False,False,False,False,False,False,True,False
T00861,C8905,1,0.8653846153846155,Books,0.0,0.3293877551020408,2023-01-28,Card,0.31052412051830236,January,Saturday,Senior(60+),False,False,False,False,True,False,False,False,False
T00862,C8736,2,0.3846153846153847,Groceries,0.5,0.08285714285714285,2023-02-16,UPI,0.29060606315736903,February,Thursday,Adult(26-40),False,True,False,False,False,False,False,False,False
T00863,C4993,1,0.6346153846153847,Beauty,0.25,0.8257142857142857,2023-06-08,UPI,0.6480394751923655,June,Thursday,Mid Age(41-60),False,False,False,False,False,False,True,False,False
T00864,C8483,0,0.2692307692307693,Furniture,0.0,0.833469387755102,2023-03-14,Wallet,0.4816985297855583,March,Tuesday,Adult(26-40),False,False,False,False,False,True,False,False,False
T00865,C3369,1,0.21153846153846156,Books,0.25,0.07816326530612244,2023-06-27,Wallet,0.22259034010832213,June,Tuesday,Adult(26-40),False,False,False,False,True,False,False,False,False
T00866,C7284,1,0.6346153846153847,Electronics,0.0,0.45877551020408164,2023-08-23,UPI,0.36568971337487277,August,Wednesday,Mid Age(41-60),False,False,False,False,True,False,False,False,False
T00867,C4122,0,0.07692307692307698,Books,0.25,0.7040816326530612,2023-07-22,Cash,0.6072241716855467,July,Saturday,Young Adult(18-25),False,False,False,False,False,False,False,True,False
T00868,C9327,1,0.9615384615384616,Fashion,0.25,0.19918367346938776,2023-03-26,UPI,0.3498814013426362,March,Sunday,Senior(60+),False,False,False,True,False,False,False,False,False
T00869,C3236,1,0.6153846153846154,Beauty,0.0,0.20734693877551022,2023-08-24,Wallet,0.2433073534768746,August,Thursday,Mid Age(41-60),False,False,False,False,False,False,True,False,False
T00870,C2143,0,0.1923076923076924,Groceries,0.75,0.756938775510204,2023-01-01,Cash,0.8278636749582022,January,Sunday,Adult(26-40),False,False,False,False,False,True,False,False,False
T00871,C5526,2,0.5000000000000001,Sports,1.0,0.28591836734693876,2023-12-04,UPI,0.6215939238404277,December,Monday,Mid Age(41-60),False,False,False,False,False,True,False,False,False
T00872,C7798,1,0.6538461538461539,Electronics,0.0,0.5463265306122449,2023-03-17,Cash,0.3973231027424,March,Friday,Mid Age(41-60),False,False,True,False,False,False,False,False,False
T00873,C6568,2,0.6538461538461539,Groceries,0.5,0.9881632653061225,2023-04-13,Card,0.8190720888865823,April,Thursday,Mid Age(41-60),True,False,False,False,False,False,False,False,False
T00874,C9318,0,0.48076923076923084,Furniture,0.5,0.64,2023-03-30,Cash,0.691512206629334,March,Thursday,Mid Age(41-60),False,True,False,False,False,False,False,False,False
T00875,C5377,0,0.0961538461538462,Sports,1.0,0.39510204081632655,2023-06-04,Cash,0.7050142719404534,June,Sunday,Young Adult(18-25),False,False,False,False,False,False,False,True,False
T00876,C1042,2,0.42307692307692313,Beauty,0.25,0.963469387755102,2023-06-07,UPI,0.6895879565341415,June,Wednesday,Adult(26-40),False,False,False,False,False,True,False,False,False
T00877,C5634,1,0.2692307692307693,Books,1.0,0.035510204081632656,2023-02-11,Wallet,0.27434194591337696,February,Saturday,Adult(26-40),False,False,False,False,False,False,False,False,True
T00878,C5891,2,0.25,Sports,0.25,0.47653061224489796,2023-04-05,Card,0.5157053956314807,April,Wednesday,Adult(26-40),False,False,False,False,True,False,False,False,False
T00879,C9022,0,0.8076923076923078,Beauty,1.0,0.029795918367346942,2023-05-01,Wallet,0.25778728489537944,May,Monday,Mid Age(41-60),True,False,False,False,False,False,False,False,False
T00880,C3434,0,0.40384615384615385,Groceries,0.75,0.9624489795918367,2023-04-15,Wallet,0.9065359668807356,April,Saturday,Adult(26-40),False,False,False,False,False,False,True,False,False
T00881,C8316,1,0.40384615384615385,Furniture,0.75,0.007755102040816326,2023-08-12,Wallet,0.15032272670886632,August,Saturday,Adult(26-40),False,False,False,False,False,False,True,False,False
T00882,C9824,0,0.4423076923076924,Beauty,0.0,0.7718367346938776,2023-02-16,Cash,0.4654852324457208,February,Thursday,Mid Age(41-60),False,False,False,False,False,False,False,False,True
T00883,C8935,2,0.34615384615384615,Electronics,0.25,0.4753061224489796,2023-05-06,UPI,0.5151402180395471,May,Saturday,Adult(26-40),True,False,False,False,False,False,False,False,False
T00884,C6654,2,0.25,Books,0.25,0.2189795918367347,2023-03-20,Wallet,0.3655331404762905,March,Monday,Adult(26-40),False,False,False,False,False,False,True,False,False
T00885,C6446,2,0.9230769230769232,Electronics,0.0,0.673265306122449,2023-12-17,UPI,0.4376190541187919,December,Sunday,Senior(60+),False,False,True,False,False,False,False,False,False
T00886,C9903,2,0.7500000000000001,Beauty,0.5,0.06183673469387755,2023-10-12,UPI,0.2551923992891693,October,Thursday,Mid Age(41-60),False,True,False,False,False,False,False,False,False
T00887,C7180,1,0.6346153846153847,Beauty,0.5,0.8918367346938776,2023-07-11,Wallet,0.7873378738889447,July,Tuesday,Mid Age(41-60),False,False,False,False,False,True,False,False,False
T00888,C8460,2,0.576923076923077,Fashion,0.25,0.8818367346938776,2023-01-03,Wallet,0.6654980109603382,January,Tuesday,Mid Age(41-60),False,False,False,False,False,False,False,True,False
T00889,C6272,1,0.6730769230769232,Beauty,0.0,0.0653061224489796,2023-09-02,UPI,0.1192508976163274,September,Saturday,Mid Age(41-60),False,True,False,False,False,False,False,False,False
T00890,C4090,0,1.0,Furniture,0.75,0.5638775510204082,2023-03-23,Card,0.7393489532520854,March,Thursday,Senior(60+),False,False,False,False,False,False,False,False,True
T00891,C4912,0,0.9230769230769232,Books,0.5,0.027142857142857142,2023-06-26,UPI,0.17932339276578835,June,Monday,Senior(60+),False,False,True,False,False,False,False,False,False
T00892,C7274,1,0.7884615384615384,Beauty,0.0,0.11591836734693878,2023-02-21,UPI,0.17358897873770246,February,Tuesday,Mid Age(41-60),False,False,False,False,False,False,False,False,False
T00893,C4826,1,0.0,Fashion,0.75,0.7855102040816326,2023-08-30,Card,0.8396089705503742,August,Wednesday,Young Adult(18-25),False,False,False,True,False,False,False,False,False
T00894,C7730,0,0.13461538461538464,Electronics,0.25,0.1589795918367347,2023-10-09,Wallet,0.3147747816042288,October,Monday,Young Adult(18-25),False,False,False,False,False,True,False,False,False
T00895,C1715,0,0.8076923076923078,Furniture,0.75,0.6938775510204082,2023-12-18,UPI,0.8008316565194139,December,Monday,Mid Age(41-60),False,False,False,False,False,False,False,False,False
T00896,C6213,2,0.42307692307692313,Fashion,0.25,0.503061224489796,2023-07-21,UPI,0.5277192617055405,July,Friday,Adult(26-40),False,True,False,False,False,False,False,False,False
T00897,C8749,1,0.5384615384615385,Beauty,0.0,0.45918367346938777,2023-12-24,Cash,0.3658461933151779,December,Sunday,Mid Age(41-60),False,False,False,True,False,False,False,False,False
T00898,C7246,0,0.28846153846153855,Groceries,0.5,0.5302040816326531,2023-04-19,Wallet,0.6415567922857771,April,Wednesday,Adult(26-40),False,False,False,False,True,False,False,False,False
T00899,C7325,1,0.7884615384615384,Groceries,1.0,0.5779591836734694,2023-08-30,Cash,0.8154643228115047,August,Wednesday,Mid Age(41-60),False,True,False,False,False,False,False,False,False
T00900,C3492,0,0.7500000000000001,Sports,0.5,0.6691836734693878,2023-12-09,UPI,0.7038025177767564,December,Saturday,Mid Age(41-60),True,False,False,False,False,False,False,False,False
T00901,C9115,1,0.7500000000000001,Electronics,0.0,0.133265306122449,2023-07-12,Cash,0.18890300169708174,July,Wednesday,Mid Age(41-60),False,False,True,False,False,False,False,False,False
T00902,C1606,1,0.28846153846153855,Electronics,0.0,0.9302040816326531,2023-08-26,Cash,0.5055739042341947,August,Saturday,Adult(26-40),False,False,False,False,False,True,False,False,False
T00903,C3068,0,0.03846153846153849,Fashion,0.25,0.523469387755102,2023-12-28,Card,0.5366748033406622,December,Thursday,Young Adult(18-25),False,False,False,False,False,False,False,True,False
T00904,C9229,2,0.826923076923077,Fashion,0.75,0.8255102040816327,2023-05-05,Cash,0.8555740657955229,May,Friday,Senior(60+),False,False,False,True,False,False,False,False,False
T00905,C6439,2,0.3846153846153847,Sports,0.5,0.07857142857142857,2023-02-19,Card,0.28382431484053494,February,Sunday,Adult(26-40),False,False,True,False,False,False,False,False,False
T00906,C2644,2,0.46153846153846156,Beauty,1.0,0.6575510204081633,2023-07-18,Cash,0.8561744163721888,July,Tuesday,Mid Age(41-60),False,False,False,False,False,False,False,False,False
T00907,C8213,0,0.9615384615384616,Books,0.75,0.4987755102040816,2023-03-07,Card,0.7049017013873892,March,Tuesday,Senior(60+),False,False,False,False,True,False,False,False,False
T00908,C2633,0,0.13461538461538464,Books,0.0,0.759795918367347,2023-06-12,UPI,0.4622158309943718,June,Monday,Young Adult(18-25),False,False,False,False,False,False,False,True,False
T00909,C9617,2,0.46153846153846156,Beauty,1.0,0.8246938775510204,2023-03-10,Cash,0.9318733355467821,March,Friday,Mid Age(41-60),False,False,False,False,False,False,False,False,False
T00910,C8486,0,0.3076923076923077,Books,1.0,0.20285714285714287,2023-07-24,Card,0.5428051476656628,July,Monday,Adult(26-40),False,False,False,False,True,False,False,False,False
T00911,C1251,0,0.6538461538461539,Fashion,0.25,0.6251020408163266,2023-06-17,Card,0.5780869332867844,June,Saturday,Mid Age(41-60),True,False,False,False,False,False,False,False,False
T00912,C3361,2,0.8846153846153847,Books,0.5,0.1716326530612245,2023-05-25,Cash,0.4005073742379792,May,Thursday,Senior(60+),False,False,False,True,False,False,False,False,False
T00913,C7717,0,0.34615384615384615,Sports,0.0,0.04877551020408163,2023-12-12,Cash,0.09663451380181831,December,Tuesday,Adult(26-40),False,False,False,False,False,True,False,False,False
T00914,C3529,0,0.019230769230769273,Beauty,1.0,0.37448979591836734,2023-08-06,Cash,0.690551225971369,August,Sunday,Young Adult(18-25),False,False,False,False,False,False,False,False,False
T00915,C2225,1,0.6346153846153847,Furniture,0.5,0.07979591836734695,2023-11-02,Cash,0.28578250792376225,November,Thursday,Mid Age(41-60),False,False,False,False,True,False,False,False,False
T00916,C8692,1,1.0,Books,0.75,0.017346938775510204,2023-07-21,UPI,0.18664168265044156,July,Friday,Senior(60+),False,True,False,False,False,False,False,False,False
T00917,C5342,2,0.9423076923076924,Groceries,0.25,0.23183673469387758,2023-10-01,Cash,0.3752208380663432,October,Sunday,Senior(60+),False,False,False,False,False,True,False,False,False
T00918,C6546,1,0.4423076923076924,Furniture,0.5,0.17571428571428574,2023-02-06,Card,0.4046068547809222,February,Monday,Mid Age(41-60),True,False,False,False,False,False,False,False,False
T00919,C7512,1,0.6153846153846154,Furniture,0.25,0.5395918367346939,2023-06-27,Wallet,0.5435853664068899,June,Tuesday,Mid Age(41-60),False,False,True,False,False,False,False,False,False
T00920,C2315,0,0.980769230769231,Books,0.5,0.7283673469387755,2023-09-08,UPI,0.7276545306517532,September,Friday,Senior(60+),False,False,False,False,True,False,False,False,False
T00921,C6383,1,0.6153846153846154,Beauty,0.75,0.3783673469387755,2023-12-09,Cash,0.6322654801145063,December,Saturday,Mid Age(41-60),True,False,False,False,False,False,False,False,False
T00922,C9742,0,0.5384615384615385,Fashion,0.0,0.2844897959183673,2023-10-28,Cash,0.2880460982165488,October,Saturday,Mid Age(41-60),False,False,False,True,False,False,False,False,False
T00923,C7226,1,0.5961538461538463,Groceries,0.5,0.14714285714285716,2023-01-14,Cash,0.3745404309221768,January,Saturday,Mid Age(41-60),False,False,False,False,False,False,False,True,False
T00924,C6188,2,0.03846153846153849,Fashion,0.0,0.3193877551020408,2023-04-24,Card,0.30569993391227535,April,Monday,Young Adult(18-25),False,False,False,False,False,False,False,False,False
T00925,C8994,0,0.34615384615384615,Beauty,1.0,0.6165306122448979,2023-11-08,Card,0.8356361043266487,November,Wednesday,Adult(26-40),False,False,False,False,False,False,False,False,True
T00926,C9864,1,0.7884615384615384,Sports,1.0,0.8985714285714286,2023-04-02,Cash,0.9620122473961122,April,Sunday,Mid Age(41-60),False,False,False,False,True,False,False,False,False
T00927,C1588,0,0.23076923076923084,Books,0.75,0.00816326530612245,2023-05-01,Card,0.15203123899705873,May,Monday,Adult(26-40),False,False,True,False,False,False,False,False,False
T00928,C2121,2,0.3846153846153847,Groceries,0.75,0.08775510204081632,2023-07-08,Cash,0.34720614605882405,July,Saturday,Adult(26-40),False,False,False,False,False,False,False,True,False
T00929,C4846,2,0.6153846153846154,Books,1.0,0.4340816326530612,2023-07-05,Cash,0.7310515946541339,July,Wednesday,Mid Age(41-60),False,True,False,False,False,False,False,False,False
T00930,C5708,0,0.0961538461538462,Groceries,0.25,0.07183673469387755,2023-06-24,Cash,0.21336939969202506,June,Saturday,Young Adult(18-25),False,False,False,False,False,False,False,True,False
T00931,C4727,2,0.11538461538461542,Fashion,1.0,0.18510204081632653,2023-09-14,Wallet,0.5233798977488612,September,Thursday,Young Adult(18-25),False,False,False,False,False,False,True,False,False
T00932,C2480,2,0.1923076923076924,Electronics,1.0,0.08020408163265305,2023-01-01,Card,0.37469178213122756,January,Sunday,Adult(26-40),False,False,True,False,False,False,False,False,False
T00933,C8110,1,0.9423076923076924,Furniture,0.0,0.5085714285714286,2023-11-09,Card,0.38413215345669727,November,Thursday,Senior(60+),False,False,False,False,False,True,False,False,False
T00934,C2612,2,0.6538461538461539,Groceries,0.25,0.1253061224489796,2023-11-03,Cash,0.2808551138286735,November,Friday,Mid Age(41-60),False,False,False,False,False,False,False,False,False
T00935,C2646,1,0.6538461538461539,Fashion,0.0,0.44081632653061226,2023-07-23,Cash,0.3587106112924806,July,Sunday,Mid Age(41-60),False,False,False,False,False,False,False,True,False
T00936,C8269,0,0.0,Furniture,1.0,0.5504081632653062,2023-02-09,Wallet,0.8004935568542122,February,Thursday,Young Adult(18-25),False,False,True,False,False,False,False,False,False
T00937,C3725,2,0.7692307692307693,Furniture,0.0,0.6344897959183673,2023-11-27,UPI,0.4258984862458697,November,Monday,Mid Age(41-60),False,False,False,False,True,False,False,False,False
T00938,C5906,0,0.07692307692307698,Books,0.5,0.45122448979591834,2023-04-28,Card,0.6011322001235128,April,Friday,Young Adult(18-25),False,True,False,False,False,False,False,False,False
T00939,C1474,2,0.25,Sports,0.25,0.2846938775510204,2023-03-12,Wallet,0.4117723252368181,March,Sunday,Adult(26-40),False,False,False,False,False,False,False,True,False
T00940,C1753,1,0.8076923076923078,Fashion,0.75,0.23020408163265307,2023-09-13,Card,0.5176759021641377,September,Wednesday,Mid Age(41-60),False,False,False,False,False,False,True,False,False
T00941,C6314,2,0.7692307692307693,Electronics,0.25,0.9753061224489796,2023-04-07,Wallet,0.6929639062619172,April,Friday,Mid Age(41-60),False,True,False,False,False,False,False,False,False
T00942,C1919,0,0.9423076923076924,Electronics,1.0,0.7702040816326531,2023-01-23,Card,0.9084439869071486,January,Monday,Senior(60+),False,False,False,True,False,False,False,False,False
T00943,C5806,2,0.25,Sports,0.0,0.20040816326530614,2023-04-19,Wallet,0.23879002846142233,April,Wednesday,Adult(26-40),False,False,False,False,False,True,False,False,False
T00944,C6873,1,0.826923076923077,Beauty,0.0,0.2110204081632653,2023-06-04,UPI,0.24566014340056674,June,Sunday,Senior(60+),False,False,False,True,False,False,False,False,False
T00945,C7141,0,0.5192307692307693,Sports,0.25,0.5336734693877551,2023-08-11,Cash,0.5410648957385209,August,Friday,Mid Age(41-60),False,False,False,True,False,False,False,False,False
T00946,C8056,1,0.11538461538461542,Beauty,0.5,0.2473469387755102,2023-02-17,Wallet,0.4684473330030283,February,Friday,Young Adult(18-25),False,True,False,False,False,False,False,False,False
T00947,C3385,2,0.25,Fashion,0.75,0.976530612244898,2023-06-23,Card,0.9114888704115357,June,Friday,Adult(26-40),False,True,False,False,False,False,False,False,False
T00948,C5000,2,0.6538461538461539,Electronics,0.5,0.6908163265306122,2023-07-16,Cash,0.7126806351732039,July,Sunday,Mid Age(41-60),False,False,False,False,True,False,False,False,False
T00949,C9702,1,0.8461538461538461,Furniture,0.25,0.746938775510204,2023-12-01,Cash,0.6221156377434431,December,Friday,Senior(60+),False,False,False,False,False,True,False,False,False
T00950,C7751,0,0.9038461538461539,Fashion,0.25,0.20448979591836736,2023-04-03,Card,0.3541701451680026,April,Monday,Senior(60+),False,False,False,False,False,False,False,False,False
T00951,C3950,1,0.9423076923076924,Groceries,0.75,0.8722448979591837,2023-08-06,Card,0.8735735881342239,August,Sunday,Senior(60+),False,False,True,False,False,False,False,False,False
T00952,C3785,0,0.5192307692307693,Beauty,0.25,0.8820408163265306,2023-03-19,UPI,0.665560095365739,March,Sunday,Mid Age(41-60),False,True,False,False,False,False,False,False,False
T00953,C3868,0,0.7884615384615384,Books,0.0,0.4020408163265306,2023-05-26,Card,0.34296912125050727,May,Friday,Mid Age(41-60),True,False,False,False,False,False,False,False,False
T00954,C2293,0,1.0,Fashion,0.25,0.9661224489795919,2023-06-09,Card,0.690347087795378,June,Friday,Senior(60+),True,False,False,False,False,False,False,False,False
T00955,C7267,1,0.07692307692307698,Electronics,1.0,0.7989795918367347,2023-07-18,Cash,0.9209523379029705,July,Tuesday,Young Adult(18-25),False,True,False,False,False,False,False,False,False
T00956,C4945,0,0.9038461538461539,Furniture,0.75,0.8191836734693878,2023-12-12,Cash,0.8530845479056018,December,Tuesday,Senior(60+),False,False,True,False,False,False,False,False,False
T00957,C9153,1,0.826923076923077,Sports,0.5,0.4689795918367347,2023-09-04,Card,0.6106093318541164,September,Monday,Senior(60+),False,False,False,False,False,False,False,True,False
T00958,C3344,1,0.17307692307692313,Furniture,0.25,0.5381632653061225,2023-01-18,Card,0.5429786841689145,January,Wednesday,Adult(26-40),False,False,False,False,False,False,True,False,False
T00959,C4804,1,0.019230769230769273,Sports,0.5,0.8069387755102041,2023-05-14,UPI,0.75736796691302,May,Sunday,Young Adult(18-25),False,False,False,False,True,False,False,False,False
T00960,C8555,2,0.5576923076923077,Groceries,0.5,0.37755102040816324,2023-08-04,Card,0.5589108653167864,August,Friday,Mid Age(41-60),False,False,False,False,True,False,False,False,False
T00961,C5161,2,0.8653846153846155,Fashion,0.0,0.15346938775510205,2023-04-02,Card,0.20528959439993621,April,Sunday,Senior(60+),False,False,True,False,False,False,False,False,False
T00962,C8529,2,0.40384615384615385,Electronics,1.0,0.4410204081632653,2023-03-25,Wallet,0.735521469094842,March,Saturday,Adult(26-40),False,False,False,True,False,False,False,False,False
T00963,C5183,0,0.03846153846153849,Groceries,0.75,0.49510204081632647,2023-07-23,UPI,0.7028701333246322,July,Sunday,Young Adult(18-25),False,False,False,False,True,False,False,False,False
T00964,C1153,2,0.0961538461538462,Fashion,0.5,0.13836734693877553,2023-12-16,Wallet,0.36459174340681466,December,Saturday,Young Adult(18-25),False,False,False,False,False,True,False,False,False
T00965,C8622,2,0.07692307692307698,Sports,0.0,0.59,2023-09-22,UPI,0.41183844242433065,September,Friday,Young Adult(18-25),False,False,False,False,True,False,False,False,False
T00966,C5712,2,0.05769230769230771,Electronics,0.25,0.9336734693877551,2023-02-24,Card,0.6809626183160343,February,Friday,Young Adult(18-25),False,False,False,False,False,True,False,False,False
T00967,C9955,0,0.21153846153846156,Electronics,0.5,0.4051020408163265,2023-08-27,Wallet,0.5752919950145005,August,Sunday,Adult(26-40),False,True,False,False,False,False,False,False,False
T00968,C3588,1,0.9615384615384616,Beauty,0.5,0.34408163265306124,2023-02-12,UPI,0.5379097788144163,February,Sunday,Senior(60+),True,False,False,False,False,False,False,False,False
T00969,C2210,2,0.3076923076923077,Sports,0.25,0.13040816326530613,2023-06-27,UPI,0.2863234881404637,June,Tuesday,Adult(26-40),False,True,False,False,False,False,False,False,False
T00970,C8237,1,0.6730769230769232,Furniture,0.25,0.12551020408163266,2023-12-18,Card,0.2810763900883651,December,Monday,Mid Age(41-60),False,False,False,False,False,False,True,False,False
T00971,C6661,1,0.07692307692307698,Books,1.0,0.826734693877551,2023-02-21,Cash,0.9327301012601493,February,Tuesday,Young Adult(18-25),False,False,False,True,False,False,False,False,False
T00972,C5901,1,0.6923076923076924,Furniture,0.0,0.1006122448979592,2023-12-02,UPI,0.15890443739705673,December,Saturday,Mid Age(41-60),True,False,False,False,False,False,False,False,False
T00973,C7951,1,1.0,Books,0.25,0.3551020408163265,2023-07-27,UPI,0.45414303513251075,July,Thursday,Senior(60+),False,False,True,False,False,False,False,False,False
T00974,C5097,2,0.2692307692307693,Beauty,0.25,0.02183673469387755,2023-01-07,Card,0.11768542764167655,January,Saturday,Adult(26-40),False,True,False,False,False,False,False,False,False
T00975,C8484,0,0.3076923076923077,Furniture,1.0,0.36122448979591837,2023-03-24,Cash,0.6809626183160343,March,Friday,Adult(26-40),False,False,False,False,False,False,True,False,False
T00976,C5949,2,0.5000000000000001,Electronics,0.75,0.7826530612244899,2023-06-13,Cash,0.838447639001419,June,Tuesday,Mid Age(41-60),False,False,False,False,False,True,False,False,False
T00977,C4263,0,0.46153846153846156,Fashion,1.0,0.6436734693877552,2023-03-07,Cash,0.8493256208880676,March,Tuesday,Mid Age(41-60),False,False,False,False,True,False,False,False,False
T00978,C7302,2,0.5384615384615385,Beauty,0.5,0.3140816326530612,2023-10-22,Wallet,0.5179097026082671,October,Sunday,Mid Age(41-60),False,False,False,False,False,False,False,False,False
T00979,C8916,2,0.7692307692307693,Fashion,0.25,0.8151020408163265,2023-09-17,UPI,0.6446480578684827,September,Sunday,Mid Age(41-60),False,False,False,False,False,False,False,True,False
T00980,C2747,1,0.48076923076923084,Fashion,0.75,0.17469387755102042,2023-07-16,Cash,0.4622715366837721,July,Sunday,Mid Age(41-60),True,False,False,False,False,False,False,False,False
T00981,C4886,0,0.5192307692307693,Books,0.0,0.5689795918367347,2023-12-18,Wallet,0.404945783276665,December,Monday,Mid Age(41-60),False,False,False,False,False,False,False,True,False
T00982,C7248,2,0.3846153846153847,Books,0.0,0.34877551020408165,2023-08-21,Cash,0.31960987800266666,August,Monday,Adult(26-40),False,False,False,False,False,False,False,False,False
T00983,C6881,0,0.019230769230769273,Books,0.75,0.9871428571428571,2023-01-06,Wallet,0.9151893444583767,January,Friday,Young Adult(18-25),False,False,False,False,False,False,False,True,False
T00984,C5847,0,0.46153846153846156,Groceries,0.0,0.8820408163265306,2023-09-06,Cash,0.4939098105264851,September,Wednesday,Mid Age(41-60),False,False,True,False,False,False,False,False,False
T00985,C5837,2,0.826923076923077,Groceries,0.25,0.8591836734693877,2023-12-01,Cash,0.6585448849119062,December,Friday,Senior(60+),False,False,False,False,False,False,False,False,True
T00986,C1359,0,0.13461538461538464,Beauty,0.0,0.5238775510204081,2023-12-10,UPI,0.3895565288524458,December,Sunday,Young Adult(18-25),False,False,False,False,False,False,False,True,False
T00987,C7484,2,0.6538461538461539,Furniture,0.25,0.5212244897959184,2023-07-25,UPI,0.5357012876526444,July,Tuesday,Mid Age(41-60),False,False,True,False,False,False,False,False,False
T00988,C5497,2,0.0,Furniture,0.25,0.7589795918367347,2023-08-05,Cash,0.6261946868730439,August,Saturday,Young Adult(18-25),False,False,False,False,False,False,False,False,True
T00989,C1132,1,0.7884615384615384,Fashion,0.25,0.2573469387755102,2023-01-28,UPI,0.3934671729292629,January,Saturday,Mid Age(41-60),False,False,False,False,False,False,False,False,True
T00990,C1803,1,0.8846153846153847,Furniture,0.0,0.843265306122449,2023-06-05,UPI,0.4841995891010842,June,Monday,Senior(60+),True,False,False,False,False,False,False,False,False
T00991,C9138,0,0.7500000000000001,Books,0.25,0.17653061224489797,2023-08-06,Wallet,0.3307127291195412,August,Sunday,Mid Age(41-60),False,False,False,False,False,False,True,False,False
T00992,C5689,1,0.07692307692307698,Fashion,1.0,0.21734693877551023,2023-05-13,UPI,0.5578740821634559,May,Saturday,Young Adult(18-25),False,False,False,False,False,False,True,False,False
T00993,C4770,0,0.9230769230769232,Sports,1.0,0.3657142857142857,2023-11-21,Wallet,0.6842336539348083,November,Tuesday,Senior(60+),False,False,False,False,False,False,False,False,False
T00994,C6772,2,0.9038461538461539,Fashion,0.25,0.6077551020408163,2023-03-01,UPI,0.5713576511331654,March,Wednesday,Senior(60+),False,False,False,False,False,False,True,False,False
T00995,C4588,1,0.7115384615384616,Books,0.25,0.6444897959183673,2023-11-06,Wallet,0.5854602754708665,November,Monday,Mid Age(41-60),False,False,False,False,False,True,False,False,False
T00996,C4115,2,0.03846153846153849,Groceries,1.0,0.7563265306122449,2023-08-19,UPI,0.9022978487743076,August,Saturday,Young Adult(18-25),False,True,False,False,False,False,False,False,False
T00997,C5106,1,0.8461538461538461,Beauty,0.0,0.8583673469387755,2023-09-15,Wallet,0.48801691631563854,September,Friday,Senior(60+),False,False,False,False,False,True,False,False,False
T00998,C3240,1,0.07692307692307698,Beauty,0.75,0.33938775510204083,2023-07-10,UPI,0.6054835120625841,July,Monday,Young Adult(18-25),False,False,False,True,False,False,False,False,False
T00999,C2591,1,0.42307692307692313,Fashion,0.75,0.6689795918367347,2023-08-31,Card,0.7896999005787856,August,Thursday,Adult(26-40),False,False,False,False,True,False,False,False,False
T01000,C1645,2,0.6153846153846154,Furniture,0.5,0.3140816326530612,2023-12-31,Card,0.5179097026082671,December,Sunday,Mid Age(41-60),False,False,True,False,False,False,False,False,False
T01001,C6061,0,0.11538461538461542,Fashion,0.25,0.11469387755102042,2023-06-21,Card,0.26903828032182237,June,Wednesday,Young Adult(18-25),False,False,False,False,False,False,False,False,False
T01002,C8222,1,0.34615384615384615,Furniture,0.25,0.46448979591836737,2023-10-01,Cash,0.5101050260824616,October,Sunday,Adult(26-40),False,False,False,False,False,False,True,False,False
T01003,C1546,2,0.9615384615384616,Books,0.25,0.7071428571428572,2023-07-06,UPI,0.6083079201095386,July,Thursday,Senior(60+),True,False,False,False,False,False,False,False,False
T01004,C6977,0,0.826923076923077,Fashion,0.75,0.2744897959183673,2023-02-27,Wallet,0.5560000253640854,February,Monday,Senior(60+),False,False,True,False,False,False,False,False,False
T01005,C3153,0,0.3653846153846154,Electronics,0.25,0.5134693877551021,2023-04-02,Wallet,0.5323164254147756,April,Sunday,Adult(26-40),False,False,False,False,False,False,False,False,False
T01006,C2476,1,0.730769230769231,Groceries,1.0,0.9648979591836735,2023-08-06,Wallet,0.9876624112715087,August,Sunday,Mid Age(41-60),False,False,True,False,False,False,False,False,False
T01007,C5835,2,0.0961538461538462,Groceries,0.25,0.1706122448979592,2023-09-30,UPI,0.32545318099083875,September,Saturday,Young Adult(18-25),False,False,False,False,False,False,False,False,False
T01008,C6352,2,0.34615384615384615,Fashion,0.5,0.24612244897959187,2023-07-16,Wallet,0.46746313255475225,July,Sunday,Adult(26-40),False,True,False,False,False,False,False,False,False
T01009,C7807,0,0.9230769230769232,Sports,0.5,0.7706122448979592,2023-12-12,Wallet,0.7438867095711662,December,Tuesday,Senior(60+),False,False,False,False,False,False,False,False,False
T01010,C3877,2,0.5384615384615385,Furniture,1.0,0.1789795918367347,2023-02-10,Wallet,0.516410503539615,February,Friday,Mid Age(41-60),False,False,False,False,False,False,False,False,False
T01011,C4289,0,0.46153846153846156,Fashion,0.75,0.18408163265306124,2023-03-18,Wallet,0.4723530383074855,March,Saturday,Mid Age(41-60),False,False,False,True,False,False,False,False,False
T01012,C3165,0,0.48076923076923084,Groceries,0.25,0.4020408163265306,2023-01-04,Card,0.47938825341020064,January,Wednesday,Mid Age(41-60),False,False,False,True,False,False,False,False,False
T01013,C9837,0,1.0,Sports,0.5,0.027551020408163263,2023-06-22,Card,0.1804127182956224,June,Thursday,Senior(60+),True,False,False,False,False,False,False,False,False
T01014,C6994,1,0.8076923076923078,Beauty,0.75,0.7704081632653061,2023-12-29,Wallet,0.8334376038488991,December,Friday,Mid Age(41-60),False,False,False,False,False,False,True,False,False
T01015,C9697,2,0.019230769230769273,Beauty,0.0,0.31265306122448977,2023-10-30,Wallet,0.3023949448231052,October,Monday,Young Adult(18-25),False,True,False,False,False,False,False,False,False
T01016,C9221,1,0.576923076923077,Furniture,0.5,0.4459183673469388,2023-05-13,Cash,0.5982517437373039,May,Saturday,Mid Age(41-60),False,False,False,False,False,True,False,False,False
T01017,C5465,0,0.1923076923076924,Electronics,0.75,0.04775510204081632,2023-04-12,Card,0.27043407302299594,April,Wednesday,Adult(26-40),False,False,False,False,False,False,False,False,True
T01018,C3695,2,0.6538461538461539,Electronics,0.75,0.7961224489795918,2023-09-21,UPI,0.843897513132609,September,Thursday,Mid Age(41-60),True,False,False,False,False,False,False,False,False
T01019,C5210,2,0.2692307692307693,Furniture,0.25,0.8875510204081632,2023-11-11,Wallet,0.667232685517266,November,Saturday,Adult(26-40),False,False,False,False,False,True,False,False,False
T01020,C8894,0,0.15384615384615385,Fashion,0.75,0.756734693877551,2023-08-21,Card,0.8277787052900434,August,Monday,Adult(26-40),False,False,False,False,False,True,False,False,False
T01021,C5835,2,0.9038461538461539,Books,0.75,0.5883673469387755,2023-08-11,Wallet,0.7516130970705918,August,Friday,Senior(60+),False,False,False,False,False,False,False,False,False
T01022,C6549,0,0.48076923076923084,Groceries,0.75,0.44387755102040816,2023-01-25,UPI,0.6734273519049453,January,Wednesday,Mid Age(41-60),False,False,False,False,False,False,False,False,False
T01023,C2886,0,0.9615384615384616,Beauty,1.0,0.19775510204081634,2023-08-26,Cash,0.5373369584766216,August,Saturday,Senior(60+),False,False,False,False,False,False,False,True,False
T01024,C8673,0,0.980769230769231,Furniture,1.0,0.92,2023-05-25,Wallet,0.970436490401585,May,Thursday,Senior(60+),False,False,True,False,False,False,False,False,False
T01025,C2233,0,0.6538461538461539,Beauty,0.75,0.14040816326530614,2023-01-21,Card,0.42228819264514916,January,Saturday,Mid Age(41-60),False,False,False,False,False,False,False,False,False
T01026,C3306,2,0.34615384615384615,Fashion,0.25,0.5924489795918367,2023-03-04,Card,0.5653115649657886,March,Saturday,Adult(26-40),False,False,True,False,False,False,False,False,False
T01027,C4696,1,0.7692307692307693,Beauty,0.75,0.7212244897959184,2023-09-08,Card,0.8127507300036645,September,Friday,Mid Age(41-60),False,False,False,False,False,True,False,False,False
T01028,C7511,2,0.17307692307692313,Furniture,0.0,0.3544897959183673,2023-08-24,Card,0.3222241355665776,August,Thursday,Adult(26-40),False,False,False,False,False,False,False,False,False
T01029,C6992,1,0.3653846153846154,Beauty,0.75,0.25163265306122445,2023-07-07,Cash,0.5367631657159845,July,Friday,Adult(26-40),False,False,False,False,False,False,False,False,False
T01030,C2479,2,0.826923076923077,Furniture,0.75,0.663469387755102,2023-01-26,Cash,0.7871985414546836,January,Thursday,Senior(60+),True,False,False,False,False,False,False,False,False
T01031,C7464,0,0.9615384615384616,Beauty,0.0,0.8393877551020408,2023-11-03,Wallet,0.4832119637861899,November,Friday,Senior(60+),False,True,False,False,False,False,False,False,False
T01032,C1228,2,0.8846153846153847,Sports,0.5,0.720204081632653,2023-12-18,Wallet,0.7244446679090614,December,Monday,Senior(60+),False,False,False,False,False,True,False,False,False
T01033,C5332,2,0.7884615384615384,Groceries,1.0,0.8489795918367347,2023-07-09,Card,0.9419767975467088,July,Sunday,Mid Age(41-60),False,False,False,False,False,False,True,False,False
T01034,C9791,2,0.4423076923076924,Electronics,1.0,0.5577551020408164,2023-05-10,UPI,0.8045341839921974,May,Wednesday,Mid Age(41-60),False,False,False,False,False,False,True,False,False
T01035,C3024,0,0.0,Electronics,0.25,0.08877551020408164,2023-08-06,UPI,0.23717207160857928,August,Sunday,Young Adult(18-25),True,False,False,False,False,False,False,False,False
T01036,C8451,1,0.6730769230769232,Sports,1.0,0.7377551020408163,2023-06-22,Card,0.8939518627682506,June,Thursday,Mid Age(41-60),False,False,False,False,True,False,False,False,False
T01037,C7038,2,0.6730769230769232,Electronics,0.25,0.4557142857142857,2023-12-12,Cash,0.5059620010113679,December,Tuesday,Mid Age(41-60),False,False,True,False,False,False,False,False,False
T01038,C5295,0,0.17307692307692313,Electronics,0.5,0.6181632653061224,2023-06-01,Wallet,0.6820658570737999,June,Thursday,Adult(26-40),False,False,False,False,False,False,False,False,True
T01039,C7242,1,0.13461538461538464,Groceries,0.75,0.16346938775510206,2023-01-13,Wallet,0.4497632698422859,January,Friday,Young Adult(18-25),False,False,True,False,False,False,False,False,False
T01040,C7086,0,0.03846153846153849,Fashion,0.75,0.08204081632653062,2023-10-05,Card,0.33761493050225744,October,Thursday,Young Adult(18-25),False,False,False,False,False,True,False,False,False
T01041,C2775,1,0.0,Furniture,0.5,0.6393877551020408,2023-05-17,UPI,0.6912503472263706,May,Wednesday,Young Adult(18-25),False,False,False,False,True,False,False,False,False
T01042,C4830,0,0.6923076923076924,Groceries,0.75,0.7063265306122449,2023-04-02,UPI,0.806296266823247,April,Sunday,Mid Age(41-60),False,False,True,False,False,False,False,False,False
T01043,C8724,0,0.730769230769231,Sports,0.5,0.3240816326530612,2023-05-31,Card,0.5247105561511206,May,Wednesday,Mid Age(41-60),False,True,False,False,False,False,False,False,False
T01044,C1410,0,0.48076923076923084,Beauty,0.75,0.49142857142857144,2023-07-02,Card,0.7008284432800322,July,Sunday,Mid Age(41-60),False,False,False,False,True,False,False,False,False
T01045,C6374,0,0.6538461538461539,Books,1.0,0.3165306122448979,2023-08-02,Wallet,0.6468363308824343,August,Wednesday,Mid Age(41-60),False,False,False,False,False,False,False,False,False
T01046,C4626,0,0.6730769230769232,Sports,1.0,0.6730612244897959,2023-01-09,Wallet,0.8637142058875972,January,Monday,Mid Age(41-60),False,False,False,False,False,False,False,False,True
T01047,C2035,2,0.0961538461538462,Beauty,0.75,0.2953061224489796,2023-08-17,Wallet,0.5726341537837274,August,Thursday,Young Adult(18-25),False,False,False,False,False,False,True,False,False
T01048,C8606,2,0.3653846153846154,Beauty,0.0,0.9930612244897958,2023-06-16,Wallet,0.5201922201264586,June,Friday,Adult(26-40),False,False,False,False,False,False,False,False,True
T01049,C5951,1,0.25,Books,0.5,0.46122448979591835,2023-06-02,Card,0.6064998972960979,June,Friday,Adult(26-40),False,False,False,True,False,False,False,False,False
T01050,C7689,2,0.9038461538461539,Electronics,0.25,0.8853061224489795,2023-11-22,Wallet,0.6665521168047526,November,Wednesday,Senior(60+),False,False,False,False,False,False,True,False,False
T01051,C2911,0,0.9038461538461539,Electronics,0.75,0.8251020408163265,2023-01-19,Cash,0.8554138443649689,January,Thursday,Senior(60+),False,False,False,True,False,False,False,False,False
T01052,C3290,0,0.8846153846153847,Groceries,0.25,0.866938775510204,2023-11-02,UPI,0.6609391467911474,November,Thursday,Senior(60+),False,False,False,False,True,False,False,False,False
T01053,C1742,2,0.42307692307692313,Sports,0.25,0.7246938775510204,2023-02-27,Cash,0.6144607957372121,February,Monday,Adult(26-40),True,False,False,False,False,False,False,False,False
T01054,C1609,1,0.25,Sports,0.25,0.18244897959183676,2023-07-02,Cash,0.33586321027317706,July,Sunday,Adult(26-40),False,False,False,False,False,False,False,False,False
T01055,C5986,1,0.5000000000000001,Furniture,0.0,0.08326530612244898,2023-01-19,UPI,0.14060410969592596,January,Thursday,Mid Age(41-60),False,False,False,False,False,False,False,False,True
T01056,C9071,1,0.7884615384615384,Groceries,0.0,0.41612244897959183,2023-09-30,Wallet,0.34879794625297045,September,Saturday,Mid Age(41-60),False,False,True,False,False,False,False,False,False
T01057,C2902,2,0.6153846153846154,Furniture,1.0,0.18551020408163266,2023-07-22,UPI,0.5238393477987676,July,Saturday,Mid Age(41-60),False,False,False,False,False,True,False,False,False
T01058,C2592,0,0.17307692307692313,Beauty,0.5,0.3669387755102041,2023-05-08,Card,0.5523899973491423,May,Monday,Adult(26-40),False,False,False,True,False,False,False,False,False
T01059,C4846,1,0.1923076923076924,Groceries,0.75,0.19244897959183674,2023-03-31,Card,0.48107014124291053,March,Friday,Adult(26-40),False,False,False,False,False,False,True,False,False
T01060,C9807,1,0.21153846153846156,Fashion,0.75,0.08877551020408164,2023-02-13,Wallet,0.3488814516839378,February,Monday,Adult(26-40),False,False,False,False,False,False,False,False,True
T01061,C3222,1,0.2692307692307693,Sports,0.75,0.05959183673469388,2023-10-01,Card,0.29585005692407557,October,Sunday,Adult(26-40),False,False,False,False,False,False,False,False,True
T01062,C7367,0,0.7500000000000001,Electronics,0.75,0.9616326530612245,2023-02-18,Wallet,0.9062473282377177,February,Saturday,Mid Age(41-60),False,False,False,False,False,False,True,False,False
T01063,C8432,0,0.3076923076923077,Sports,0.5,0.4448979591836735,2023-03-06,Wallet,0.5976951924590826,March,Monday,Adult(26-40),False,False,False,False,False,True,False,False,False
T01064,C7078,1,0.23076923076923084,Fashion,0.75,0.3989795918367347,2023-03-16,Cash,0.6456947548979601,March,Thursday,Adult(26-40),False,False,False,False,True,False,False,False,False
T01065,C9850,0,0.13461538461538464,Groceries,0.75,0.11000000000000001,2023-11-21,UPI,0.3814895166572866,November,Tuesday,Young Adult(18-25),False,False,False,True,False,False,False,False,False
T01066,C7866,1,0.21153846153846156,Fashion,0.5,0.8895918367346939,2023-09-10,Card,0.7865710066250788,September,Sunday,Adult(26-40),True,False,False,False,False,False,False,False,False
T01067,C3531,2,0.8076923076923078,Sports,1.0,0.16877551020408166,2023-08-09,UPI,0.5044555304836282,August,Wednesday,Mid Age(41-60),False,False,True,False,False,False,False,False,False
T01068,C7797,1,0.980769230769231,Furniture,0.0,0.4604081632653061,2023-05-21,UPI,0.36631507672688723,May,Sunday,Senior(60+),False,False,False,False,False,False,True,False,False
T01069,C2622,2,0.6923076923076924,Groceries,0.75,0.37857142857142856,2023-06-26,Wallet,0.6324007894728582,June,Monday,Mid Age(41-60),False,False,False,False,False,False,False,False,False
T01070,C9017,0,0.05769230769230771,Furniture,0.0,0.6763265306122449,2023-08-23,Cash,0.4385247111803605,August,Wednesday,Young Adult(18-25),False,False,True,False,False,False,False,False,False
T01071,C7686,1,0.9230769230769232,Fashion,0.0,0.6551020408163265,2023-12-19,Card,0.4321873560469243,December,Tuesday,Senior(60+),False,False,False,False,False,False,True,False,False
T01072,C5583,0,0.6730769230769232,Electronics,0.75,0.656734693877551,2023-11-13,UPI,0.7841221617280365,November,Monday,Mid Age(41-60),False,False,False,False,False,False,True,False,False
T01073,C1536,1,0.5576923076923077,Groceries,1.0,0.16918367346938776,2023-05-05,UPI,0.5049422543858386,May,Friday,Mid Age(41-60),False,False,False,False,False,False,False,False,False
T01074,C7070,2,0.7884615384615384,Beauty,0.25,0.36755102040816323,2023-09-26,UPI,0.46104365714669865,September,Tuesday,Mid Age(41-60),False,False,False,False,False,True,False,False,False
T01075,C4559,0,0.6730769230769232,Sports,0.25,0.4483673469387755,2023-10-19,Card,0.5024522712897259,October,Thursday,Mid Age(41-60),False,False,False,False,True,False,False,False,False
T01076,C8264,0,0.07692307692307698,Furniture,0.75,0.8277551020408164,2023-08-23,UPI,0.8564543211799824,August,Wednesday,Young Adult(18-25),False,False,True,False,False,False,False,False,False
T01077,C8285,1,0.34615384615384615,Fashion,0.5,0.3438775510204082,2023-01-21,Wallet,0.5377776756055666,January,Saturday,Adult(26-40),False,False,False,False,False,False,False,False,False
T01078,C4868,0,0.8076923076923078,Groceries,0.5,0.28591836734693876,2023-02-09,Cash,0.49796104873191305,February,Thursday,Mid Age(41-60),True,False,False,False,False,False,False,False,False
T01079,C6942,2,0.07692307692307698,Electronics,1.0,0.34020408163265303,2023-06-17,Cash,0.6652806383818124,June,Saturday,Young Adult(18-25),False,True,False,False,False,False,False,False,False
T01080,C2627,2,0.3076923076923077,Groceries,0.75,0.5810204081632653,2023-07-10,Wallet,0.7479705582913828,July,Monday,Adult(26-40),False,False,False,False,False,False,False,False,True
T01081,C7018,1,0.11538461538461542,Electronics,0.5,0.48142857142857143,2023-01-20,UPI,0.6171121091976204,January,Friday,Young Adult(18-25),False,False,True,False,False,False,False,False,False
T01082,C9920,1,0.23076923076923084,Fashion,0.0,0.996734693877551,2023-03-17,Wallet,0.5210267510313289,March,Friday,Adult(26-40),False,False,False,False,False,False,True,False,False
T01083,C6876,0,0.8846153846153847,Furniture,0.75,0.48142857142857143,2023-11-08,Card,0.6952182335385718,November,Wednesday,Senior(60+),False,False,True,False,False,False,False,False,False
T01084,C1992,2,0.7115384615384616,Books,0.75,0.005102040816326529,2023-11-23,Card,0.1387747127367598,November,Thursday,Mid Age(41-60),False,False,False,False,False,False,True,False,False
T01085,C7523,0,0.5961538461538463,Books,0.25,0.15755102040816327,2023-02-21,UPI,0.31343042421143674,February,Tuesday,Mid Age(41-60),False,False,False,False,False,False,False,False,True
T01086,C5520,2,0.40384615384615385,Groceries,0.25,0.3093877551020408,2023-07-15,Card,0.42734261147873487,July,Saturday,Adult(26-40),False,False,False,False,False,True,False,False,False
T01087,C4109,2,0.42307692307692313,Beauty,0.75,0.8412244897959184,2023-09-20,UPI,0.861702012516836,September,Wednesday,Adult(26-40),False,False,False,False,False,False,False,False,False
T01088,C3001,1,0.15384615384615385,Groceries,0.0,0.7969387755102041,2023-02-10,Wallet,0.4721912816884586,February,Friday,Adult(26-40),False,False,False,False,False,False,False,True,False
T01089,C8450,0,0.8076923076923078,Furniture,0.5,0.5104081632653061,2023-06-22,UPI,0.6318253908862261,June,Thursday,Mid Age(41-60),False,False,True,False,False,False,False,False,False
T01090,C2501,2,0.7884615384615384,Groceries,0.0,0.39877551020408164,2023-11-23,UPI,0.34159821616585784,November,Thursday,Mid Age(41-60),False,False,False,True,False,False,False,False,False
T01091,C4475,1,0.28846153846153855,Groceries,0.25,0.2844897959183673,2023-06-04,UPI,0.411640044591161,June,Sunday,Adult(26-40),True,False,False,False,False,False,False,False,False
T01092,C1349,2,0.11538461538461542,Sports,0.5,0.526734693877551,2023-08-05,Card,0.6398691277763232,August,Saturday,Young Adult(18-25),False,False,False,False,False,False,True,False,False
T01093,C1828,1,0.34615384615384615,Books,1.0,0.11591836734693878,2023-07-25,Card,0.43402952095839165,July,Tuesday,Adult(26-40),False,False,False,False,False,False,False,True,False
T01094,C6464,1,0.7500000000000001,Books,0.75,0.2785714285714286,2023-01-12,UPI,0.5593247134252746,January,Thursday,Mid Age(41-60),True,False,False,False,False,False,False,False,False
T01095,C4990,1,0.07692307692307698,Groceries,0.25,0.3130612244897959,2023-04-05,Card,0.4295886629861074,April,Wednesday,Young Adult(18-25),True,False,False,False,False,False,False,False,False
T01096,C3063,0,0.23076923076923084,Sports,0.5,0.5553061224489796,2023-05-12,Card,0.6535518269902625,May,Friday,Adult(26-40),False,False,False,False,False,False,False,False,False
T01097,C4362,1,0.3846153846153847,Groceries,0.25,0.7610204081632653,2023-12-01,Card,0.6268816870366762,December,Friday,Adult(26-40),False,False,False,False,True,False,False,False,False
T01098,C2124,1,0.5961538461538463,Furniture,1.0,0.23693877551020412,2023-02-10,Wallet,0.5772625496828336,February,Friday,Mid Age(41-60),False,True,False,False,False,False,False,False,False
T01099,C4394,2,0.5384615384615385,Fashion,1.0,0.021224489795918365,2023-08-10,Wallet,0.23029110750342047,August,Thursday,Mid Age(41-60),False,False,False,False,False,False,False,False,True
T01100,C4538,1,0.40384615384615385,Groceries,0.25,0.7932653061224489,2023-03-01,Cash,0.6375738959079666,March,Wednesday,Adult(26-40),False,False,False,False,False,False,True,False,False
T01101,C4817,2,0.7500000000000001,Beauty,0.0,0.7153061224489796,2023-04-09,UPI,0.4498213145091975,April,Sunday,Mid Age(41-60),False,False,False,False,False,False,True,False,False
T01102,C6383,2,0.8076923076923078,Furniture,0.0,0.5583673469387755,2023-10-20,Cash,0.40140071377623276,October,Friday,Mid Age(41-60),False,False,False,False,False,False,False,False,False
T01103,C3417,0,0.3653846153846154,Books,0.0,0.03469387755102041,2023-05-14,Wallet,0.0741742985766134,May,Sunday,Adult(26-40),False,False,False,True,False,False,False,False,False
T01104,C1046,1,0.8461538461538461,Fashion,0.75,0.296734693877551,2023-06-05,Card,0.5737473225560042,June,Monday,Senior(60+),False,False,False,True,False,False,False,False,False
T01105,C5542,1,0.7115384615384616,Sports,0.75,0.4410204081632653,2023-11-12,UPI,0.671719707495209,November,Sunday,Mid Age(41-60),False,False,False,False,False,True,False,False,False
T01106,C3370,2,0.17307692307692313,Books,1.0,0.1285714285714286,2023-09-21,Cash,0.45242178455194393,September,Thursday,Adult(26-40),False,True,False,False,False,False,False,False,False
T01107,C3129,0,0.6923076923076924,Beauty,0.0,0.28530612244897957,2023-10-04,Wallet,0.28847473981537175,October,Wednesday,Mid Age(41-60),False,False,False,False,False,False,True,False,False
T01108,C9850,1,0.6923076923076924,Beauty,1.0,0.016122448979591836,2023-05-05,Wallet,0.2119945763910167,May,Friday,Mid Age(41-60),False,True,False,False,False,False,False,False,False
T01109,C5106,0,0.4423076923076924,Books,0.25,0.9930612244897958,2023-12-22,UPI,0.6979757386988199,December,Friday,Mid Age(41-60),False,False,False,False,False,False,False,False,True
T01110,C3858,2,0.980769230769231,Furniture,0.75,0.5885714285714285,2023-01-26,Cash,0.7517138399729184,January,Thursday,Senior(60+),False,False,False,False,False,True,False,False,False
T01111,C2801,1,0.3846153846153847,Electronics,0.25,0.7920408163265307,2023-07-11,Wallet,0.6371733126330557,July,Tuesday,Adult(26-40),False,False,True,False,False,False,False,False,False
T01112,C1422,0,0.5192307692307693,Fashion,0.75,0.9748979591836735,2023-10-21,Wallet,0.9109171315116266,October,Saturday,Mid Age(41-60),False,False,False,False,False,False,True,False,False
T01113,C3159,1,0.1923076923076924,Fashion,0.5,0.0016326530612244886,2023-08-31,Card,0.09204310254650494,August,Thursday,Adult(26-40),False,False,False,False,False,False,False,True,False
T01114,C1243,1,0.0,Electronics,0.5,0.8163265306122449,2023-04-21,UPI,0.7607845365291063,April,Friday,Young Adult(18-25),False,False,False,False,False,False,True,False,False
T01115,C6869,0,0.3846153846153847,Fashion,1.0,0.4136734693877551,2023-08-12,Card,0.7176227624476754,August,Saturday,Adult(26-40),False,False,False,False,True,False,False,False,False
T01116,C4898,1,0.28846153846153855,Fashion,1.0,0.79,2023-05-21,UPI,0.9170823725368151,May,Sunday,Adult(26-40),False,False,False,False,False,False,False,False,True
T01117,C6304,2,0.9615384615384616,Electronics,0.75,0.18285714285714286,2023-12-19,Cash,0.4710566128676758,December,Tuesday,Senior(60+),True,False,False,False,False,False,False,False,False
T01118,C1258,1,0.2692307692307693,Furniture,1.0,0.07551020408163264,2023-04-06,Wallet,0.3658461933151779,April,Thursday,Adult(26-40),False,True,False,False,False,False,False,False,False
T01119,C3854,1,0.8653846153846155,Groceries,0.5,0.028979591836734694,2023-05-22,Card,0.18417525282679764,May,Monday,Senior(60+),False,False,False,False,False,False,False,True,False
T01120,C5347,0,0.9038461538461539,Fashion,0.75,0.9483673469387756,2023-09-14,Card,0.901533318834749,September,Thursday,Senior(60+),False,False,False,False,False,True,False,False,False
T01121,C1858,0,0.7884615384615384,Beauty,0.0,0.4859183673469387,2023-12-10,Cash,0.3758995202036651,December,Sunday,Mid Age(41-60),False,False,False,False,True,False,False,False,False
T01122,C3076,0,0.5192307692307693,Furniture,0.0,0.38163265306122446,2023-01-24,UPI,0.3342761263386321,January,Tuesday,Mid Age(41-60),False,False,False,False,False,False,False,True,False
T01123,C7897,1,0.326923076923077,Furniture,1.0,0.8781632653061224,2023-11-06,UPI,0.9538608045188348,November,Monday,Adult(26-40),False,False,False,False,False,False,False,True,False
T01124,C9619,0,0.4423076923076924,Electronics,0.5,0.8410204081632653,2023-07-24,Wallet,0.7696457299431785,July,Monday,Mid Age(41-60),False,False,False,False,True,False,False,False,False
T01125,C2862,1,0.15384615384615385,Furniture,0.25,0.27959183673469384,2023-04-03,Card,0.40844662022641165,April,Monday,Adult(26-40),False,False,False,False,False,True,False,False,False
T01126,C2041,2,0.826923076923077,Electronics,0.5,0.2448979591836735,2023-12-14,UPI,0.46647577396123324,December,Thursday,Senior(60+),False,False,True,False,False,False,False,False,False
T01127,C8802,2,0.8846153846153847,Furniture,0.25,0.1569387755102041,2023-05-26,UPI,0.3128519675482411,May,Friday,Senior(60+),False,True,False,False,False,False,False,False,False
T01128,C8344,1,0.40384615384615385,Groceries,0.75,0.16714285714285715,2023-05-20,Wallet,0.4539141017534587,May,Saturday,Adult(26-40),False,False,False,False,False,False,False,True,False
T01129,C6931,1,0.576923076923077,Beauty,0.5,0.5091836734693878,2023-01-03,UPI,0.6312151915871408,January,Tuesday,Mid Age(41-60),False,False,False,True,False,False,False,False,False
T01130,C9408,2,0.5576923076923077,Sports,0.0,0.5610204081632653,2023-07-28,Card,0.40229120254481165,July,Friday,Mid Age(41-60),False,False,False,False,False,False,False,False,True
T01131,C2786,2,0.5384615384615385,Furniture,0.25,0.7565306122448979,2023-04-17,Card,0.6253686286029136,April,Monday,Mid Age(41-60),False,False,False,False,False,False,True,False,False
T01132,C8405,1,0.42307692307692313,Furniture,0.75,0.820204081632653,2023-01-10,Cash,0.8534869659726512,January,Tuesday,Adult(26-40),False,False,False,False,False,False,False,False,True
T01133,C9254,2,0.9423076923076924,Furniture,0.0,0.5863265306122449,2023-08-01,UPI,0.41064596652442964,August,Tuesday,Senior(60+),False,False,False,False,False,True,False,False,False
T01134,C4629,2,0.3653846153846154,Electronics,0.0,0.9122448979591837,2023-12-03,Cash,0.5012738406440822,December,Sunday,Adult(26-40),False,False,False,False,False,False,False,False,True
T01135,C1710,1,0.5961538461538463,Books,0.0,0.43020408163265306,2023-03-08,Card,0.35449711435710085,March,Wednesday,Mid Age(41-60),False,False,False,False,False,False,False,False,True
T01136,C9543,0,0.6730769230769232,Beauty,0.75,0.813265306122449,2023-05-21,UPI,0.8507437710102754,May,Sunday,Mid Age(41-60),False,False,False,False,False,False,False,False,True
T01137,C5941,0,0.11538461538461542,Books,1.0,0.4236734693877551,2023-05-17,Card,0.7242566657549092,May,Wednesday,Young Adult(18-25),False,False,False,False,False,False,False,False,True
T01138,C8504,2,0.21153846153846156,Fashion,0.75,0.6089795918367347,2023-08-25,Wallet,0.7616714151914385,August,Friday,Adult(26-40),False,False,False,False,True,False,False,False,False
T01139,C1510,1,0.7884615384615384,Electronics,0.5,0.7669387755102041,2023-11-03,Wallet,0.7424995678341453,November,Friday,Mid Age(41-60),False,False,False,True,False,False,False,False,False
T01140,C1996,2,0.730769230769231,Groceries,0.75,0.022653061224489797,2023-11-22,Cash,0.20401628548681694,November,Wednesday,Mid Age(41-60),True,False,False,False,False,False,False,False,False
T01141,C8847,2,0.0961538461538462,Electronics,0.25,0.5893877551020408,2023-06-12,UPI,0.5640897428881924,June,Monday,Young Adult(18-25),False,False,False,False,False,False,False,False,False
T01142,C7580,1,0.326923076923077,Fashion,0.25,0.503265306122449,2023-02-19,UPI,0.5278100121086743,February,Sunday,Adult(26-40),True,False,False,False,False,False,False,False,False
T01143,C7984,0,1.0,Books,0.5,0.5577551020408164,2023-04-24,Card,0.6547024038443713,April,Monday,Senior(60+),False,False,False,True,False,False,False,False,False
T01144,C2768,2,0.15384615384615385,Groceries,0.25,0.8657142857142858,2023-04-26,Card,0.6605620782773884,April,Wednesday,Adult(26-40),False,False,False,False,True,False,False,False,False
T01145,C9032,2,0.6538461538461539,Fashion,0.25,0.9959183673469387,2023-01-10,UPI,0.6987765076373176,January,Tuesday,Mid Age(41-60),False,False,False,False,False,False,False,False,True
T01146,C8267,0,0.23076923076923084,Books,0.25,0.8095918367346939,2023-12-30,Cash,0.6428752686158957,December,Saturday,Adult(26-40),False,False,False,False,False,True,False,False,False
T01147,C2204,1,0.3076923076923077,Fashion,0.75,0.18836734693877552,2023-06-16,Cash,0.47684834003629833,June,Friday,Adult(26-40),False,False,False,False,False,False,False,False,True
T01148,C2323,1,0.8846153846153847,Beauty,0.25,0.45122448979591834,2023-04-24,Wallet,0.5038216933861147,April,Monday,Senior(60+),True,False,False,False,False,False,False,False,False
T01149,C6277,1,0.7692307692307693,Sports,1.0,0.8681632653061224,2023-02-02,Cash,0.9498193923513543,February,Thursday,Mid Age(41-60),False,True,False,False,False,False,False,False,False
T01150,C3430,1,0.07692307692307698,Books,0.0,0.034489795918367344,2023-11-10,UPI,0.07382085024281909,November,Friday,Young Adult(18-25),True,False,False,False,False,False,False,False,False
T01151,C2076,1,0.8846153846153847,Groceries,0.75,0.24714285714285714,2023-05-28,Wallet,0.5328531468861053,May,Sunday,Senior(60+),True,False,False,False,False,False,False,False,False
T01152,C3067,2,0.07692307692307698,Sports,1.0,0.6859183673469388,2023-12-31,Card,0.8698756262599434,December,Sunday,Young Adult(18-25),False,False,False,False,False,False,False,True,False
T01153,C5505,2,0.019230769230769273,Beauty,0.25,0.3681632653061224,2023-11-08,Wallet,0.46137902369322853,November,Wednesday,Young Adult(18-25),False,False,True,False,False,False,False,False,False
T01154,C9984,0,0.6153846153846154,Sports,0.25,0.23673469387755106,2023-08-24,Wallet,0.3788207993361409,August,Thursday,Mid Age(41-60),False,False,False,False,False,False,False,True,False
T01155,C6327,0,0.7692307692307693,Fashion,0.25,0.5971428571428572,2023-10-29,Card,0.5671767856513823,October,Sunday,Mid Age(41-60),True,False,False,False,False,False,False,False,False
T01156,C7240,0,0.019230769230769273,Sports,0.0,0.8322448979591837,2023-08-04,Wallet,0.4813844928403025,August,Friday,Young Adult(18-25),False,False,False,False,False,False,False,False,False
T01157,C9692,0,1.0,Electronics,0.25,0.05163265306122449,2023-11-22,UPI,0.18059364408884693,November,Wednesday,Senior(60+),False,False,False,False,False,False,False,False,True
T01158,C5831,1,0.7115384615384616,Sports,0.25,0.4083673469387755,2023-11-01,Cash,0.4826387603476599,November,Wednesday,Mid Age(41-60),True,False,False,False,False,False,False,False,False
T01159,C8433,1,0.7115384615384616,Books,0.5,0.9655102040816327,2023-06-18,UPI,0.811805956560661,June,Sunday,Mid Age(41-60),False,False,True,False,False,False,False,False,False
T01160,C9282,0,0.48076923076923084,Sports,0.75,0.72,2023-10-05,Wallet,0.8122236553389888,October,Thursday,Mid Age(41-60),True,False,False,False,False,False,False,False,False
T01161,C8048,2,0.9423076923076924,Fashion,0.75,0.6008163265306122,2023-07-19,UPI,0.7577158039845013,July,Wednesday,Senior(60+),False,False,False,False,False,False,False,False,True
T01162,C2624,1,0.7115384615384616,Furniture,1.0,0.34489795918367344,2023-09-01,Card,0.6688366501841546,September,Friday,Mid Age(41-60),False,False,False,False,False,False,False,False,False
T01163,C2874,1,0.25,Electronics,0.0,0.14918367346938777,2023-10-13,Wallet,0.20192910408325165,October,Friday,Adult(26-40),False,False,False,False,False,False,True,False,False
T01164,C4522,2,0.03846153846153849,Fashion,0.25,0.32387755102040816,2023-01-07,UPI,0.43610341251560447,January,Saturday,Young Adult(18-25),False,False,False,False,False,False,False,False,True
T01165,C8046,2,0.6730769230769232,Books,0.0,0.6314285714285715,2023-06-25,Card,0.42495277278479104,June,Sunday,Mid Age(41-60),False,False,False,False,False,False,True,False,False
T01166,C8398,2,0.3076923076923077,Furniture,0.5,0.18040816326530615,2023-06-24,Card,0.4092483647531012,June,Saturday,Adult(26-40),True,False,False,False,False,False,False,False,False
T01167,C4743,2,0.6538461538461539,Beauty,0.0,0.4577551020408163,2023-06-13,UPI,0.36529810653732697,June,Tuesday,Mid Age(41-60),False,False,False,False,False,False,False,False,False
T01168,C7779,2,0.6538461538461539,Electronics,0.75,0.9108163265306123,2023-06-27,Cash,0.8879401891372318,June,Tuesday,Mid Age(41-60),False,False,False,False,True,False,False,False,False
T01169,C6553,0,0.576923076923077,Groceries,0.0,0.7510204081632653,2023-08-16,Cash,0.45981081299816895,August,Wednesday,Mid Age(41-60),False,False,False,False,False,False,False,False,True
T01170,C8430,2,0.7884615384615384,Electronics,0.5,0.8808163265306123,2023-03-19,Cash,0.783560529796721,March,Sunday,Mid Age(41-60),False,False,False,False,True,False,False,False,False
T01171,C7532,1,0.9423076923076924,Groceries,0.0,0.29244897959183674,2023-08-25,UPI,0.2921917450130113,August,Friday,Senior(60+),False,False,False,False,False,False,False,False,False
T01172,C7815,2,0.17307692307692313,Beauty,0.5,0.44346938775510203,2023-09-13,Wallet,0.5969145888507847,September,Wednesday,Adult(26-40),False,False,False,False,False,False,False,False,True
T01173,C2557,0,0.4423076923076924,Beauty,0.0,0.5830612244897959,2023-04-18,UPI,0.40958175431419075,April,Tuesday,Mid Age(41-60),False,False,False,False,False,True,False,False,False
T01174,C6120,1,0.48076923076923084,Electronics,1.0,0.5536734693877551,2023-09-30,Card,0.8022938424523077,September,Saturday,Mid Age(41-60),False,False,False,True,False,False,False,False,False
T01175,C7992,2,0.2692307692307693,Furniture,0.25,0.6536734693877551,2023-12-24,UPI,0.5889006498249445,December,Sunday,Adult(26-40),True,False,False,False,False,False,False,False,False
T01176,C6120,2,0.9423076923076924,Groceries,0.75,0.9848979591836735,2023-03-29,Wallet,0.9144088270449049,March,Wednesday,Senior(60+),False,False,False,False,False,False,False,False,True
T01177,C5176,2,0.7115384615384616,Sports,0.75,0.6975510204081633,2023-12-11,Cash,0.802451027318725,December,Monday,Mid Age(41-60),False,False,False,False,False,False,True,False,False
T01178,C7132,1,0.8846153846153847,Electronics,0.0,0.46183673469387754,2023-07-19,Wallet,0.36686105630816945,July,Wednesday,Senior(60+),False,False,False,False,False,False,False,True,False
T01179,C3500,2,0.34615384615384615,Books,0.0,0.5169387755102041,2023-05-11,UPI,0.38711083619142994,May,Thursday,Adult(26-40),False,False,False,False,False,False,True,False,False
T01180,C8770,0,0.15384615384615385,Groceries,0.0,0.31857142857142856,2023-07-26,Wallet,0.30530177506122014,July,Wednesday,Adult(26-40),False,False,False,False,False,False,False,False,False
T01181,C2099,0,0.5576923076923077,Fashion,0.5,0.06857142857142856,2023-01-17,Card,0.26716344009318393,January,Tuesday,Mid Age(41-60),False,False,False,True,False,False,False,False,False
T01182,C2494,2,0.6153846153846154,Electronics,0.0,0.9687755102040816,2023-12-05,UPI,0.5146212826768801,December,Tuesday,Mid Age(41-60),False,False,False,False,True,False,False,False,False
T01183,C2398,1,0.6153846153846154,Electronics,1.0,0.8693877551020408,2023-10-20,Cash,0.9503159580850382,October,Friday,Mid Age(41-60),False,True,False,False,False,False,False,False,False
T01184,C2527,1,0.0961538461538462,Furniture,0.0,0.5738775510204082,2023-02-10,UPI,0.40656696916648327,February,Friday,Young Adult(18-25),False,False,False,False,False,False,False,False,True
T01185,C8075,0,0.48076923076923084,Books,0.0,0.20551020408163267,2023-11-20,UPI,0.24212103055045964,November,Monday,Mid Age(41-60),False,False,False,False,True,False,False,False,False
T01186,C2582,0,0.4423076923076924,Beauty,0.25,0.7244897959183674,2023-09-07,Cash,0.6143898345998093,September,Thursday,Mid Age(41-60),False,False,False,False,False,False,True,False,False
T01187,C7105,1,0.6153846153846154,Beauty,1.0,0.7606122448979592,2023-10-15,Cash,0.9042040382900463,October,Sunday,Mid Age(41-60),False,False,False,False,False,True,False,False,False
T01188,C3131,1,0.0,Furniture,0.0,0.9473469387755102,2023-06-26,Card,0.5096259793605675,June,Monday,Young Adult(18-25),False,False,False,False,False,False,False,True,False
T01189,C1982,0,0.8076923076923078,Furniture,0.75,0.58,2023-02-12,Wallet,0.7474621997530656,February,Sunday,Mid Age(41-60),False,False,False,False,False,False,False,True,False
T01190,C6400,2,0.28846153846153855,Beauty,1.0,0.4820408163265306,2023-04-17,Cash,0.7610310731153822,April,Monday,Adult(26-40),False,False,False,False,False,False,True,False,False
T01191,C3002,2,0.980769230769231,Groceries,1.0,0.18408163265306124,2023-09-29,Cash,0.5222284818865904,September,Friday,Senior(60+),False,False,False,False,False,False,False,False,False
T01192,C7730,1,0.7500000000000001,Sports,0.5,0.013877551020408163,2023-07-09,Card,0.13969193804022573,July,Sunday,Mid Age(41-60),False,False,False,False,False,True,False,False,False
T01193,C6793,2,0.826923076923077,Beauty,0.75,0.8340816326530612,2023-06-05,Card,0.8589263298520453,June,Monday,Senior(60+),False,False,True,False,False,False,False,False,False
T01194,C7929,1,0.1923076923076924,Electronics,0.75,0.2459183673469388,2023-05-30,Cash,0.531778844770199,May,Tuesday,Adult(26-40),False,False,False,False,False,False,True,False,False
T01195,C1842,0,0.9230769230769232,Groceries,0.5,0.7795918367346939,2023-06-11,Card,0.7472586876129415,June,Sunday,Senior(60+),False,False,False,False,False,False,False,False,False
T01196,C5712,0,0.6153846153846154,Electronics,1.0,0.2510204081632653,2023-08-20,Card,0.5905707229660058,August,Sunday,Mid Age(41-60),False,False,True,False,False,False,False,False,False
T01197,C6119,1,0.15384615384615385,Beauty,0.75,0.8744897959183674,2023-12-12,Cash,0.8744214804847588,December,Tuesday,Adult(26-40),True,False,False,False,False,False,False,False,False
T01198,C6761,0,0.5384615384615385,Sports,0.5,0.4842857142857143,2023-08-28,UPI,0.61858864151183,August,Monday,Mid Age(41-60),False,False,False,False,True,False,False,False,False
T01199,C2697,2,0.1923076923076924,Furniture,0.5,0.9330612244897959,2023-01-16,UPI,0.8011920177939822,January,Monday,Adult(26-40),False,True,False,False,False,False,False,False,False
T01200,C9313,0,0.21153846153846156,Groceries,0.5,0.27183673469387754,2023-03-21,UPI,0.48750374823373627,March,Tuesday,Adult(26-40),False,False,False,False,False,False,False,False,False
T01201,C4485,0,0.6923076923076924,Beauty,0.5,0.5075510204081632,2023-11-16,Cash,0.6304000599910501,November,Thursday,Mid Age(41-60),False,False,False,False,True,False,False,False,False
T01202,C3535,2,0.6923076923076924,Beauty,0.25,0.8138775510204082,2023-10-27,Wallet,0.6442548109704297,October,Friday,Mid Age(41-60),False,False,True,False,False,False,False,False,False
T01203,C8900,2,0.8076923076923078,Books,0.5,0.48183673469387756,2023-03-27,UPI,0.617323400726778,March,Monday,Mid Age(41-60),False,False,False,False,True,False,False,False,False
T01204,C4674,1,0.17307692307692313,Sports,0.75,0.1079591836734694,2023-11-16,Cash,0.378522637915483,November,Thursday,Adult(26-40),False,False,False,False,False,False,True,False,False
T01205,C2773,0,0.9038461538461539,Fashion,0.75,0.4926530612244898,2023-06-30,Wallet,0.7015101388744094,June,Friday,Senior(60+),False,False,True,False,False,False,False,False,False
T01206,C6736,1,0.8846153846153847,Fashion,1.0,0.025918367346938774,2023-10-17,Wallet,0.24579008856773255,October,Tuesday,Senior(60+),False,False,False,True,False,False,False,False,False
T01207,C7022,1,0.576923076923077,Books,0.0,0.7587755102040816,2023-08-09,Cash,0.46193715002865915,August,Wednesday,Mid Age(41-60),False,False,False,False,False,False,False,False,False
T01208,C2882,2,0.42307692307692313,Electronics,0.5,0.06836734693877553,2023-08-01,Wallet,0.2668101304213294,August,Tuesday,Adult(26-40),False,False,True,False,False,False,False,False,False
T01209,C5564,1,0.03846153846153849,Books,0.5,0.36326530612244895,2023-01-12,Wallet,0.5501037603134324,January,Thursday,Young Adult(18-25),False,False,False,False,True,False,False,False,False
T01210,C4705,1,0.2692307692307693,Beauty,0.0,0.47306122448979593,2023-05-26,Card,0.3711121415309052,May,Friday,Adult(26-40),False,False,False,False,False,False,True,False,False
T01211,C8030,0,0.9230769230769232,Groceries,0.0,0.9914285714285715,2023-10-12,Cash,0.5198206403016825,October,Thursday,Senior(60+),False,True,False,False,False,False,False,False,False
T01212,C1430,1,0.5961538461538463,Groceries,0.75,0.2063265306122449,2023-09-09,Card,0.4950152313739962,September,Saturday,Mid Age(41-60),False,False,False,False,False,False,True,False,False
T01213,C5381,1,0.2692307692307693,Books,0.75,0.08877551020408164,2023-05-01,Wallet,0.3488814516839378,May,Monday,Adult(26-40),False,False,False,False,False,False,False,True,False
T01214,C1474,1,0.07692307692307698,Electronics,0.25,0.8163265306122449,2023-07-12,Card,0.6450409030244451,July,Wednesday,Young Adult(18-25),False,False,False,False,False,True,False,False,False
T01215,C3955,0,0.3076923076923077,Beauty,0.0,0.5112244897959184,2023-10-03,Cash,0.38508014854430406,October,Tuesday,Adult(26-40),False,False,False,False,True,False,False,False,False
T01216,C5477,2,0.4423076923076924,Electronics,1.0,0.00836734693877551,2023-03-09,UPI,0.1804127182956224,March,Thursday,Mid Age(41-60),False,False,False,False,False,False,False,True,False
T01217,C6062,0,0.2692307692307693,Sports,0.0,0.7193877551020408,2023-07-13,Card,0.45097985726558765,July,Thursday,Adult(26-40),False,False,False,False,False,False,False,False,False
T01218,C6567,2,0.03846153846153849,Sports,1.0,0.5887755102040816,2023-11-07,Card,0.8212103146360901,November,Tuesday,Young Adult(18-25),False,False,False,False,False,False,False,False,False
T01219,C6751,2,0.8076923076923078,Furniture,0.5,0.0010204081632653045,2023-03-05,Cash,0.08921688502527741,March,Sunday,Mid Age(41-60),False,False,False,False,True,False,False,False,False
T01220,C1100,2,0.25,Electronics,0.25,0.08326530612244898,2023-02-19,Cash,0.2297305596873198,February,Sunday,Adult(26-40),False,False,False,False,False,False,False,False,False
T01221,C3972,0,0.6346153846153847,Furniture,0.5,0.42020408163265305,2023-07-22,Cash,0.5839591505483178,July,Saturday,Mid Age(41-60),False,False,False,False,False,False,True,False,False
T01222,C3347,0,0.9615384615384616,Groceries,0.75,0.23020408163265307,2023-04-22,Card,0.5176759021641377,April,Saturday,Senior(60+),False,False,False,False,False,True,False,False,False
T01223,C7566,2,0.4423076923076924,Fashion,1.0,0.5853061224489796,2023-04-19,Wallet,0.8193750676040867,April,Wednesday,Mid Age(41-60),False,False,False,False,False,False,False,False,True
T01224,C2140,0,0.46153846153846156,Fashion,0.75,0.47346938775510206,2023-02-26,Cash,0.6906969758953451,February,Sunday,Mid Age(41-60),False,False,False,False,False,True,False,False,False
T01225,C3324,1,0.576923076923077,Books,1.0,0.8391836734693877,2023-10-20,Cash,0.9379254381227655,October,Friday,Mid Age(41-60),False,True,False,False,False,False,False,False,False
T01226,C1502,2,0.5576923076923077,Books,0.75,0.9373469387755102,2023-05-29,Card,0.8975827075889298,May,Monday,Mid Age(41-60),False,True,False,False,False,False,False,False,False
T01227,C2503,2,0.03846153846153849,Furniture,0.25,0.25918367346938775,2023-04-02,Card,0.39473504572072493,April,Sunday,Young Adult(18-25),True,False,False,False,False,False,False,False,False
T01228,C9691,2,0.03846153846153849,Electronics,0.0,0.1436734693877551,2023-03-23,Card,0.19752039149765027,March,Thursday,Young Adult(18-25),False,False,False,False,False,False,False,True,False
T01229,C4524,2,0.7884615384615384,Electronics,0.5,0.4524489795918367,2023-07-25,Card,0.6017937080764473,July,Tuesday,Mid Age(41-60),False,False,False,False,False,False,True,False,False
T01230,C7163,1,0.3846153846153847,Books,0.0,0.2383673469387755,2023-10-09,UPI,0.26240536217118693,October,Monday,Adult(26-40),False,True,False,False,False,False,False,False,False
T01231,C7878,0,0.11538461538461542,Fashion,0.5,0.32877551020408163,2023-07-29,UPI,0.5278553780615386,July,Saturday,Young Adult(18-25),False,False,False,False,False,False,True,False,False
T01232,C8432,1,0.8653846153846155,Fashion,0.0,0.7222448979591837,2023-06-30,Wallet,0.45178818773244855,June,Friday,Senior(60+),False,True,False,False,False,False,False,False,False
T01233,C6585,0,0.6346153846153847,Furniture,0.5,0.9783673469387755,2023-04-22,Wallet,0.8159440929510702,April,Saturday,Mid Age(41-60),False,False,False,False,False,False,False,True,False
T01234,C3578,1,0.7692307692307693,Books,0.75,0.13489795918367348,2023-08-03,Cash,0.4153208132932107,August,Thursday,Mid Age(41-60),False,False,False,False,False,False,False,False,False
T01235,C7062,2,0.326923076923077,Furniture,0.25,0.4861224489795918,2023-11-03,UPI,0.5200993643285376,November,Friday,Adult(26-40),False,False,False,False,False,False,True,False,False
T01236,C6105,1,0.9038461538461539,Groceries,1.0,0.3657142857142857,2023-05-23,Wallet,0.6842336539348083,May,Tuesday,Senior(60+),True,False,False,False,False,False,False,False,False
T01237,C6314,1,0.3076923076923077,Beauty,0.75,0.0536734693877551,2023-06-13,Cash,0.2834963101275195,June,Tuesday,Adult(26-40),False,False,False,False,False,False,True,False,False
T01238,C2391,2,0.7115384615384616,Books,0.75,0.7910204081632654,2023-07-05,Wallet,0.841840597083841,July,Wednesday,Mid Age(41-60),False,False,False,False,False,False,False,True,False
T01239,C1861,0,0.6538461538461539,Beauty,1.0,0.5928571428571429,2023-11-19,Cash,0.8233601193792683,November,Sunday,Mid Age(41-60),False,True,False,False,False,False,False,False,False
T01240,C3549,0,0.6923076923076924,Fashion,0.0,0.4157142857142857,2023-02-24,Cash,0.34863085370247016,February,Friday,Mid Age(41-60),False,False,False,False,False,False,True,False,False
T01241,C3579,2,0.21153846153846156,Electronics,0.5,0.6457142857142857,2023-12-07,Card,0.6939481011950732,December,Thursday,Adult(26-40),False,False,False,False,False,False,False,True,False
T01242,C1815,2,0.46153846153846156,Groceries,0.75,0.7063265306122449,2023-12-18,Cash,0.806296266823247,December,Monday,Mid Age(41-60),False,True,False,False,False,False,False,False,False
T01243,C2336,2,0.7884615384615384,Furniture,0.75,0.6671428571428571,2023-11-21,Card,0.7888676686323577,November,Tuesday,Mid Age(41-60),False,False,False,False,False,False,False,False,False
T01244,C5458,2,0.46153846153846156,Books,0.0,0.16387755102040819,2023-11-22,Card,0.2132171138087549,November,Wednesday,Mid Age(41-60),False,False,True,False,False,False,False,False,False
T01245,C8259,2,0.4423076923076924,Furniture,0.75,0.43673469387755104,2023-06-12,Wallet,0.6691443593219173,June,Monday,Mid Age(41-60),True,False,False,False,False,False,False,False,False
T01246,C7947,1,0.7115384615384616,Beauty,0.5,0.5048979591836734,2023-09-15,Cash,0.6290717134918024,September,Friday,Mid Age(41-60),False,False,False,False,True,False,False,False,False
T01247,C8957,0,0.7884615384615384,Books,1.0,0.9979591836734694,2023-10-02,UPI,0.9999999999999998,October,Monday,Mid Age(41-60),False,False,True,False,False,False,False,False,False
T01248,C8242,2,0.07692307692307698,Groceries,0.25,0.5193877551020408,2023-09-30,Cash,0.5349026797047598,September,Saturday,Young Adult(18-25),False,True,False,False,False,False,False,False,False
T01249,C7785,0,0.6346153846153847,Beauty,0.25,0.28959183673469385,2023-07-20,UPI,0.4149287152911487,July,Thursday,Mid Age(41-60),False,True,False,False,False,False,False,False,False
T01250,C5475,2,0.3076923076923077,Sports,1.0,0.9426530612244898,2023-04-26,Card,0.9791977746032713,April,Wednesday,Adult(26-40),True,False,False,False,False,False,False,False,False
T01251,C4531,1,0.46153846153846156,Fashion,1.0,0.7285714285714285,2023-07-26,Wallet,0.8897719523052693,July,Wednesday,Mid Age(41-60),False,False,False,False,False,False,True,False,False
T01252,C9394,1,0.2692307692307693,Groceries,1.0,0.5389795918367347,2023-09-11,Card,0.7941354147389424,September,Monday,Adult(26-40),False,True,False,False,False,False,False,False,False
T01253,C2864,1,0.6346153846153847,Beauty,0.0,0.966530612244898,2023-08-26,Card,0.5141015253726655,August,Saturday,Mid Age(41-60),False,True,False,False,False,False,False,False,False
T01254,C6655,1,0.48076923076923084,Electronics,0.25,0.23265306122448984,2023-05-27,Cash,0.375824195932193,May,Saturday,Mid Age(41-60),False,True,False,False,False,False,False,False,False
T01255,C8043,0,0.42307692307692313,Books,0.75,0.33346938775510204,2023-08-19,UPI,0.6012425345610273,August,Saturday,Adult(26-40),False,False,False,False,False,False,False,True,False
T01256,C2816,1,1.0,Groceries,0.0,0.4179591836734694,2023-03-22,UPI,0.34954851771207907,March,Wednesday,Senior(60+),False,False,True,False,False,False,False,False,False
T01257,C5640,0,0.42307692307692313,Sports,0.5,0.22673469387755105,2023-04-01,UPI,0.4514420263963442,April,Saturday,Adult(26-40),False,False,False,False,False,False,True,False,False
T01258,C8972,2,0.5961538461538463,Fashion,1.0,0.6959183673469388,2023-07-24,Wallet,0.8746139763502665,July,Monday,Mid Age(41-60),True,False,False,False,False,False,False,False,False
T01259,C9633,2,0.9615384615384616,Furniture,0.75,0.926530612244898,2023-05-28,Card,0.8936743041487033,May,Sunday,Senior(60+),False,False,False,False,False,False,True,False,False
T01260,C6053,1,0.576923076923077,Furniture,0.25,0.33346938775510204,2023-01-02,Card,0.4417622837294891,January,Monday,Mid Age(41-60),True,False,False,False,False,False,False,False,False
T01261,C1744,0,0.730769230769231,Furniture,0.75,0.503265306122449,2023-09-30,UPI,0.7073711598082487,September,Saturday,Mid Age(41-60),False,False,False,False,False,False,False,False,False
T01262,C4612,2,0.0,Furniture,0.0,0.509795918367347,2023-06-21,UPI,0.38457010060511376,June,Wednesday,Young Adult(18-25),False,False,False,False,False,True,False,False,False
T01263,C7475,2,0.6153846153846154,Groceries,0.75,0.14306122448979594,2023-08-26,Card,0.42558359157331294,August,Saturday,Mid Age(41-60),True,False,False,False,False,False,False,False,False
T01264,C1897,2,0.15384615384615385,Sports,1.0,0.49693877551020404,2023-12-02,UPI,0.7699356193190656,December,Saturday,Adult(26-40),False,True,False,False,False,False,False,False,False
T01265,C1125,2,0.5384615384615385,Sports,0.25,0.9473469387755102,2023-03-30,UPI,0.6849438052635264,March,Thursday,Mid Age(41-60),False,False,False,True,False,False,False,False,False
T01266,C4349,1,0.1923076923076924,Furniture,0.25,0.7708163265306123,2023-12-16,Wallet,0.6301619821776189,December,Saturday,Adult(26-40),False,False,False,False,False,False,False,False,False
T01267,C5938,1,0.2692307692307693,Electronics,0.25,0.9124489795918368,2023-02-20,Cash,0.6747032816018536,February,Monday,Adult(26-40),True,False,False,False,False,False,False,False,False
T01268,C4460,1,0.07692307692307698,Books,0.25,0.30653061224489797,2023-07-16,UPI,0.42558359157331294,July,Sunday,Young Adult(18-25),False,False,False,False,True,False,False,False,False
T01269,C3248,2,0.6153846153846154,Furniture,0.0,0.6283673469387755,2023-10-25,Wallet,0.4240039572880208,October,Wednesday,Mid Age(41-60),False,False,False,False,False,False,False,True,False
T01270,C5186,1,0.7884615384615384,Books,0.0,0.7304081632653061,2023-12-01,Cash,0.45408581806185633,December,Friday,Mid Age(41-60),False,False,False,False,False,True,False,False,False
T01271,C5742,2,0.326923076923077,Groceries,0.75,0.16040816326530613,2023-08-03,Wallet,0.44625984297859367,August,Thursday,Adult(26-40),False,False,True,False,False,False,False,False,False
T01272,C6375,1,0.25,Sports,0.0,0.23163265306122452,2023-08-03,Wallet,0.25840055728418126,August,Thursday,Adult(26-40),True,False,False,False,False,False,False,False,False
T01273,C2965,1,0.17307692307692313,Fashion,0.25,0.8802040816326531,2023-07-30,Card,0.6650009827840347,July,Sunday,Adult(26-40),False,False,False,False,False,False,True,False,False
T01274,C1126,0,0.21153846153846156,Furniture,0.5,0.7387755102040816,2023-04-07,Card,0.7317119005750211,April,Friday,Adult(26-40),True,False,False,False,False,False,False,False,False
T01275,C9149,0,0.1923076923076924,Beauty,0.75,0.523673469387755,2023-11-22,Cash,0.7184135255871914,November,Wednesday,Adult(26-40),False,False,False,False,False,False,False,False,False
T01276,C8055,2,0.4423076923076924,Furniture,0.5,0.8422448979591837,2023-01-15,Cash,0.7700804922294088,January,Sunday,Mid Age(41-60),False,False,False,False,False,False,False,False,True
T01277,C3878,2,0.730769230769231,Electronics,0.25,0.5977551020408163,2023-11-13,Wallet,0.5674193455887956,November,Monday,Mid Age(41-60),False,False,False,False,False,False,False,False,True
T01278,C3116,2,0.8653846153846155,Electronics,0.5,0.7828571428571429,2023-04-25,Cash,0.7484783156284469,April,Tuesday,Senior(60+),False,False,False,True,False,False,False,False,False
T01279,C7229,0,1.0,Sports,0.75,0.5920408163265306,2023-03-12,Card,0.7534228779532867,March,Sunday,Senior(60+),False,False,False,False,False,False,False,False,False
T01280,C9725,1,0.13461538461538464,Groceries,0.0,0.7148979591836735,2023-11-09,Card,0.4497052139434942,November,Thursday,Young Adult(18-25),True,False,False,False,False,False,False,False,False
T01281,C4770,0,0.8076923076923078,Furniture,0.25,0.779795918367347,2023-11-14,UPI,0.6331441293894727,November,Tuesday,Mid Age(41-60),False,False,False,True,False,False,False,False,False
T01282,C9196,1,0.2692307692307693,Beauty,1.0,0.7028571428571428,2023-09-15,Card,0.8778747635530901,September,Friday,Adult(26-40),False,False,False,False,False,False,True,False,False
T01283,C6802,2,0.5000000000000001,Fashion,0.75,0.6857142857142857,2023-02-11,UPI,0.7972121463051176,February,Saturday,Mid Age(41-60),False,False,False,False,False,True,False,False,False
T01284,C2180,0,0.980769230769231,Beauty,0.0,0.7710204081632653,2023-11-03,UPI,0.46526467734279137,November,Friday,Senior(60+),False,False,False,False,False,False,False,True,False
T01285,C7505,2,0.40384615384615385,Beauty,0.5,0.04612244897959184,2023-10-20,Wallet,0.22432706060981583,October,Friday,Adult(26-40),False,True,False,False,False,False,False,False,False
T01286,C1693,1,0.8846153846153847,Beauty,0.25,0.9342857142857143,2023-07-29,Cash,0.6811417284915767,July,Saturday,Senior(60+),False,False,True,False,False,False,False,False,False
T01287,C8147,1,0.13461538461538464,Fashion,1.0,0.04408163265306122,2023-01-12,Card,0.29709122430509277,January,Thursday,Young Adult(18-25),False,False,False,False,False,False,False,True,False
T01288,C1307,0,0.576923076923077,Furniture,1.0,0.7036734693877551,2023-06-16,UPI,0.8782569490208008,June,Friday,Mid Age(41-60),True,False,False,False,False,False,False,False,False
T01289,C8532,0,0.826923076923077,Sports,0.0,0.14775510204081635,2023-11-09,Card,0.2007958019615954,November,Thursday,Senior(60+),False,False,False,False,False,False,False,False,False
T01290,C2275,0,0.576923076923077,Beauty,0.5,0.23489795918367348,2023-05-08,Cash,0.4582909193783361,May,Monday,Mid Age(41-60),False,False,False,False,False,False,False,False,True
T01291,C6129,2,0.576923076923077,Beauty,0.75,0.5055102040816326,2023-03-27,UPI,0.7086003546451867,March,Monday,Mid Age(41-60),False,False,False,False,False,False,False,False,False
T01292,C8033,1,0.25,Sports,0.75,0.40551020408163263,2023-10-19,Cash,0.6498533486332524,October,Thursday,Adult(26-40),False,True,False,False,False,False,False,False,False
T01293,C7626,0,0.7115384615384616,Electronics,1.0,0.970204081632653,2023-11-17,Card,0.989661772387719,November,Friday,Mid Age(41-60),False,False,False,False,False,False,False,False,False
T01294,C7843,2,0.1923076923076924,Groceries,0.75,0.8561224489795919,2023-08-30,Card,0.8674400560134085,August,Wednesday,Adult(26-40),False,False,False,False,True,False,False,False,False
T01295,C5743,2,0.7884615384615384,Furniture,0.25,0.6236734693877551,2023-12-17,UPI,0.5775375566981527,December,Sunday,Mid Age(41-60),False,False,False,True,False,False,False,False,False
T01296,C2887,2,0.5000000000000001,Furniture,0.25,0.21265306122448982,2023-02-16,Card,0.3606325265367888,February,Thursday,Mid Age(41-60),False,False,False,False,False,False,False,False,True
T01297,C7636,1,0.019230769230769273,Electronics,0.5,0.9081632653061225,2023-07-09,Wallet,0.7928758704792664,July,Sunday,Young Adult(18-25),False,False,False,False,False,False,False,False,True
T01298,C1341,0,0.28846153846153855,Books,0.0,0.9455102040816327,2023-01-12,Wallet,0.509194234595621,January,Thursday,Adult(26-40),False,False,False,False,False,False,False,False,False
T01299,C6321,0,0.03846153846153849,Furniture,0.5,0.4904081632653061,2023-11-04,UPI,0.6217331186020556,November,Saturday,Young Adult(18-25),False,True,False,False,False,False,False,False,False
T01300,C3815,2,0.15384615384615385,Groceries,0.0,0.0893877551020408,2023-12-01,Wallet,0.14729087412499475,December,Friday,Adult(26-40),True,False,False,False,False,False,False,False,False
T01301,C8538,0,0.6923076923076924,Fashion,0.0,0.6563265306122449,2023-07-19,Wallet,0.4325567176495264,July,Wednesday,Mid Age(41-60),False,False,False,False,True,False,False,False,False
T01302,C6928,1,0.7115384615384616,Fashion,0.0,0.21040816326530615,2023-10-10,Card,0.2452698281258428,October,Tuesday,Mid Age(41-60),False,False,False,False,False,False,False,False,True
T01303,C2443,0,0.1923076923076924,Beauty,0.5,0.673469387755102,2023-09-19,Wallet,0.7055766624379735,September,Tuesday,Adult(26-40),False,False,False,False,False,False,False,True,False
T01304,C8155,2,0.15384615384615385,Groceries,1.0,0.009795918367346938,2023-04-09,Wallet,0.18664168265044156,April,Sunday,Adult(26-40),False,True,False,False,False,False,False,False,False
T01305,C2734,1,0.7692307692307693,Books,0.25,0.7736734693877552,2023-03-24,UPI,0.6311133960670245,March,Friday,Mid Age(41-60),False,False,False,False,False,False,False,False,False
T01306,C4986,0,0.6153846153846154,Fashion,0.0,0.8659183673469388,2023-08-23,Card,0.48990844335978406,August,Wednesday,Mid Age(41-60),False,False,False,False,False,False,False,False,True
T01307,C8138,1,0.03846153846153849,Sports,1.0,0.7693877551020408,2023-07-08,Cash,0.908084541531688,July,Saturday,Young Adult(18-25),False,False,False,False,False,True,False,False,False
T01308,C7560,0,0.6923076923076924,Furniture,0.5,0.09081632653061225,2023-05-03,Cash,0.30269731305304515,May,Wednesday,Mid Age(41-60),False,False,False,False,True,False,False,False,False
T01309,C9584,1,0.17307692307692313,Groceries,0.25,0.14142857142857143,2023-03-31,Cash,0.29770934507678243,March,Friday,Adult(26-40),False,False,False,False,False,False,False,True,False
T01310,C2288,2,0.05769230769230771,Sports,0.5,0.09142857142857144,2023-08-30,Cash,0.3036021035342503,August,Wednesday,Young Adult(18-25),False,False,True,False,False,False,False,False,False
T01311,C7484,2,0.1923076923076924,Electronics,0.75,0.45163265306122446,2023-12-31,Cash,0.6780257386081978,December,Sunday,Adult(26-40),False,False,False,False,True,False,False,False,False
T01312,C6083,2,0.3076923076923077,Sports,1.0,0.17877551020408164,2023-04-13,Cash,0.5161756355456384,April,Thursday,Adult(26-40),False,False,False,False,False,True,False,False,False
T01313,C6562,1,0.21153846153846156,Electronics,0.0,0.5573469387755102,2023-06-15,UPI,0.4010574602279581,June,Thursday,Adult(26-40),False,False,False,False,False,False,False,False,True
T01314,C4630,1,0.6346153846153847,Electronics,0.5,0.993469387755102,2023-03-09,Cash,0.820757580084611,March,Thursday,Mid Age(41-60),False,False,False,False,False,False,True,False,False
T01315,C6456,2,0.48076923076923084,Sports,0.0,0.1626530612244898,2023-05-31,UPI,0.21230092225779612,May,Wednesday,Mid Age(41-60),False,True,False,False,False,False,False,False,False
T01316,C3754,2,0.730769230769231,Electronics,1.0,0.48571428571428577,2023-02-03,Wallet,0.7632436414595289,February,Friday,Mid Age(41-60),False,False,False,False,False,True,False,False,False
T01317,C2251,1,0.6923076923076924,Sports,1.0,0.9453061224489796,2023-01-16,Wallet,0.9802144341448391,January,Monday,Mid Age(41-60),False,True,False,False,False,False,False,False,False
T01318,C9363,1,0.7692307692307693,Furniture,0.25,0.8048979591836735,2023-04-16,Card,0.6413586291438993,April,Sunday,Mid Age(41-60),False,True,False,False,False,False,False,False,False
T01319,C2868,1,0.019230769230769273,Furniture,0.75,0.5538775510204081,2023-10-23,Cash,0.7342379300837186,October,Monday,Young Adult(18-25),False,False,True,False,False,False,False,False,False
T01320,C9693,1,0.8846153846153847,Electronics,0.75,0.10163265306122449,2023-08-25,Cash,0.36911103367480835,August,Friday,Senior(60+),False,True,False,False,False,False,False,False,False
T01321,C9355,1,0.8846153846153847,Furniture,0.5,0.20285714285714287,2023-08-24,UPI,0.43045746822719877,August,Thursday,Senior(60+),False,False,False,False,False,False,True,False,False
T01322,C4176,0,0.8076923076923078,Beauty,0.5,0.9773469387755103,2023-05-06,Card,0.8156170313846686,May,Saturday,Mid Age(41-60),False,False,False,False,False,False,False,False,True
T01323,C6724,0,1.0,Beauty,0.25,0.8538775510204082,2023-12-17,Card,0.6568982101482169,December,Sunday,Senior(60+),False,False,False,False,False,False,False,False,False
T01324,C6752,0,0.34615384615384615,Sports,1.0,0.08857142857142858,2023-11-05,Wallet,0.38977127930537714,November,Sunday,Adult(26-40),False,False,False,True,False,False,False,False,False
T01325,C3419,1,0.0961538461538462,Books,1.0,0.3426530612244898,2023-08-16,UPI,0.6671399498476599,August,Wednesday,Young Adult(18-25),False,False,False,False,False,False,True,False,False
T01326,C4871,1,0.25,Groceries,1.0,0.8630612244897959,2023-05-04,Cash,0.9477452158628297,May,Thursday,Adult(26-40),False,False,False,True,False,False,False,False,False
T01327,C2684,1,0.5384615384615385,Groceries,0.25,0.24081632653061227,2023-04-01,UPI,0.3817844195068713,April,Saturday,Mid Age(41-60),False,False,False,False,True,False,False,False,False
T01328,C3399,2,0.730769230769231,Groceries,0.0,0.9395918367346939,2023-08-25,Wallet,0.507799150492186,August,Friday,Mid Age(41-60),False,False,False,False,False,True,False,False,False
T01329,C5193,2,0.576923076923077,Sports,0.75,0.8279591836734694,2023-09-14,Cash,0.8565342637829114,September,Thursday,Mid Age(41-60),True,False,False,False,False,False,False,False,False
T01330,C4232,2,0.576923076923077,Electronics,0.0,0.2279591836734694,2023-11-25,UPI,0.2561846035797347,November,Saturday,Mid Age(41-60),False,False,False,False,False,True,False,False,False
T01331,C3842,2,0.1923076923076924,Books,1.0,0.3736734693877551,2023-02-26,Cash,0.6899677003847858,February,Sunday,Adult(26-40),False,False,False,False,True,False,False,False,False
T01332,C3504,0,0.2692307692307693,Sports,0.75,0.25857142857142856,2023-11-06,Cash,0.5427183462253788,November,Monday,Adult(26-40),False,False,False,False,False,False,False,True,False
T01333,C2234,1,0.5000000000000001,Electronics,0.5,0.5028571428571429,2023-06-19,UPI,0.6280467211051706,June,Monday,Mid Age(41-60),False,False,False,False,False,False,False,True,False
T01334,C3902,0,0.730769230769231,Electronics,0.25,0.5195918367346939,2023-03-23,Card,0.5349915074151559,March,Thursday,Mid Age(41-60),False,False,True,False,False,False,False,False,False
T01335,C9095,1,0.17307692307692313,Beauty,0.5,0.010612244897959183,2023-05-06,UPI,0.12833091958791182,May,Saturday,Adult(26-40),False,False,False,False,False,False,False,True,False
T01336,C8601,0,0.9615384615384616,Beauty,0.25,0.8106122448979592,2023-08-25,Wallet,0.6432041808756441,August,Friday,Senior(60+),False,False,False,False,False,False,False,False,True
T01337,C8354,2,0.7115384615384616,Furniture,0.75,0.3355102040816326,2023-02-05,Card,0.6027104901199523,February,Sunday,Mid Age(41-60),False,False,True,False,False,False,False,False,False
T01338,C6295,0,1.0,Fashion,0.75,0.1916326530612245,2023-01-04,Cash,0.4802303261643953,January,Wednesday,Senior(60+),False,False,False,False,True,False,False,False,False
T01339,C6179,0,0.9423076923076924,Books,0.25,0.11224489795918369,2023-01-17,Cash,0.26622002088251384,January,Tuesday,Senior(60+),False,False,True,False,False,False,False,False,False
T01340,C3473,1,0.21153846153846156,Fashion,1.0,0.0,2023-12-16,Wallet,0.1387747127367598,December,Saturday,Adult(26-40),False,False,False,False,False,False,False,False,False
T01341,C8205,2,0.7500000000000001,Books,0.5,0.2557142857142857,2023-12-13,Card,0.4750900730455818,December,Wednesday,Mid Age(41-60),False,False,False,False,False,True,False,False,False
T01342,C2118,0,0.8076923076923078,Furniture,0.25,0.20224489795918368,2023-07-28,Cash,0.3523643801970199,July,Friday,Mid Age(41-60),False,False,False,True,False,False,False,False,False
T01343,C8682,1,0.6153846153846154,Electronics,0.0,0.8689795918367347,2023-09-24,Cash,0.49067207756815046,September,Sunday,Mid Age(41-60),False,True,False,False,False,False,False,False,False
T01344,C8245,2,0.3076923076923077,Electronics,1.0,0.16183673469387758,2023-08-29,Cash,0.4960668515331418,August,Tuesday,Adult(26-40),False,True,False,False,False,False,False,False,False
T01345,C5961,2,0.1923076923076924,Furniture,0.5,0.413265306122449,2023-07-17,Card,0.5800030999141322,July,Monday,Adult(26-40),False,False,False,True,False,False,False,False,False
T01346,C5500,1,0.8846153846153847,Beauty,0.5,0.3414285714285714,2023-02-06,Wallet,0.5361883965052362,February,Monday,Senior(60+),False,False,False,False,False,False,False,True,False
T01347,C1920,1,0.826923076923077,Groceries,1.0,0.17306122448979594,2023-08-02,UPI,0.5095300854952365,August,Wednesday,Senior(60+),False,False,False,False,False,False,False,True,False
T01348,C6766,1,0.40384615384615385,Groceries,0.0,0.7918367346938776,2023-05-14,UPI,0.4708400128710736,May,Sunday,Adult(26-40),False,False,False,False,False,False,True,False,False
T01349,C9312,2,0.5576923076923077,Sports,0.5,0.041020408163265305,2023-10-03,Cash,0.2132171138087549,October,Tuesday,Mid Age(41-60),False,False,True,False,False,False,False,False,False
T01350,C2215,1,0.730769230769231,Beauty,1.0,0.8455102040816327,2023-03-03,Wallet,0.9405455996748813,March,Friday,Mid Age(41-60),False,False,False,False,False,False,False,True,False
T01351,C6085,0,0.7115384615384616,Furniture,0.75,0.7418367346938776,2023-11-07,Cash,0.8215334245118293,November,Tuesday,Mid Age(41-60),False,False,False,False,False,False,True,False,False
T01352,C8565,1,0.07692307692307698,Books,0.25,0.6530612244897959,2023-11-28,Card,0.5886723120687588,November,Tuesday,Young Adult(18-25),False,False,False,True,False,False,False,False,False
T01353,C8404,0,0.2692307692307693,Beauty,0.75,0.09285714285714286,2023-10-01,Card,0.35547555068854075,October,Sunday,Adult(26-40),False,False,False,False,False,False,True,False,False
T01354,C1616,0,0.46153846153846156,Furniture,0.5,0.20346938775510207,2024-01-01,Cash,0.4310146220947456,January,Monday,Mid Age(41-60),False,False,True,False,False,False,False,False,False
T01355,C1932,0,0.46153846153846156,Sports,0.75,0.5012244897959184,2023-01-13,Wallet,0.7062505167505537,January,Friday,Mid Age(41-60),False,False,True,False,False,False,False,False,False
T01356,C7041,0,0.15384615384615385,Books,0.0,0.6763265306122449,2023-08-13,Wallet,0.4385247111803605,August,Sunday,Adult(26-40),False,False,True,False,False,False,False,False,False
T01357,C5703,1,0.11538461538461542,Groceries,0.5,0.8085714285714286,2023-09-04,Cash,0.757964088290235,September,Monday,Young Adult(18-25),False,False,False,False,False,False,True,False,False
T01358,C2257,2,0.019230769230769273,Groceries,0.25,0.30755102040816323,2023-01-31,Cash,0.4262130389799307,January,Tuesday,Young Adult(18-25),True,False,False,False,False,False,False,False,False
T01359,C2479,0,0.23076923076923084,Books,0.25,0.3926530612244898,2023-05-30,Wallet,0.47450176934488114,May,Tuesday,Adult(26-40),False,False,False,False,False,False,False,False,True
T01360,C9307,1,0.6346153846153847,Books,0.25,0.9138775510204081,2023-07-23,Wallet,0.6751276828734986,July,Sunday,Mid Age(41-60),False,False,False,False,False,False,True,False,False
T01361,C7299,0,0.6153846153846154,Fashion,0.0,0.43510204081632653,2023-01-21,Wallet,0.35645030654910687,January,Saturday,Mid Age(41-60),True,False,False,False,False,False,False,False,False
T01362,C8581,1,0.826923076923077,Fashion,0.25,0.7340816326530613,2023-07-06,Wallet,0.6177104577060034,July,Thursday,Senior(60+),False,False,True,False,False,False,False,False,False
T01363,C1672,0,0.5000000000000001,Fashion,0.75,0.2059183673469388,2023-07-24,Card,0.4946137026278673,July,Monday,Mid Age(41-60),True,False,False,False,False,False,False,False,False
T01364,C8368,2,1.0,Electronics,0.75,0.7226530612244898,2023-09-19,Cash,0.8133648838727117,September,Tuesday,Senior(60+),False,True,False,False,False,False,False,False,False
T01365,C4084,0,0.17307692307692313,Beauty,0.5,0.24448979591836736,2023-11-19,Cash,0.46614594834649353,November,Sunday,Adult(26-40),False,True,False,False,False,False,False,False,False
T01366,C6267,2,0.730769230769231,Sports,0.25,0.03612244897959184,2023-11-29,Cash,0.15075146270410578,November,Wednesday,Mid Age(41-60),False,False,False,False,False,False,False,False,False
T01367,C8792,2,0.11538461538461542,Groceries,0.0,0.3087755102040816,2023-08-14,UPI,0.3004708923138239,August,Monday,Young Adult(18-25),False,False,True,False,False,False,False,False,False
T01368,C9214,1,0.21153846153846156,Books,1.0,0.23673469387755106,2023-08-08,UPI,0.5770659857067427,August,Tuesday,Adult(26-40),False,False,False,False,False,False,False,False,False
T01369,C3471,0,0.576923076923077,Beauty,0.75,0.40224489795918367,2023-03-05,Wallet,0.6477796536238903,March,Sunday,Mid Age(41-60),False,True,False,False,False,False,False,False,False
T01370,C2013,0,0.7500000000000001,Electronics,0.5,0.28530612244897957,2023-02-23,Card,0.4975134334881677,February,Thursday,Mid Age(41-60),False,False,False,False,False,False,False,False,True
T01371,C8381,2,0.730769230769231,Furniture,0.75,0.8551020408163266,2023-03-16,UPI,0.8670492188241705,March,Thursday,Mid Age(41-60),False,False,False,False,False,True,False,False,False
T01372,C2695,0,0.03846153846153849,Sports,0.75,0.9138775510204081,2023-05-15,Cash,0.8890624886038234,May,Monday,Young Adult(18-25),False,True,False,False,False,False,False,False,False
T01373,C6626,1,0.9615384615384616,Electronics,0.5,0.33489795918367343,2023-10-24,UPI,0.5319133206619472,October,Tuesday,Senior(60+),True,False,False,False,False,False,False,False,False
T01374,C2381,2,0.6538461538461539,Electronics,0.75,0.7959183673469388,2023-02-27,Card,0.8438154088629486,February,Monday,Mid Age(41-60),False,False,True,False,False,False,False,False,False
T01375,C9266,2,0.6153846153846154,Furniture,0.75,0.8030612244897959,2023-03-28,Card,0.8466805824624724,March,Tuesday,Mid Age(41-60),False,True,False,False,False,False,False,False,False
T01376,C3827,1,0.9230769230769232,Electronics,0.0,0.48469387755102045,2023-07-07,Wallet,0.37544725658705014,July,Friday,Senior(60+),False,False,False,False,False,False,False,True,False
T01377,C1641,1,0.13461538461538464,Electronics,1.0,0.4838775510204082,2023-07-31,Cash,0.762138762447385,July,Monday,Young Adult(18-25),False,False,False,False,False,False,False,False,True
T01378,C5059,1,0.0961538461538462,Fashion,0.5,0.16714285714285715,2023-12-03,Cash,0.3959271596395074,December,Sunday,Young Adult(18-25),False,False,False,False,False,False,False,False,True
T01379,C8172,0,0.576923076923077,Beauty,0.5,0.9842857142857142,2023-06-23,Wallet,0.8178364685144675,June,Friday,Mid Age(41-60),False,False,False,False,False,True,False,False,False
T01380,C8199,1,0.8076923076923078,Furniture,0.25,0.8240816326530612,2023-03-14,Wallet,0.6475196570012676,March,Tuesday,Mid Age(41-60),False,False,False,False,False,False,False,True,False
T01381,C9586,1,0.15384615384615385,Furniture,1.0,0.6140816326530613,2023-05-05,Card,0.8343810863290173,May,Friday,Adult(26-40),False,True,False,False,False,False,False,False,False
T01382,C9564,2,0.730769230769231,Beauty,0.75,0.46,2023-09-05,Cash,0.6829284394891779,September,Tuesday,Mid Age(41-60),False,True,False,False,False,False,False,False,False
T01383,C3600,0,0.6538461538461539,Furniture,0.0,0.6538775510204081,2023-04-18,UPI,0.43181752727747413,April,Tuesday,Mid Age(41-60),True,False,False,False,False,False,False,False,False
T01384,C6962,2,1.0,Books,0.25,0.6448979591836734,2023-05-16,UPI,0.5856138823750713,May,Tuesday,Senior(60+),False,False,False,False,False,False,False,False,False
T01385,C7108,2,0.0,Beauty,0.5,0.17938775510204083,2023-02-19,Cash,0.4082458276746057,February,Sunday,Young Adult(18-25),False,False,True,False,False,False,False,False,False
T01386,C5634,1,0.9423076923076924,Beauty,1.0,0.7755102040816326,2023-06-18,UPI,0.9107740945910151,June,Sunday,Senior(60+),False,False,False,False,False,False,False,False,False
T01387,C7347,0,0.826923076923077,Sports,0.0,0.6969387755102041,2023-11-25,Wallet,0.4445516789371741,November,Saturday,Senior(60+),False,False,False,True,False,False,False,False,False
T01388,C7697,1,0.7884615384615384,Beauty,0.5,0.710204081632653,2023-12-22,Wallet,0.7204787791028839,December,Friday,Mid Age(41-60),False,False,False,False,False,False,True,False,False
T01389,C6543,2,0.5192307692307693,Furniture,0.75,0.24755102040816326,2023-02-07,Card,0.5332104855291915,February,Tuesday,Mid Age(41-60),False,False,False,False,False,False,False,False,True
T01390,C1857,0,0.6346153846153847,Groceries,0.25,0.04673469387755102,2023-08-23,UPI,0.17169968624271525,August,Wednesday,Mid Age(41-60),True,False,False,False,False,False,False,False,False
T01391,C6482,2,0.5000000000000001,Sports,1.0,0.4736734693877551,2023-12-30,UPI,0.7559488830487954,December,Saturday,Mid Age(41-60),False,False,False,False,False,False,False,False,False
T01392,C2079,2,0.4423076923076924,Books,0.25,0.7640816326530613,2023-09-09,Card,0.6279098449175063,September,Saturday,Mid Age(41-60),False,False,True,False,False,False,False,False,False
T01393,C6401,0,0.03846153846153849,Sports,0.75,0.20081632653061227,2023-05-06,UPI,0.48955145119492127,May,Saturday,Young Adult(18-25),True,False,False,False,False,False,False,False,False
T01394,C2548,1,0.8461538461538461,Groceries,0.75,0.943265306122449,2023-05-14,UPI,0.8997082501559395,May,Sunday,Senior(60+),False,False,False,False,True,False,False,False,False
T01395,C7333,1,0.6346153846153847,Beauty,0.5,0.6510204081632653,2023-06-25,Wallet,0.6961969879732954,June,Sunday,Mid Age(41-60),False,False,False,False,False,False,False,False,True
T01396,C5655,2,0.5192307692307693,Beauty,0.25,0.01836734693877551,2023-06-01,Card,0.10850259227933506,June,Thursday,Mid Age(41-60),False,False,False,True,False,False,False,False,False
T01397,C5128,1,0.2692307692307693,Beauty,0.25,0.9704081632653061,2023-12-19,Wallet,0.6915703746127378,December,Tuesday,Adult(26-40),False,False,False,False,False,False,True,False,False
T01398,C3463,0,0.980769230769231,Beauty,0.25,0.5061224489795918,2023-08-16,UPI,0.5290779357954678,August,Wednesday,Senior(60+),False,False,True,False,False,False,False,False,False
T01399,C6461,0,0.576923076923077,Furniture,0.25,0.05693877551020408,2023-06-19,Wallet,0.18976549841509638,June,Monday,Mid Age(41-60),False,False,False,False,False,False,False,False,False
T01400,C2335,1,0.9615384615384616,Books,0.0,0.743061224489796,2023-08-19,UPI,0.45761296297480963,August,Saturday,Senior(60+),False,True,False,False,False,False,False,False,False
T01401,C3317,1,0.9423076923076924,Groceries,0.5,0.07122448979591836,2023-12-25,UPI,0.2717058939810188,December,Monday,Senior(60+),False,False,True,False,False,False,False,False,False
T01402,C6731,2,0.46153846153846156,Electronics,1.0,0.5928571428571429,2023-05-13,Card,0.8233601193792683,May,Saturday,Mid Age(41-60),False,False,False,False,False,False,False,True,False
T01403,C6082,0,0.42307692307692313,Fashion,0.0,0.23285714285714285,2023-10-18,Wallet,0.2591342042126128,October,Wednesday,Adult(26-40),False,False,True,False,False,False,False,False,False
T01404,C7421,1,0.7115384615384616,Fashion,0.25,0.7822448979591837,2023-05-21,Wallet,0.6339533887920903,May,Sunday,Mid Age(41-60),False,False,True,False,False,False,False,False,False
T01405,C3112,1,0.980769230769231,Electronics,0.75,0.7661224489795918,2023-11-01,UPI,0.8316713124869561,November,Wednesday,Senior(60+),False,False,False,False,False,False,True,False,False
T01406,C2388,1,0.9038461538461539,Fashion,0.75,0.46285714285714286,2023-01-19,Wallet,0.6845888864685283,January,Thursday,Senior(60+),False,True,False,False,False,False,False,False,False
T01407,C6072,2,0.9230769230769232,Electronics,0.25,0.015102040816326531,2023-03-13,Cash,0.09932188970524175,March,Monday,Senior(60+),False,False,False,False,False,False,False,False,False
T01408,C7171,0,0.8461538461538461,Books,0.0,0.26448979591836735,2023-03-17,UPI,0.27728494662009556,March,Friday,Senior(60+),False,False,False,False,False,False,False,True,False
T01409,C6381,2,0.6923076923076924,Electronics,0.0,0.5979591836734693,2023-09-25,Card,0.4144050771108903,September,Monday,Mid Age(41-60),False,False,False,False,False,False,False,False,False
T01410,C3093,0,0.11538461538461542,Beauty,0.5,0.8369387755102041,2023-05-28,UPI,0.7681934019241303,May,Sunday,Young Adult(18-25),True,False,False,False,False,False,False,False,False
T01411,C9624,0,0.5192307692307693,Fashion,0.75,0.8412244897959184,2023-01-14,UPI,0.861702012516836,January,Saturday,Mid Age(41-60),False,False,False,False,False,False,False,True,False
T01412,C2531,2,0.15384615384615385,Books,0.25,0.3522448979591837,2023-04-24,Wallet,0.45253684086862334,April,Monday,Adult(26-40),False,False,False,False,False,False,False,True,False
T01413,C7937,1,0.3076923076923077,Electronics,0.0,0.5830612244897959,2023-07-09,Wallet,0.40958175431419075,July,Sunday,Adult(26-40),False,False,False,False,False,False,False,False,True
T01414,C9331,2,0.576923076923077,Fashion,0.0,0.8777551020408163,2023-10-16,Card,0.4928510526469066,October,Monday,Mid Age(41-60),False,True,False,False,False,False,False,False,False
T01415,C6928,1,0.9423076923076924,Furniture,1.0,0.6528571428571429,2023-07-05,Cash,0.8538689476779208,July,Wednesday,Senior(60+),True,False,False,False,False,False,False,False,False
T01416,C1298,2,0.2692307692307693,Beauty,0.5,0.8575510204081632,2024-01-01,UPI,0.7754790535658012,January,Monday,Adult(26-40),False,False,False,False,False,True,False,False,False
T01417,C6940,1,0.0961538461538462,Fashion,1.0,0.10489795918367348,2023-05-30,Card,0.41701370456027187,May,Tuesday,Young Adult(18-25),False,False,False,False,False,False,False,False,True
T01418,C6060,2,0.34615384615384615,Beauty,0.75,0.2916326530612245,2023-06-07,UPI,0.5697554985919256,June,Wednesday,Adult(26-40),False,False,False,False,False,False,True,False,False
T01419,C3953,0,0.730769230769231,Fashion,0.25,0.2530612244897959,2023-03-23,Card,0.39048590133834415,March,Thursday,Mid Age(41-60),False,False,False,False,False,False,False,True,False
T01420,C4509,1,0.6538461538461539,Furniture,0.75,0.5881632653061224,2023-10-18,Card,0.7515123306107777,October,Wednesday,Mid Age(41-60),False,False,False,False,True,False,False,False,False
T01421,C6598,2,0.5000000000000001,Books,0.25,0.9414285714285714,2023-11-21,Card,0.6832254520583494,November,Tuesday,Mid Age(41-60),False,False,False,False,False,False,False,False,False
T01422,C8967,2,0.3076923076923077,Beauty,0.0,0.5671428571428572,2023-06-06,Wallet,0.4043354167639559,June,Tuesday,Adult(26-40),False,False,False,False,False,False,False,False,False
T01423,C4145,1,0.23076923076923084,Books,0.0,0.7681632653061224,2023-09-01,Cash,0.46449148292113673,September,Friday,Adult(26-40),False,False,False,False,False,False,False,False,True
T01424,C4711,0,0.0,Books,0.25,0.23408163265306123,2024-01-01,Wallet,0.3768768149361924,January,Monday,Young Adult(18-25),False,False,False,False,False,False,False,False,True
T01425,C3253,2,0.8653846153846155,Sports,0.75,0.46530612244897956,2023-08-14,Cash,0.6860066859396724,August,Monday,Senior(60+),False,False,True,False,False,False,False,False,False
T01426,C3538,1,0.9038461538461539,Fashion,0.75,0.5063265306122449,2023-12-11,Cash,0.7090464272505217,December,Monday,Senior(60+),False,False,False,False,True,False,False,False,False
T01427,C2264,1,0.9615384615384616,Electronics,0.5,0.6585714285714286,2023-05-31,Cash,0.699376054589535,May,Wednesday,Senior(60+),False,False,False,True,False,False,False,False,False
T01428,C5846,0,0.0,Groceries,1.0,0.11387755102040817,2023-03-21,Cash,0.4309527686166652,March,Tuesday,Young Adult(18-25),False,False,False,False,False,False,False,True,False
T01429,C2657,0,0.6923076923076924,Books,0.25,0.8085714285714286,2023-12-22,UPI,0.6425460742177271,December,Friday,Mid Age(41-60),False,False,False,False,False,False,False,False,True
T01430,C9317,0,0.6346153846153847,Furniture,0.75,0.6293877551020408,2023-03-07,Card,0.771406271392489,March,Tuesday,Mid Age(41-60),False,False,False,False,False,False,False,False,False
T01431,C9843,0,0.13461538461538464,Fashion,0.0,0.7885714285714286,2023-03-17,Card,0.46997209172763077,March,Friday,Young Adult(18-25),False,False,True,False,False,False,False,False,False
T01432,C9626,2,0.6346153846153847,Furniture,0.75,0.30142857142857143,2023-11-08,UPI,0.5773804358922862,November,Wednesday,Mid Age(41-60),False,False,False,False,False,False,True,False,False
T01433,C1618,2,0.0,Furniture,0.75,0.9628571428571429,2023-05-30,Wallet,0.906680223502413,May,Tuesday,Young Adult(18-25),False,False,False,False,True,False,False,False,False
T01434,C6517,0,0.46153846153846156,Electronics,0.5,0.8475510204081633,2023-07-16,Cash,0.7719595041344613,July,Sunday,Mid Age(41-60),False,False,False,False,False,True,False,False,False
T01435,C3147,0,0.7884615384615384,Electronics,0.75,0.8783673469387755,2023-05-12,UPI,0.87588253422752,May,Friday,Mid Age(41-60),False,False,False,False,False,True,False,False,False
T01436,C7172,0,0.25,Fashion,0.5,0.43326530612244896,2023-11-23,UPI,0.5912895089394615,November,Thursday,Adult(26-40),False,True,False,False,False,False,False,False,False
T01437,C3527,0,0.8461538461538461,Fashion,0.0,0.2163265306122449,2023-04-27,Wallet,0.24901310011154282,April,Thursday,Senior(60+),False,False,False,False,False,False,False,False,True
T01438,C3658,1,0.980769230769231,Beauty,0.0,0.5416326530612244,2023-01-15,Wallet,0.3957171597569754,January,Sunday,Senior(60+),False,False,False,False,False,False,False,True,False
T01439,C3962,1,0.3846153846153847,Beauty,0.0,0.9842857142857142,2023-04-19,Card,0.5181900443900883,April,Wednesday,Adult(26-40),False,False,True,False,False,False,False,False,False
T01440,C3712,1,0.5000000000000001,Furniture,0.0,0.9708163265306122,2023-10-26,UPI,0.5150930759788805,October,Thursday,Mid Age(41-60),False,False,False,False,False,True,False,False,False
T01441,C8170,1,0.4423076923076924,Furniture,0.0,0.5818367346938775,2023-06-05,Wallet,0.4091816396001242,June,Monday,Mid Age(41-60),False,False,False,False,True,False,False,False,False
T01442,C1715,2,0.11538461538461542,Furniture,0.75,0.9771428571428572,2023-03-17,Cash,0.911703104130103,March,Friday,Young Adult(18-25),False,False,False,False,False,True,False,False,False
T01443,C7731,1,0.17307692307692313,Electronics,1.0,0.6748979591836735,2023-10-27,Card,0.8645992601955612,October,Friday,Adult(26-40),False,False,True,False,False,False,False,False,False
T01444,C6968,1,0.5192307692307693,Books,0.25,0.11285714285714288,2023-01-07,Wallet,0.2669279631525073,January,Saturday,Mid Age(41-60),False,False,False,False,False,False,False,False,False
T01445,C4891,1,0.7884615384615384,Furniture,0.0,0.07510204081632654,2023-05-13,Card,0.1312464110810811,May,Saturday,Mid Age(41-60),False,True,False,False,False,False,False,False,False
T01446,C8277,1,0.7115384615384616,Sports,1.0,0.049183673469387755,2023-07-06,Card,0.3096453200481827,July,Thursday,Mid Age(41-60),False,False,False,True,False,False,False,False,False
T01447,C5668,0,0.3076923076923077,Fashion,1.0,0.26591836734693874,2023-09-18,Cash,0.6041361056159023,September,Monday,Adult(26-40),True,False,False,False,False,False,False,False,False
T01448,C8355,0,0.3076923076923077,Fashion,1.0,0.3873469387755102,2023-09-22,Cash,0.6996327339746008,September,Friday,Adult(26-40),False,False,False,False,True,False,False,False,False
T01449,C4833,0,0.6538461538461539,Groceries,0.75,0.16122448979591839,2023-07-27,Wallet,0.4471981092649196,July,Thursday,Mid Age(41-60),False,False,False,False,False,False,False,True,False
T01450,C9749,0,0.5192307692307693,Sports,0.5,0.17755102040816328,2023-09-02,Card,0.40643222696202574,September,Saturday,Mid Age(41-60),False,False,False,False,False,False,False,False,True
T01451,C4918,1,0.6923076923076924,Books,0.0,0.8348979591836735,2023-11-13,Cash,0.4820645095572985,November,Monday,Mid Age(41-60),False,False,False,True,False,False,False,False,False
T01452,C6070,2,0.4423076923076924,Books,1.0,0.7963265306122449,2023-03-29,UPI,0.9198120308407474,March,Wednesday,Mid Age(41-60),False,True,False,False,False,False,False,False,False
T01453,C8684,0,0.7500000000000001,Furniture,0.25,0.5410204081632654,2023-06-26,Card,0.544190970284694,June,Monday,Mid Age(41-60),False,False,False,False,False,False,False,False,True
T01454,C4178,1,0.326923076923077,Electronics,0.75,0.38693877551020406,2023-11-26,Wallet,0.637907394262472,November,Sunday,Adult(26-40),False,False,True,False,False,False,False,False,False
T01455,C7026,0,0.826923076923077,Groceries,0.75,0.3955102040816326,2023-03-21,UPI,0.6434671079388193,March,Tuesday,Senior(60+),False,False,False,False,False,True,False,False,False
T01456,C8218,0,0.48076923076923084,Electronics,0.75,0.17612244897959184,2023-10-28,Card,0.46382718847940235,October,Saturday,Mid Age(41-60),False,False,False,False,False,False,False,False,False
T01457,C8564,0,0.9230769230769232,Electronics,0.5,0.29081632653061223,2023-09-14,Cash,0.5015197023047218,September,Thursday,Senior(60+),False,False,True,False,False,False,False,False,False
T01458,C5616,0,0.25,Beauty,1.0,0.6420408163265307,2023-06-10,Card,0.848513337840427,June,Saturday,Adult(26-40),False,False,False,False,False,False,False,False,False
T01459,C7256,1,0.5000000000000001,Books,0.25,0.7022448979591837,2023-09-25,Cash,0.6065723888957371,September,Monday,Mid Age(41-60),False,False,False,True,False,False,False,False,False
T01460,C9239,1,0.6730769230769232,Beauty,0.0,0.10755102040816328,2023-07-11,Cash,0.1657127368043808,July,Tuesday,Mid Age(41-60),True,False,False,False,False,False,False,False,False
T01461,C9641,1,0.9615384615384616,Furniture,0.5,0.10346938775510203,2023-07-13,Cash,0.32073370386679145,July,Thursday,Senior(60+),False,False,False,False,False,False,False,True,False
T01462,C7859,2,0.6730769230769232,Furniture,0.0,0.41857142857142854,2023-09-06,UPI,0.34979822090400114,September,Wednesday,Mid Age(41-60),False,False,False,True,False,False,False,False,False
T01463,C3655,0,0.576923076923077,Books,1.0,0.19122448979591838,2023-11-28,Cash,0.5302059622946247,November,Tuesday,Mid Age(41-60),False,False,False,False,False,False,False,True,False
T01464,C4271,2,0.21153846153846156,Furniture,0.25,0.06244897959183674,2023-03-28,Card,0.1988372930226197,March,Tuesday,Adult(26-40),False,False,False,False,False,False,True,False,False
T01465,C3267,2,0.4423076923076924,Beauty,0.75,0.12183673469387757,2023-09-26,Card,0.39808788543669654,September,Tuesday,Mid Age(41-60),False,False,False,True,False,False,False,False,False
T01466,C5096,2,0.6730769230769232,Sports,0.0,0.7381632653061224,2023-09-04,Cash,0.45625248736775204,September,Monday,Mid Age(41-60),False,False,False,False,False,False,False,False,False
T01467,C1854,1,0.6730769230769232,Sports,0.75,0.6257142857142857,2023-03-31,Cash,0.769669894707402,March,Friday,Mid Age(41-60),False,False,False,False,False,False,False,False,True
T01468,C8873,1,0.576923076923077,Beauty,1.0,0.049183673469387755,2023-09-05,UPI,0.3096453200481827,September,Tuesday,Mid Age(41-60),False,False,True,False,False,False,False,False,False
T01469,C7081,0,0.3076923076923077,Sports,1.0,0.29081632653061223,2023-07-14,Wallet,0.6257474637237155,July,Friday,Adult(26-40),False,False,False,False,True,False,False,False,False
T01470,C2680,1,0.3653846153846154,Groceries,1.0,0.536734693877551,2023-01-08,Cash,0.7928758704792664,January,Sunday,Adult(26-40),False,True,False,False,False,False,False,False,False
T01471,C9452,1,0.6923076923076924,Electronics,0.75,0.17979591836734696,2023-12-09,Wallet,0.46779154906116627,December,Saturday,Mid Age(41-60),False,False,False,False,False,False,False,False,False
T01472,C3042,2,0.42307692307692313,Furniture,0.0,0.7514285714285714,2023-02-03,UPI,0.45992309617473914,February,Friday,Adult(26-40),False,False,False,False,True,False,False,False,False
T01473,C5670,1,0.9423076923076924,Furniture,1.0,0.6312244897959184,2023-06-25,Wallet,0.8430963850983094,June,Sunday,Senior(60+),False,False,False,False,False,False,False,False,False
T01474,C2374,0,0.8653846153846155,Furniture,1.0,0.2226530612244898,2023-04-26,Cash,0.5632319199692615,April,Wednesday,Senior(60+),False,False,False,False,False,False,False,True,False
T01475,C3626,0,0.48076923076923084,Sports,1.0,0.9591836734693878,2023-06-08,UPI,0.9855008367006968,June,Thursday,Mid Age(41-60),False,False,False,False,False,False,False,True,False
T01476,C5469,2,0.9038461538461539,Sports,0.0,0.9302040816326531,2023-04-16,UPI,0.5055739042341947,April,Sunday,Senior(60+),False,False,False,False,False,True,False,False,False
T01477,C8361,1,0.15384615384615385,Beauty,0.25,0.33387755102040817,2023-04-25,Wallet,0.44200070166754385,April,Tuesday,Adult(26-40),False,False,False,False,False,False,False,True,False
T01478,C9410,2,0.8076923076923078,Sports,0.0,0.3271428571428571,2023-03-18,UPI,0.3094495921134369,March,Saturday,Mid Age(41-60),False,False,False,False,False,True,False,False,False
T01479,C3414,0,0.13461538461538464,Beauty,0.25,0.4220408163265306,2023-05-23,Card,0.48955145119492127,May,Tuesday,Young Adult(18-25),False,False,False,False,False,False,False,True,False
T01480,C8167,0,0.9038461538461539,Books,1.0,0.8210204081632653,2023-11-08,UPI,0.9303275136515993,November,Wednesday,Senior(60+),False,False,False,False,False,False,False,False,True
T01481,C2502,1,0.2692307692307693,Books,0.25,0.7314285714285714,2023-03-03,Wallet,0.6167949470644034,March,Friday,Adult(26-40),False,False,True,False,False,False,False,False,False
T01482,C4637,1,0.5384615384615385,Furniture,0.0,0.47816326530612246,2023-11-29,Wallet,0.37302218496968154,November,Wednesday,Mid Age(41-60),False,False,False,True,False,False,False,False,False
T01483,C8391,0,0.9615384615384616,Fashion,1.0,0.37693877551020405,2023-04-11,Cash,0.6922967703534747,April,Tuesday,Senior(60+),False,False,False,False,True,False,False,False,False
T01484,C6727,0,0.8461538461538461,Beauty,0.75,0.3363265306122449,2023-07-02,Wallet,0.6032960287519176,July,Sunday,Senior(60+),False,False,False,False,False,False,False,False,False
T01485,C1436,2,0.1923076923076924,Electronics,0.5,0.2708163265306122,2023-09-13,Cash,0.48673243192442894,September,Wednesday,Adult(26-40),False,False,False,False,True,False,False,False,False
T01486,C7797,2,0.11538461538461542,Sports,0.0,0.7255102040816327,2023-08-24,Wallet,0.45270934298763066,August,Thursday,Young Adult(18-25),True,False,False,False,False,False,False,False,False
T01487,C1872,2,0.25,Electronics,0.0,0.8834693877551021,2023-10-19,UPI,0.4942619505290556,October,Thursday,Adult(26-40),False,False,False,False,False,False,True,False,False
T01488,C7495,1,0.6153846153846154,Furniture,0.25,0.3214285714285714,2023-11-23,UPI,0.43464101127774124,November,Thursday,Mid Age(41-60),False,False,False,True,False,False,False,False,False
T01489,C9224,1,0.48076923076923084,Sports,1.0,0.1436734693877551,2023-01-07,Cash,0.47299922176638165,January,Saturday,Mid Age(41-60),False,False,True,False,False,False,False,False,False
T01490,C7126,0,0.9615384615384616,Groceries,0.25,0.9730612244897959,2023-09-26,UPI,0.6923257991082251,September,Tuesday,Senior(60+),False,False,False,False,False,False,False,True,False
T01491,C4862,1,0.40384615384615385,Sports,0.25,0.04040816326530612,2023-04-27,Wallet,0.1595159410249644,April,Thursday,Adult(26-40),True,False,False,False,False,False,False,False,False
T01492,C7326,1,0.980769230769231,Electronics,0.0,0.16081632653061226,2023-04-14,Wallet,0.21091859488818793,April,Friday,Senior(60+),False,False,False,False,False,False,False,False,False
T01493,C2337,1,0.6730769230769232,Groceries,1.0,0.34020408163265303,2023-07-06,Cash,0.6652806383818124,July,Thursday,Mid Age(41-60),False,False,False,False,False,False,False,True,False
T01494,C7142,1,0.7500000000000001,Beauty,0.5,0.05551020408163266,2023-12-07,Wallet,0.2433073534768746,December,Thursday,Mid Age(41-60),False,False,False,False,False,False,False,False,False
T01495,C4678,1,0.8461538461538461,Furniture,0.0,0.23489795918367348,2023-01-17,UPI,0.26035147464304814,January,Tuesday,Senior(60+),False,False,False,False,False,False,True,False,False
T01496,C1461,1,0.826923076923077,Furniture,0.0,0.00857142857142857,2023-07-24,Wallet,0.018569902716914832,July,Monday,Senior(60+),False,False,False,False,False,False,False,True,False
T01497,C6221,1,0.8653846153846155,Electronics,0.0,0.6010204081632653,2023-11-17,Cash,0.41538611055401675,November,Friday,Senior(60+),False,False,False,True,False,False,False,False,False
T01498,C2623,1,0.05769230769230771,Furniture,1.0,0.6820408163265306,2023-02-20,Wallet,0.8680257172135195,February,Monday,Young Adult(18-25),True,False,False,False,False,False,False,False,False
T01499,C6493,0,0.1923076923076924,Sports,0.5,0.9500000000000001,2023-06-18,Cash,0.8067635213831433,June,Sunday,Adult(26-40),False,False,False,False,False,False,False,True,False
T01500,C3392,0,0.46153846153846156,Beauty,0.5,0.9136734693877551,2023-09-17,Wallet,0.7947296086896828,September,Sunday,Mid Age(41-60),True,False,False,False,False,False,False,False,False
T01501,C3254,2,0.7692307692307693,Groceries,1.0,0.12020408163265306,2023-02-04,Cash,0.4403876462418881,February,Saturday,Mid Age(41-60),False,False,False,False,False,False,False,True,False
T01502,C1627,2,0.0,Furniture,0.25,0.5695918367346938,2023-05-19,Wallet,0.5560835324388447,May,Friday,Young Adult(18-25),False,True,False,False,False,False,False,False,False
T01503,C5700,2,0.980769230769231,Beauty,0.75,0.30979591836734693,2023-10-11,UPI,0.583766243143222,October,Wednesday,Senior(60+),False,False,True,False,False,False,False,False,False
T01504,C8740,1,0.0961538461538462,Furniture,0.0,0.8828571428571429,2023-10-01,Cash,0.49411108094421313,October,Sunday,Young Adult(18-25),False,False,False,False,False,False,False,False,False
T01505,C3273,2,1.0,Electronics,0.25,0.8293877551020409,2023-10-03,Cash,0.6492065136214267,October,Tuesday,Senior(60+),False,False,False,False,False,False,True,False,False
T01506,C8685,2,0.17307692307692313,Fashion,0.5,0.3177551020408163,2023-02-10,Card,0.5204242455786957,February,Friday,Adult(26-40),True,False,False,False,False,False,False,False,False
T01507,C8349,0,0.576923076923077,Groceries,0.0,0.346734693877551,2023-01-29,Cash,0.3186693797614819,January,Sunday,Mid Age(41-60),False,False,False,False,False,False,True,False,False
T01508,C1086,1,0.730769230769231,Beauty,1.0,0.953469387755102,2023-08-17,Wallet,0.9833304494209402,August,Thursday,Mid Age(41-60),False,False,True,False,False,False,False,False,False
T01509,C2298,1,0.5192307692307693,Fashion,0.5,0.7918367346938776,2023-10-18,Wallet,0.751814559331156,October,Wednesday,Mid Age(41-60),False,False,True,False,False,False,False,False,False
T01510,C1311,1,0.0961538461538462,Furniture,1.0,0.8371428571428572,2023-09-25,UPI,0.937077356209556,September,Monday,Young Adult(18-25),False,False,True,False,False,False,False,False,False
T01511,C5193,1,0.07692307692307698,Groceries,0.75,0.5885714285714285,2023-05-07,Card,0.7517138399729184,May,Sunday,Young Adult(18-25),False,False,False,False,False,False,False,False,False
T01512,C4533,2,0.3076923076923077,Furniture,0.25,0.5959183673469388,2023-05-06,Wallet,0.5666911621966765,May,Saturday,Adult(26-40),False,False,False,False,False,False,True,False,False
T01513,C3449,0,0.2692307692307693,Fashion,1.0,0.9338775510204081,2023-05-12,Cash,0.9758209969001005,May,Friday,Adult(26-40),False,False,False,False,False,False,True,False,False
T01514,C9991,1,0.4423076923076924,Sports,0.75,0.23040816326530614,2023-04-04,UPI,0.5178629557877643,April,Tuesday,Mid Age(41-60),False,False,False,True,False,False,False,False,False
T01515,C9647,1,0.0961538461538462,Fashion,0.5,0.11224489795918369,2023-12-20,UPI,0.33250079771920704,December,Wednesday,Young Adult(18-25),False,False,True,False,False,False,False,False,False
T01516,C7934,0,0.730769230769231,Sports,1.0,0.7336734693877551,2023-11-30,Wallet,0.8920985094906202,November,Thursday,Mid Age(41-60),False,False,False,True,False,False,False,False,False
T01517,C2821,1,0.03846153846153849,Beauty,0.5,0.7146938775510204,2023-05-06,Card,0.722264035349695,May,Saturday,Young Adult(18-25),False,False,False,False,False,False,False,False,True
T01518,C5720,1,0.8846153846153847,Groceries,1.0,0.6287755102040816,2023-04-27,Wallet,0.8418612108340475,April,Thursday,Senior(60+),False,False,False,False,False,True,False,False,False
T01519,C4893,0,0.46153846153846156,Sports,1.0,0.11836734693877551,2023-12-20,Cash,0.437679517864143,December,Wednesday,Mid Age(41-60),False,False,False,False,False,False,False,False,True
T01520,C5934,1,0.48076923076923084,Books,1.0,0.9514285714285714,2023-08-22,Cash,0.9825531586685112,August,Tuesday,Mid Age(41-60),False,False,False,False,False,True,False,False,False
T01521,C2996,1,0.7500000000000001,Books,0.25,0.1306122448979592,2023-04-01,Card,0.28653952305176694,April,Saturday,Mid Age(41-60),False,False,True,False,False,False,False,False,False
T01522,C1782,2,0.7884615384615384,Beauty,0.0,0.21244897959183676,2023-01-21,Cash,0.24656808870281205,January,Saturday,Mid Age(41-60),False,False,False,False,False,False,True,False,False
T01523,C4906,0,0.6346153846153847,Beauty,0.0,0.8646938775510205,2023-11-08,Wallet,0.48960247467006723,November,Wednesday,Mid Age(41-60),False,False,False,False,True,False,False,False,False
T01524,C7878,2,0.34615384615384615,Furniture,0.25,0.49857142857142855,2023-05-17,Cash,0.5257164805192373,May,Wednesday,Adult(26-40),True,False,False,False,False,False,False,False,False
T01525,C8489,0,0.8653846153846155,Fashion,0.0,0.1685714285714286,2023-10-10,Card,0.2166903889130502,October,Tuesday,Senior(60+),False,False,False,False,False,True,False,False,False
T01526,C2029,0,0.730769230769231,Groceries,0.25,0.19714285714285715,2023-05-23,Wallet,0.3482126447993381,May,Tuesday,Mid Age(41-60),False,False,False,True,False,False,False,False,False
T01527,C2816,1,0.05769230769230771,Beauty,0.25,0.8336734693877551,2023-02-16,UPI,0.6505636200400854,February,Thursday,Young Adult(18-25),False,False,False,False,False,False,False,True,False
T01528,C9189,0,0.9423076923076924,Beauty,0.5,0.3853061224489796,2023-04-08,Wallet,0.5635998162729084,April,Saturday,Senior(60+),False,False,False,False,False,False,True,False,False
T01529,C9782,2,1.0,Furniture,0.25,0.08591836734693878,2023-02-02,Cash,0.2333470458289818,February,Thursday,Senior(60+),True,False,False,False,False,False,False,False,False
T01530,C1269,0,0.21153846153846156,Furniture,0.25,0.9036734693877552,2023-03-09,UPI,0.6720862508100136,March,Thursday,Adult(26-40),False,False,False,False,False,True,False,False,False
T01531,C9443,1,0.7692307692307693,Books,1.0,0.5530612244897959,2023-09-25,Cash,0.8019568339177595,September,Monday,Mid Age(41-60),False,False,True,False,False,False,False,False,False
T01532,C4963,0,0.5961538461538463,Beauty,1.0,0.037551020408163265,2023-06-05,Wallet,0.27996784241987466,June,Monday,Mid Age(41-60),False,False,True,False,False,False,False,False,False
T01533,C3352,1,0.5384615384615385,Beauty,0.25,0.37448979591836734,2023-02-01,Card,0.4648230907696337,February,Wednesday,Mid Age(41-60),False,True,False,False,False,False,False,False,False
T01534,C5772,1,0.0,Beauty,1.0,0.4844897959183674,2023-04-17,Wallet,0.7625073668519122,April,Monday,Young Adult(18-25),True,False,False,False,False,False,False,False,False
T01535,C8032,0,0.23076923076923084,Groceries,0.5,0.42020408163265305,2023-04-27,UPI,0.5839591505483178,April,Thursday,Adult(26-40),False,False,False,False,False,False,False,False,True
T01536,C1025,0,0.8076923076923078,Books,0.5,0.6526530612244898,2023-05-05,Card,0.6968864585612745,May,Friday,Mid Age(41-60),True,False,False,False,False,False,False,False,False
T01537,C6780,0,0.980769230769231,Furniture,0.25,0.5981632653061224,2023-10-27,Cash,0.5675809591497988,October,Friday,Senior(60+),False,False,False,False,False,True,False,False,False
T01538,C4941,1,0.6346153846153847,Books,1.0,0.11346938775510204,2023-10-25,UPI,0.4303335116129927,October,Wednesday,Mid Age(41-60),False,False,False,False,True,False,False,False,False
T01539,C7825,1,0.34615384615384615,Books,0.75,0.26387755102040816,2023-09-02,UPI,0.5472029760142972,September,Saturday,Adult(26-40),True,False,False,False,False,False,False,False,False
T01540,C4068,2,0.23076923076923084,Fashion,0.0,0.48142857142857143,2023-08-26,Wallet,0.37423747124395534,August,Saturday,Adult(26-40),False,False,False,False,False,False,False,False,False
T01541,C2402,2,0.03846153846153849,Sports,1.0,0.12489795918367347,2023-02-20,Cash,0.4471981092649196,February,Monday,Young Adult(18-25),False,False,False,True,False,False,False,False,False
T01542,C9576,2,0.9615384615384616,Fashion,0.5,0.893265306122449,2023-10-02,Card,0.7878251952688542,October,Monday,Senior(60+),False,False,False,False,False,False,True,False,False
T01543,C6908,1,0.730769230769231,Groceries,0.5,0.9618367346938775,2023-01-27,Cash,0.8106167235867056,January,Friday,Mid Age(41-60),False,False,False,False,False,False,False,True,False
T01544,C2108,2,0.6153846153846154,Beauty,0.75,0.40346938775510205,2023-06-13,Card,0.6485585943123762,June,Tuesday,Mid Age(41-60),True,False,False,False,False,False,False,False,False
T01545,C9618,0,0.6346153846153847,Beauty,0.25,0.8655102040816327,2023-11-21,Wallet,0.6604991982005151,November,Tuesday,Mid Age(41-60),False,False,True,False,False,False,False,False,False
T01546,C9914,0,0.8461538461538461,Electronics,0.75,0.8359183673469388,2023-02-07,Wallet,0.859641617811428,February,Tuesday,Senior(60+),False,False,False,False,False,False,True,False,False
T01547,C9312,0,0.2692307692307693,Beauty,0.75,0.5218367346938776,2023-04-11,Card,0.7174316633186955,April,Tuesday,Adult(26-40),False,False,False,False,False,False,False,False,True
T01548,C9316,2,0.7500000000000001,Furniture,0.0,0.6673469387755102,2023-09-02,Cash,0.43586018382181396,September,Saturday,Mid Age(41-60),True,False,False,False,False,False,False,False,False
T01549,C1333,0,0.1923076923076924,Fashion,0.5,0.0946938775510204,2023-03-01,Wallet,0.30837021443624313,March,Wednesday,Adult(26-40),False,False,False,False,False,False,False,True,False
T01550,C7397,1,0.826923076923077,Fashion,0.75,0.9126530612244899,2023-08-15,Card,0.8886138770413994,August,Tuesday,Senior(60+),False,False,False,False,False,False,False,False,False
T01551,C8702,1,0.03846153846153849,Fashion,0.25,0.1853061224489796,2023-02-12,Wallet,0.3383122130197308,February,Sunday,Young Adult(18-25),False,False,True,False,False,False,False,False,False
T01552,C1713,0,0.4423076923076924,Fashion,1.0,0.9742857142857143,2023-09-01,Cash,0.9911946654904886,September,Friday,Mid Age(41-60),False,False,False,False,False,False,False,True,False
T01553,C7338,0,0.28846153846153855,Sports,0.25,0.7873469387755102,2023-04-12,UPI,0.6356338311802967,April,Wednesday,Adult(26-40),False,False,False,False,False,False,False,True,False
T01554,C7116,1,0.7884615384615384,Furniture,0.0,0.4395918367346939,2023-02-21,Card,0.35822791084098027,February,Tuesday,Mid Age(41-60),True,False,False,False,False,False,False,False,False
T01555,C5155,0,0.0,Electronics,0.5,0.049999999999999996,2023-10-05,Card,0.23237962009264773,October,Thursday,Young Adult(18-25),False,False,True,False,False,False,False,False,False
T01556,C1266,1,0.1923076923076924,Books,0.25,0.053877551020408164,2023-10-29,UPI,0.18452961675475726,October,Sunday,Adult(26-40),False,False,False,False,False,False,True,False,False
T01557,C6850,2,0.0961538461538462,Furniture,0.5,0.5651020408163265,2023-04-21,Wallet,0.6581338671283917,April,Friday,Young Adult(18-25),False,True,False,False,False,False,False,False,False
T01558,C2106,2,0.326923076923077,Furniture,1.0,0.7044897959183674,2023-11-03,Card,0.8786388340823521,November,Friday,Adult(26-40),False,False,False,False,False,False,False,False,True
T01559,C6649,1,0.9423076923076924,Groceries,1.0,0.43612244897959185,2023-09-07,Wallet,0.7323711756429199,September,Thursday,Senior(60+),False,False,False,False,False,False,False,False,False
T01560,C4950,2,0.48076923076923084,Fashion,1.0,0.3351020408163265,2023-06-03,Cash,0.6613786016735899,June,Saturday,Mid Age(41-60),True,False,False,False,False,False,False,False,False
T01561,C2698,2,0.42307692307692313,Fashion,0.25,0.5591836734693878,2023-10-19,Cash,0.5517987261892088,October,Thursday,Adult(26-40),False,False,False,True,False,False,False,False,False
T01562,C6447,1,0.8076923076923078,Sports,0.75,0.09918367346938775,2023-01-05,Card,0.3653764744849233,January,Thursday,Mid Age(41-60),True,False,False,False,False,False,False,False,False
T01563,C3185,0,0.48076923076923084,Electronics,0.25,0.23285714285714285,2023-10-25,Card,0.3759748233097835,October,Wednesday,Mid Age(41-60),False,True,False,False,False,False,False,False,False
T01564,C1726,2,0.48076923076923084,Electronics,0.5,0.3414285714285714,2023-08-09,Card,0.5361883965052362,August,Wednesday,Mid Age(41-60),False,False,False,False,True,False,False,False,False
T01565,C6772,0,0.7115384615384616,Groceries,0.75,0.9144897959183673,2023-02-27,Cash,0.8892866406157969,February,Monday,Mid Age(41-60),False,False,False,False,False,False,False,False,False
T01566,C9945,0,0.23076923076923084,Groceries,0.75,0.5510204081632653,2023-08-15,Wallet,0.7327662475008688,August,Tuesday,Adult(26-40),False,False,False,False,False,False,False,False,True
T01567,C6546,2,0.6346153846153847,Groceries,0.0,0.10408163265306122,2023-11-26,Wallet,0.1623416241846708,November,Sunday,Mid Age(41-60),False,False,False,True,False,False,False,False,False
T01568,C3868,0,0.0,Beauty,1.0,0.39387755102040817,2023-04-10,UPI,0.7041692395160319,April,Monday,Young Adult(18-25),True,False,False,False,False,False,False,False,False
T01569,C8612,0,0.9038461538461539,Fashion,0.25,0.8251020408163265,2023-10-29,Wallet,0.647844625416129,October,Sunday,Senior(60+),False,False,False,False,False,False,True,False,False
T01570,C8840,2,0.8653846153846155,Fashion,0.0,0.12183673469387757,2023-11-22,Cash,0.17895883732219336,November,Wednesday,Senior(60+),False,False,False,False,False,False,False,True,False
T01571,C3986,2,0.07692307692307698,Books,0.5,0.9426530612244898,2023-11-11,UPI,0.8043553633692835,November,Saturday,Young Adult(18-25),False,False,False,False,False,False,True,False,False
T01572,C3209,0,0.0961538461538462,Books,0.0,0.0589795918367347,2023-08-22,Cash,0.11098722518680315,August,Tuesday,Young Adult(18-25),True,False,False,False,False,False,False,False,False
T01573,C2033,0,0.6730769230769232,Sports,1.0,0.5781632653061225,2023-01-01,Wallet,0.8155734055517216,January,Sunday,Mid Age(41-60),False,False,False,False,False,False,False,False,False
T01574,C8498,0,0.34615384615384615,Electronics,0.0,0.11816326530612245,2023-05-09,Wallet,0.17564458506399033,May,Tuesday,Adult(26-40),False,False,False,False,False,False,True,False,False
T01575,C1605,1,0.8846153846153847,Books,1.0,0.6957142857142857,2023-07-28,Cash,0.8745177379829907,July,Friday,Senior(60+),False,False,True,False,False,False,False,False,False
T01576,C5807,1,0.6730769230769232,Electronics,0.75,1.0,2023-11-04,UPI,0.9196363697709621,November,Saturday,Mid Age(41-60),False,True,False,False,False,False,False,False,False
T01577,C4302,0,0.7115384615384616,Groceries,0.0,0.1346938775510204,2023-05-19,Wallet,0.19010938748703676,May,Friday,Mid Age(41-60),False,False,False,False,False,True,False,False,False
T01578,C1717,2,0.42307692307692313,Furniture,0.5,0.9218367346938776,2023-09-10,Wallet,0.7974619191364405,September,Sunday,Adult(26-40),False,False,False,False,False,False,False,False,True
T01579,C4268,1,0.42307692307692313,Electronics,0.0,0.8004081632653062,2023-11-20,Cash,0.4731067881873546,November,Monday,Adult(26-40),False,False,False,False,False,False,False,True,False
T01580,C1686,1,1.0,Sports,0.5,0.2163265306122449,2023-04-01,Cash,0.4424769635438019,April,Saturday,Senior(60+),False,False,False,False,True,False,False,False,False
T01581,C6170,0,0.326923076923077,Fashion,0.5,0.45224489795918366,2023-06-18,Cash,0.6016835397817419,June,Sunday,Adult(26-40),False,False,False,True,False,False,False,False,False
T01582,C6080,1,0.2692307692307693,Electronics,0.5,0.06959183673469388,2023-09-17,UPI,0.2689215668659622,September,Sunday,Adult(26-40),False,False,False,True,False,False,False,False,False
T01583,C9444,0,0.730769230769231,Sports,0.25,0.17387755102040817,2023-09-05,UPI,0.3283688231883655,September,Tuesday,Mid Age(41-60),False,False,True,False,False,False,False,False,False
T01584,C7524,2,0.23076923076923084,Fashion,0.25,0.059387755102040814,2023-09-21,Wallet,0.1938512052026019,September,Thursday,Adult(26-40),False,False,False,False,True,False,False,False,False
T01585,C9897,0,0.5576923076923077,Furniture,0.5,0.830204081632653,2023-05-26,Wallet,0.7657864816108235,May,Friday,Mid Age(41-60),False,False,True,False,False,False,False,False,False
T01586,C8756,2,0.48076923076923084,Groceries,0.0,0.8485714285714285,2023-11-27,Card,0.4855460781354207,November,Monday,Mid Age(41-60),False,False,False,False,False,False,True,False,False
T01587,C5150,1,0.6923076923076924,Groceries,0.0,0.376530612244898,2023-06-03,Card,0.332054983617484,June,Saturday,Mid Age(41-60),False,False,False,False,False,True,False,False,False
T01588,C1599,1,0.0,Books,0.75,0.5855102040816327,2023-05-16,Cash,0.7502002167833774,May,Tuesday,Young Adult(18-25),False,False,False,False,True,False,False,False,False
T01589,C4131,1,0.3076923076923077,Groceries,0.25,0.7212244897959184,2023-09-30,Cash,0.6132526079264148,September,Saturday,Adult(26-40),False,False,False,False,True,False,False,False,False
T01590,C5687,1,0.21153846153846156,Books,0.75,0.7983673469387755,2023-05-08,Card,0.8447997168722197,May,Monday,Adult(26-40),False,False,False,True,False,False,False,False,False
T01591,C6848,2,0.5000000000000001,Electronics,0.0,0.5071428571428571,2023-06-24,Cash,0.38362032082623154,June,Saturday,Mid Age(41-60),False,False,False,False,False,False,False,False,False
T01592,C1783,1,0.6153846153846154,Books,0.0,0.3806122448979592,2023-05-21,Card,0.33383347649536,May,Sunday,Mid Age(41-60),False,False,False,True,False,False,False,False,False
T01593,C6438,0,0.11538461538461542,Sports,0.25,0.03571428571428571,2023-12-14,Card,0.14989290779114217,December,Thursday,Young Adult(18-25),False,True,False,False,False,False,False,False,False
T01594,C5476,2,0.6730769230769232,Groceries,1.0,0.09244897959183673,2023-10-15,Wallet,0.39648638146865955,October,Sunday,Mid Age(41-60),False,False,False,False,False,False,False,True,False
T01595,C3039,2,0.07692307692307698,Fashion,0.5,0.04387755102040817,2023-09-15,UPI,0.2195145542568081,September,Friday,Young Adult(18-25),False,False,False,True,False,False,False,False,False
T01596,C7029,1,0.6153846153846154,Books,1.0,0.3279591836734694,2023-06-08,UPI,0.6558495866893936,June,Thursday,Mid Age(41-60),False,False,True,False,False,False,False,False,False
T01597,C8159,1,0.34615384615384615,Beauty,0.75,0.893061224489796,2023-11-17,Wallet,0.8813795902558649,November,Friday,Adult(26-40),True,False,False,False,False,False,False,False,False
T01598,C7553,2,0.40384615384615385,Books,0.0,0.6340816326530613,2023-08-14,Cash,0.4257725694601186,August,Monday,Adult(26-40),False,False,False,False,False,False,False,False,False
T01599,C8204,0,0.13461538461538464,Sports,1.0,0.030204081632653063,2023-02-27,Card,0.25901210165862415,February,Monday,Young Adult(18-25),False,False,False,False,False,False,False,False,False
T01600,C7334,0,0.980769230769231,Sports,0.5,0.9236734693877551,2023-04-04,Wallet,0.7980744118915786,April,Tuesday,Senior(60+),True,False,False,False,False,False,False,False,False
T01601,C6554,1,0.6153846153846154,Beauty,1.0,0.8059183673469388,2023-09-07,Cash,0.9239225538761306,September,Thursday,Mid Age(41-60),True,False,False,False,False,False,False,False,False
T01602,C4060,1,0.3076923076923077,Electronics,0.5,0.08714285714285713,2023-01-04,Cash,0.29719435792721466,January,Wednesday,Adult(26-40),False,False,False,False,False,False,False,True,False
T01603,C9129,1,0.6538461538461539,Beauty,1.0,0.6471428571428571,2023-06-13,Card,0.8510471088062748,June,Tuesday,Mid Age(41-60),False,False,False,False,False,False,False,True,False
T01604,C9151,2,1.0,Electronics,0.5,0.6306122448979592,2023-09-18,Card,0.6874782686532868,September,Monday,Senior(60+),False,False,False,False,False,True,False,False,False
T01605,C7018,0,0.9615384615384616,Furniture,1.0,0.20918367346938777,2023-08-29,Card,0.5494659868393317,August,Tuesday,Senior(60+),False,True,False,False,False,False,False,False,False
T01606,C9507,2,0.6923076923076924,Books,0.0,0.7183673469387755,2023-09-11,UPI,0.4506906402729549,September,Monday,Mid Age(41-60),False,False,False,True,False,False,False,False,False
T01607,C5369,2,0.3076923076923077,Furniture,0.0,0.713469387755102,2023-03-25,Card,0.44929850771438395,March,Saturday,Adult(26-40),False,False,False,False,False,False,False,False,True
T01608,C2353,0,0.8461538461538461,Books,0.25,0.9185714285714286,2023-04-02,Wallet,0.6765189655654791,April,Sunday,Senior(60+),False,True,False,False,False,False,False,False,False
T01609,C7955,2,0.5384615384615385,Books,0.5,0.23020408163265307,2023-02-03,Cash,0.4543717950544126,February,Friday,Mid Age(41-60),False,False,False,False,False,True,False,False,False
T01610,C2293,1,0.46153846153846156,Electronics,0.75,0.19306122448979593,2023-08-10,UPI,0.4816985297855583,August,Thursday,Mid Age(41-60),False,False,False,False,False,False,True,False,False
T01611,C8055,2,0.6923076923076924,Electronics,0.25,0.7320408163265306,2023-12-11,Cash,0.6170064184858441,December,Monday,Mid Age(41-60),False,False,False,False,False,False,False,False,False
T01612,C3956,2,0.576923076923077,Books,0.5,0.19714285714285715,2023-06-05,Cash,0.4252052653314784,June,Monday,Mid Age(41-60),False,False,False,False,False,False,False,True,False
T01613,C9937,0,0.9423076923076924,Sports,1.0,0.6146938775510205,2023-02-18,Cash,0.8346951571340822,February,Saturday,Senior(60+),False,False,True,False,False,False,False,False,False
T01614,C5813,2,0.28846153846153855,Sports,1.0,0.5879591836734693,2023-08-15,UPI,0.8207791489582552,August,Tuesday,Adult(26-40),False,False,False,False,False,False,False,True,False
T01615,C6262,2,0.9230769230769232,Books,1.0,0.3236734693877551,2023-06-25,Cash,0.6524941290428501,June,Sunday,Senior(60+),False,False,False,False,True,False,False,False,False
T01616,C2680,1,0.40384615384615385,Books,0.75,0.573469387755102,2023-11-23,UPI,0.7441943528852741,November,Thursday,Adult(26-40),True,False,False,False,False,False,False,False,False
T01617,C2311,2,0.9423076923076924,Electronics,0.75,0.7297959183673469,2023-12-18,Card,0.8164233619405943,December,Monday,Senior(60+),True,False,False,False,False,False,False,False,False
T01618,C6372,1,0.5576923076923077,Books,1.0,0.09673469387755101,2023-10-03,UPI,0.4037237183609299,October,Tuesday,Mid Age(41-60),False,False,False,False,False,False,False,True,False
T01619,C5843,0,0.826923076923077,Sports,0.25,0.39816326530612245,2023-04-04,Card,0.4773791953011467,April,Tuesday,Senior(60+),False,False,False,False,False,False,False,False,False
T01620,C6021,2,0.5576923076923077,Electronics,0.5,0.3877551020408163,2023-04-10,Wallet,0.5650675416115344,April,Monday,Mid Age(41-60),False,False,False,False,True,False,False,False,False
T01621,C8305,0,0.7115384615384616,Sports,0.0,0.1536734693877551,2023-02-25,Card,0.20544817152509537,February,Saturday,Mid Age(41-60),False,False,True,False,False,False,False,False,False
T01622,C7981,1,0.019230769230769273,Electronics,1.0,0.9838775510204081,2023-04-29,Card,0.9947797733152464,April,Saturday,Young Adult(18-25),False,False,True,False,False,False,False,False,False
T01623,C3730,0,0.576923076923077,Fashion,0.25,0.01673469387755102,2023-04-20,Wallet,0.10398244312302862,April,Thursday,Mid Age(41-60),False,False,False,True,False,False,False,False,False
T01624,C8272,1,0.13461538461538464,Beauty,0.25,0.3795918367346939,2023-06-07,Wallet,0.4675726436677056,June,Wednesday,Young Adult(18-25),False,False,False,False,False,False,False,False,False
T01625,C6759,1,0.3076923076923077,Electronics,0.25,0.6904081632653061,2023-09-14,Wallet,0.6023440527018595,September,Thursday,Adult(26-40),False,False,False,False,False,False,True,False,False
T01626,C8325,1,0.07692307692307698,Books,0.75,0.8963265306122449,2023-06-06,Card,0.8825927702945304,June,Tuesday,Young Adult(18-25),False,False,False,False,False,False,True,False,False
T01627,C1693,1,0.46153846153846156,Fashion,1.0,0.9495918367346939,2023-06-13,Cash,0.981852622984019,June,Tuesday,Mid Age(41-60),False,False,False,False,False,True,False,False,False
T01628,C6776,2,0.7692307692307693,Groceries,0.5,0.07653061224489796,2023-09-29,Card,0.28052279405046404,September,Friday,Mid Age(41-60),False,False,False,False,False,False,False,False,True
T01629,C8126,1,0.9615384615384616,Fashion,0.0,0.02489795918367347,2023-08-30,Wallet,0.05606464128329702,August,Wednesday,Senior(60+),False,False,False,True,False,False,False,False,False
T01630,C5498,1,0.2692307692307693,Beauty,0.5,0.41775510204081634,2023-02-22,Cash,0.5825678914600542,February,Wednesday,Adult(26-40),False,False,False,False,False,True,False,False,False
T01631,C1939,2,0.826923076923077,Groceries,0.25,0.09489795918367347,2023-12-17,Card,0.24513956271019222,December,Sunday,Senior(60+),False,False,False,True,False,False,False,False,False
T01632,C2229,0,0.8461538461538461,Beauty,1.0,0.1279591836734694,2023-06-03,Card,0.4515574577738414,June,Saturday,Senior(60+),False,False,True,False,False,False,False,False,False
T01633,C7655,1,0.2692307692307693,Furniture,0.75,0.0946938775510204,2023-11-09,Card,0.3583889104231833,November,Thursday,Adult(26-40),False,False,False,False,False,True,False,False,False
T01634,C6952,0,0.980769230769231,Books,0.75,0.21183673469387757,2023-04-18,Cash,0.5003871823443368,April,Tuesday,Senior(60+),False,False,False,True,False,False,False,False,False
T01635,C9406,2,0.3846153846153847,Sports,0.25,0.7330612244897959,2023-10-20,Wallet,0.6173586043375915,October,Friday,Adult(26-40),False,False,True,False,False,False,False,False,False
T01636,C3621,1,0.5000000000000001,Furniture,0.75,0.30183673469387756,2023-12-11,Cash,0.577694608079105,December,Monday,Mid Age(41-60),False,False,False,True,False,False,False,False,False
T01637,C1510,1,0.42307692307692313,Beauty,0.5,0.47244897959183674,2023-03-21,Card,0.6124330675159703,March,Tuesday,Adult(26-40),False,False,False,False,False,False,False,False,True
T01638,C3339,0,0.6346153846153847,Books,0.75,0.0730612244897959,2023-06-15,Card,0.3217593511575599,June,Thursday,Mid Age(41-60),False,False,False,True,False,False,False,False,False
T01639,C8179,2,0.6538461538461539,Electronics,1.0,0.5251020408163265,2023-03-22,Wallet,0.7862918186718926,March,Wednesday,Mid Age(41-60),False,False,False,False,False,False,False,False,True
T01640,C1570,1,0.0,Fashion,0.5,0.5844897959183674,2023-04-09,UPI,0.6670471923619214,April,Sunday,Young Adult(18-25),False,False,False,True,False,False,False,False,False
T01641,C3068,0,0.8461538461538461,Beauty,0.5,0.40816326530612246,2023-07-22,Card,0.5770659857067427,July,Saturday,Senior(60+),False,False,True,False,False,False,False,False,False
T01642,C2101,1,0.3076923076923077,Groceries,0.75,0.4887755102040816,2023-03-29,UPI,0.6993475246947736,March,Wednesday,Adult(26-40),False,False,False,False,False,False,False,False,False
T01643,C4866,1,0.28846153846153855,Groceries,1.0,0.21673469387755104,2023-03-22,Wallet,0.557250521945575,March,Wednesday,Adult(26-40),False,False,False,False,False,False,True,False,False
T01644,C7001,1,0.34615384615384615,Books,0.25,0.6648979591836734,2023-11-09,Cash,0.5930614430254338,November,Thursday,Adult(26-40),False,False,False,False,False,False,False,False,False
T01645,C6933,2,0.0961538461538462,Fashion,0.5,0.8002040816326531,2023-12-06,Wallet,0.7549002572636062,December,Wednesday,Young Adult(18-25),False,False,False,False,False,False,False,True,False
T01646,C7272,2,0.48076923076923084,Electronics,0.0,0.20448979591836736,2023-03-22,Cash,0.24145905563546927,March,Wednesday,Mid Age(41-60),False,False,False,False,False,False,False,False,True
T01647,C1530,1,0.826923076923077,Books,0.5,0.12836734693877552,2023-06-16,UPI,0.35277589208362803,June,Friday,Senior(60+),True,False,False,False,False,False,False,False,False
T01648,C3513,1,0.9038461538461539,Fashion,0.75,0.12755102040816327,2023-09-22,Wallet,0.40575754561618527,September,Friday,Senior(60+),False,False,False,True,False,False,False,False,False
T01649,C8371,2,1.0,Furniture,0.5,0.41816326530612247,2023-08-31,Cash,0.5828001439215027,August,Thursday,Senior(60+),False,False,False,False,False,False,True,False,False
T01650,C7077,0,0.40384615384615385,Furniture,0.0,0.9087755102040816,2023-12-01,Card,0.5004365052202192,December,Friday,Adult(26-40),False,False,False,False,False,False,False,False,False
T01651,C7095,1,0.07692307692307698,Books,0.0,0.34408163265306124,2023-11-01,UPI,0.31744126772715736,November,Wednesday,Young Adult(18-25),True,False,False,False,False,False,False,False,False
T01652,C8273,0,0.6730769230769232,Books,0.0,0.8273469387755102,2023-08-02,Wallet,0.48012519083936467,August,Wednesday,Mid Age(41-60),False,False,False,False,False,False,False,False,True
T01653,C2259,2,0.21153846153846156,Electronics,0.25,0.5967346938775511,2023-05-18,Wallet,0.5670149858406862,May,Thursday,Adult(26-40),False,False,False,False,False,True,False,False,False
T01654,C3255,2,0.576923076923077,Fashion,0.0,0.3681632653061224,2023-04-28,Card,0.3283688231883655,April,Friday,Mid Age(41-60),True,False,False,False,False,False,False,False,False
T01655,C9674,0,0.3846153846153847,Books,0.25,0.7414285714285714,2023-05-15,Card,0.6202340557223017,May,Monday,Adult(26-40),False,False,False,False,False,False,False,False,False
T01656,C7012,2,0.42307692307692313,Books,1.0,0.5059183673469387,2023-08-30,Wallet,0.7752166566272889,August,Wednesday,Adult(26-40),False,False,False,True,False,False,False,False,False
T01657,C7521,1,0.25,Furniture,0.0,0.613265306122449,2023-06-05,Wallet,0.41927688191224355,June,Monday,Adult(26-40),False,False,False,False,False,True,False,False,False
T01658,C6150,0,0.6923076923076924,Groceries,0.0,0.9218367346938776,2023-07-09,Card,0.5035775788494946,July,Sunday,Mid Age(41-60),False,True,False,False,False,False,False,False,False
T01659,C5566,0,0.326923076923077,Groceries,0.5,0.48918367346938774,2023-03-16,Card,0.6211063343376668,March,Thursday,Adult(26-40),False,False,False,True,False,False,False,False,False
T01660,C5089,0,0.21153846153846156,Sports,1.0,0.40816326530612246,2023-06-06,UPI,0.7139216964106899,June,Tuesday,Adult(26-40),False,False,False,False,False,True,False,False,False
T01661,C2858,1,0.9038461538461539,Fashion,0.75,0.8806122448979592,2023-06-20,Wallet,0.8767263989467007,June,Tuesday,Senior(60+),True,False,False,False,False,False,False,False,False
T01662,C1424,1,0.826923076923077,Electronics,0.0,0.4471428571428571,2023-07-01,Cash,0.36119043139095663,July,Saturday,Senior(60+),False,False,False,False,False,False,False,True,False
T01663,C4048,2,0.23076923076923084,Groceries,0.75,0.5330612244897959,2023-06-11,Wallet,0.7233961513742831,June,Sunday,Adult(26-40),False,False,False,False,False,False,True,False,False
T01664,C9176,0,0.5961538461538463,Groceries,1.0,0.9051020408163265,2023-08-19,Cash,0.9645940204497654,August,Saturday,Mid Age(41-60),False,False,False,False,False,False,False,True,False
T01665,C9482,2,0.9038461538461539,Beauty,0.25,0.8416326530612245,2023-06-07,Wallet,0.6530714124386655,June,Wednesday,Senior(60+),False,True,False,False,False,False,False,False,False
T01666,C7340,0,0.23076923076923084,Books,0.75,0.17448979591836736,2023-08-06,Cash,0.46204865293675246,August,Sunday,Adult(26-40),True,False,False,False,False,False,False,False,False
T01667,C2929,2,0.28846153846153855,Furniture,0.75,0.09020408163265306,2023-10-16,Cash,0.3512086383660419,October,Monday,Adult(26-40),False,False,True,False,False,False,False,False,False
T01668,C5288,0,0.9038461538461539,Groceries,1.0,0.5793877551020408,2023-07-21,Card,0.8162273578452066,July,Friday,Senior(60+),False,False,False,False,False,False,False,False,False
T01669,C5264,1,0.28846153846153855,Beauty,1.0,0.686734693877551,2023-08-02,Cash,0.8702641777375084,August,Wednesday,Adult(26-40),False,False,False,False,False,False,False,False,False
T01670,C8311,2,0.3076923076923077,Beauty,0.0,0.8128571428571428,2023-01-03,UPI,0.47636979625609815,January,Tuesday,Adult(26-40),False,False,False,False,False,False,False,False,True
T01671,C4515,2,0.25,Fashion,0.75,0.46755102040816326,2023-07-26,UPI,0.6873019622794272,July,Wednesday,Adult(26-40),True,False,False,False,False,False,False,False,False
T01672,C5678,2,0.2692307692307693,Fashion,0.0,0.13102040816326532,2023-01-29,Wallet,0.18699136949348827,January,Sunday,Adult(26-40),False,False,False,False,False,True,False,False,False
T01673,C9047,2,0.23076923076923084,Books,1.0,0.34020408163265303,2023-07-29,UPI,0.6652806383818124,July,Saturday,Adult(26-40),False,False,False,True,False,False,False,False,False
T01674,C4279,0,0.28846153846153855,Books,0.25,0.22918367346938778,2023-07-01,Wallet,0.3732504729673911,July,Saturday,Adult(26-40),False,True,False,False,False,False,False,False,False
T01675,C3009,1,0.7500000000000001,Sports,0.0,0.8708163265306123,2023-11-27,UPI,0.49112937866154016,November,Monday,Mid Age(41-60),False,False,False,False,False,False,True,False,False
T01676,C3223,2,0.42307692307692313,Furniture,0.75,0.3853061224489796,2023-03-13,UPI,0.6368391714657562,March,Monday,Adult(26-40),True,False,False,False,False,False,False,False,False
T01677,C2213,2,0.17307692307692313,Books,1.0,0.509795918367347,2023-08-22,UPI,0.7774776863190158,August,Tuesday,Adult(26-40),False,False,False,False,False,False,True,False,False
T01678,C8406,1,0.9423076923076924,Fashion,0.5,0.9242857142857143,2023-05-21,UPI,0.7982783914412878,May,Sunday,Senior(60+),True,False,False,False,False,False,False,False,False
T01679,C3828,0,0.11538461538461542,Fashion,0.25,0.3522448979591837,2023-01-10,Wallet,0.45253684086862334,January,Tuesday,Young Adult(18-25),False,False,False,False,False,False,True,False,False
T01680,C8292,0,0.13461538461538464,Books,1.0,0.20510204081632655,2023-12-27,Wallet,0.5451835621612132,December,Wednesday,Young Adult(18-25),False,False,False,False,True,False,False,False,False
T01681,C2438,2,0.0961538461538462,Furniture,1.0,0.6224489795918368,2023-04-14,Wallet,0.8386552307535892,April,Friday,Young Adult(18-25),False,False,False,True,False,False,False,False,False
T01682,C6236,2,0.826923076923077,Furniture,0.0,0.23714285714285718,2023-04-17,Card,0.26168266447368194,April,Monday,Senior(60+),False,False,True,False,False,False,False,False,False
T01683,C6692,0,0.8076923076923078,Furniture,1.0,0.05979591836734694,2023-12-05,Wallet,0.33383347649536,December,Tuesday,Mid Age(41-60),False,False,False,False,False,False,False,False,True
T01684,C2063,1,0.5961538461538463,Furniture,0.75,0.39285714285714285,2023-05-12,UPI,0.6417548530044295,May,Friday,Mid Age(41-60),False,False,False,False,True,False,False,False,False
T01685,C9882,1,0.7500000000000001,Books,0.25,0.7359183673469388,2023-05-31,Cash,0.6183429583443922,May,Wednesday,Mid Age(41-60),False,False,False,False,False,False,False,False,False
T01686,C5757,2,0.0,Sports,1.0,0.7585714285714286,2023-07-11,Wallet,0.9032972413085254,July,Tuesday,Young Adult(18-25),False,False,False,True,False,False,False,False,False
T01687,C5914,1,0.9230769230769232,Books,0.25,0.19081632653061226,2023-01-13,UPI,0.34296912125050727,January,Friday,Senior(60+),False,False,False,False,False,False,True,False,False
T01688,C3580,2,0.6538461538461539,Beauty,0.25,0.035510204081632656,2023-06-14,Cash,0.14946199926993886,June,Wednesday,Mid Age(41-60),False,False,False,False,False,False,False,False,False
T01689,C3852,2,0.03846153846153849,Groceries,0.0,0.8340816326530612,2023-08-07,UPI,0.48185543050293533,August,Monday,Young Adult(18-25),False,False,False,False,False,False,False,False,False
T01690,C6922,0,0.576923076923077,Electronics,0.5,0.0563265306122449,2023-07-15,UPI,0.24487879067037183,July,Saturday,Mid Age(41-60),False,True,False,False,False,False,False,False,False
T01691,C9335,2,0.4423076923076924,Furniture,0.25,0.45183673469387753,2023-06-16,UPI,0.5041143878613988,June,Friday,Mid Age(41-60),False,False,False,False,False,False,False,True,False
T01692,C4673,1,0.7500000000000001,Fashion,1.0,0.46469387755102043,2023-10-13,UPI,0.7504275997576425,October,Friday,Mid Age(41-60),False,False,False,False,False,False,False,False,True
T01693,C2988,1,0.3846153846153847,Books,0.5,0.983265306122449,2023-10-14,Card,0.8175107525921665,October,Saturday,Adult(26-40),False,False,False,True,False,False,False,False,False
T01694,C4292,2,0.5961538461538463,Electronics,0.0,0.6422448979591837,2023-04-13,UPI,0.42828057569551947,April,Thursday,Mid Age(41-60),False,False,False,True,False,False,False,False,False
T01695,C3275,0,0.6923076923076924,Beauty,0.75,0.5020408163265306,2023-04-21,UPI,0.7066991402814791,April,Friday,Mid Age(41-60),False,False,False,False,False,True,False,False,False
T01696,C4878,2,0.326923076923077,Books,0.75,0.14122448979591837,2023-11-13,Card,0.42330617334649423,November,Monday,Adult(26-40),False,False,False,False,False,False,False,False,True
T01697,C9094,1,0.5961538461538463,Sports,0.75,0.09979591836734694,2023-09-15,Card,0.36631507672688723,September,Friday,Mid Age(41-60),False,False,False,False,False,False,True,False,False
T01698,C1430,2,0.21153846153846156,Electronics,0.25,0.46653061224489795,2023-08-14,UPI,0.5110610145333894,August,Monday,Adult(26-40),False,False,False,True,False,False,False,False,False
T01699,C6912,2,0.9230769230769232,Electronics,0.5,0.6418367346938776,2023-05-21,UPI,0.6922967703534747,May,Sunday,Senior(60+),False,False,False,False,False,False,True,False,False
T01700,C7044,1,0.6153846153846154,Groceries,0.0,0.8279591836734694,2023-02-24,Card,0.4802828805966155,February,Friday,Mid Age(41-60),True,False,False,False,False,False,False,False,False
T01701,C8657,0,0.326923076923077,Groceries,0.5,0.03142857142857143,2023-02-08,UPI,0.19045264673417006,February,Wednesday,Adult(26-40),False,False,False,False,False,False,True,False,False
T01702,C3126,1,0.48076923076923084,Furniture,0.25,0.6395918367346939,2023-05-05,Wallet,0.5836118423714818,May,Friday,Mid Age(41-60),False,False,False,False,False,False,False,True,False
T01703,C2412,0,0.2692307692307693,Books,1.0,0.643061224489796,2023-03-24,UPI,0.8490211781431061,March,Friday,Adult(26-40),False,False,False,False,False,False,False,False,True
T01704,C2077,2,0.9230769230769232,Fashion,0.0,0.7422448979591837,2023-06-16,UPI,0.45738664054503225,June,Friday,Senior(60+),False,False,False,False,False,False,False,True,False
T01705,C6067,1,0.6923076923076924,Furniture,0.5,0.07408163265306122,2023-09-03,Wallet,0.2764963846970825,September,Sunday,Mid Age(41-60),False,False,False,False,False,False,False,True,False
T01706,C7523,1,0.15384615384615385,Electronics,0.5,0.37510204081632653,2023-10-31,Card,0.5574169143434508,October,Tuesday,Adult(26-40),False,False,False,False,False,False,False,False,False
T01707,C8842,0,0.05769230769230771,Furniture,0.75,0.3438775510204082,2023-08-29,Card,0.6086684627901917,August,Tuesday,Young Adult(18-25),False,False,False,False,True,False,False,False,False
T01708,C9612,0,0.6346153846153847,Books,0.5,0.6340816326530613,2023-01-24,UPI,0.688973769128068,January,Tuesday,Mid Age(41-60),False,False,False,False,False,False,False,True,False
T01709,C7730,1,0.980769230769231,Electronics,0.5,0.3081632653061224,2023-12-04,Card,0.513817673815516,December,Monday,Senior(60+),False,False,False,False,False,False,False,False,True
T01710,C7708,2,0.5192307692307693,Beauty,0.25,0.7206122448979592,2023-07-19,UPI,0.6130389893552941,July,Wednesday,Mid Age(41-60),False,False,False,False,True,False,False,False,False
T01711,C2208,1,0.576923076923077,Beauty,0.0,0.8902040816326531,2023-12-19,UPI,0.49591683155115135,December,Tuesday,Mid Age(41-60),False,False,False,False,False,False,False,False,True
T01712,C3053,2,0.6538461538461539,Fashion,1.0,0.0873469387755102,2023-12-28,Card,0.3876161535309359,December,Thursday,Mid Age(41-60),False,False,False,False,False,False,False,False,False
T01713,C6194,2,0.03846153846153849,Sports,0.75,0.51,2023-09-07,Wallet,0.7110478087127983,September,Thursday,Young Adult(18-25),False,False,True,False,False,False,False,False,False
T01714,C2215,2,0.6153846153846154,Electronics,0.25,0.05224489795918367,2023-05-08,Card,0.18167546713506577,May,Monday,Mid Age(41-60),False,False,False,False,False,False,False,False,False
T01715,C8372,2,0.42307692307692313,Beauty,0.5,0.9053061224489796,2023-05-24,Cash,0.7919116510234931,May,Wednesday,Adult(26-40),False,False,False,False,False,False,False,False,False
T01716,C8632,0,0.48076923076923084,Beauty,1.0,0.5814285714285714,2023-11-07,UPI,0.8173152121622225,November,Tuesday,Mid Age(41-60),False,False,False,True,False,False,False,False,False
T01717,C9476,0,0.826923076923077,Books,0.0,0.04326530612244898,2023-10-28,Card,0.08826234497778407,October,Saturday,Senior(60+),False,False,True,False,False,False,False,False,False
T01718,C6644,1,0.9423076923076924,Beauty,0.75,0.5620408163265306,2023-07-12,Card,0.7384147930442015,July,Wednesday,Senior(60+),False,False,False,False,True,False,False,False,False
T01719,C3102,0,0.21153846153846156,Sports,1.0,0.4387755102040816,2023-01-31,UPI,0.7340804944028361,January,Tuesday,Adult(26-40),False,False,False,False,False,False,False,True,False
T01720,C3981,1,0.5576923076923077,Groceries,0.75,0.9879591836734694,2023-02-21,Card,0.9154728682327937,February,Tuesday,Mid Age(41-60),False,False,False,False,False,False,False,False,True
T01721,C3114,1,0.13461538461538464,Furniture,0.0,0.36183673469387756,2023-01-29,Wallet,0.32554481865181917,January,Sunday,Young Adult(18-25),False,False,False,True,False,False,False,False,False
T01722,C8088,2,0.8461538461538461,Furniture,0.5,0.045714285714285714,2023-11-24,UPI,0.22346056787695778,November,Friday,Senior(60+),True,False,False,False,False,False,False,False,False
T01723,C9238,1,0.6346153846153847,Beauty,0.0,0.57,2023-06-25,Card,0.40528430286770545,June,Sunday,Mid Age(41-60),False,False,False,False,False,True,False,False,False
T01724,C1907,0,0.5576923076923077,Beauty,1.0,0.7255102040816327,2023-05-22,Wallet,0.8883707076415093,May,Monday,Mid Age(41-60),False,True,False,False,False,False,False,False,False
T01725,C3034,0,0.3846153846153847,Sports,0.75,0.7146938775510204,2023-10-03,Wallet,0.809932613646543,October,Tuesday,Adult(26-40),False,False,False,True,False,False,False,False,False
T01726,C9488,1,0.8461538461538461,Books,0.5,0.0953061224489796,2023-07-09,UPI,0.3092537038746329,July,Sunday,Senior(60+),False,False,True,False,False,False,False,False,False
T01727,C3507,2,0.0,Groceries,0.5,0.18244897959183676,2023-08-13,Wallet,0.41124283185772004,August,Sunday,Young Adult(18-25),False,False,False,False,False,False,False,True,False
T01728,C5982,1,0.0,Beauty,0.5,0.9248979591836735,2023-05-26,UPI,0.7984822788093,May,Friday,Young Adult(18-25),False,False,False,False,False,False,False,False,False
T01729,C3697,1,0.826923076923077,Beauty,0.0,0.6487755102040816,2023-02-26,Card,0.4302715135409468,February,Sunday,Senior(60+),False,True,False,False,False,False,False,False,False
T01730,C3653,0,0.25,Groceries,0.0,0.4804081632653061,2023-08-30,UPI,0.373858288061857,August,Wednesday,Adult(26-40),True,False,False,False,False,False,False,False,False
T01731,C6286,0,0.46153846153846156,Groceries,0.5,0.8938775510204082,2023-03-10,Cash,0.7880338846120685,March,Friday,Mid Age(41-60),False,False,False,False,False,False,False,False,False
T01732,C4694,2,0.7115384615384616,Electronics,0.25,0.7748979591836734,2023-02-07,UPI,0.6315204140913303,February,Tuesday,Mid Age(41-60),False,False,False,False,False,False,True,False,False
T01733,C6669,0,0.11538461538461542,Books,0.75,0.7085714285714286,2023-06-16,Cash,0.8072747262302702,June,Friday,Young Adult(18-25),False,False,False,False,False,False,True,False,False
T01734,C9501,1,0.3846153846153847,Groceries,0.5,0.9571428571428572,2023-07-31,Wallet,0.8090926253187782,July,Monday,Adult(26-40),False,False,False,False,False,False,False,True,False
T01735,C5653,0,0.4423076923076924,Sports,0.0,0.9500000000000001,2023-03-19,Wallet,0.5102486029977653,March,Sunday,Mid Age(41-60),False,False,False,False,False,False,False,False,False
T01736,C2292,0,0.7500000000000001,Sports,0.0,0.8673469387755102,2023-03-19,Cash,0.4902650344949896,March,Sunday,Mid Age(41-60),False,False,False,False,False,False,False,False,False
T01737,C5105,0,0.3076923076923077,Fashion,0.75,0.4346938775510204,2023-10-29,Cash,0.6679120816752854,October,Sunday,Adult(26-40),True,False,False,False,False,False,False,False,False
T01738,C4216,0,0.21153846153846156,Beauty,0.75,0.27163265306122447,2023-06-03,Card,0.553653601311677,June,Saturday,Adult(26-40),False,False,False,False,False,False,False,False,True
T01739,C5496,2,0.6730769230769232,Furniture,0.25,0.6373469387755102,2023-10-21,UPI,0.5827614456492932,October,Saturday,Mid Age(41-60),True,False,False,False,False,False,False,False,False
T01740,C3050,0,0.3076923076923077,Furniture,0.0,0.7812244897959184,2023-04-13,Wallet,0.46801029890251095,April,Thursday,Adult(26-40),False,False,False,False,False,True,False,False,False
T01741,C5961,1,0.28846153846153855,Beauty,1.0,0.39816326530612245,2023-10-15,Wallet,0.7071192810454718,October,Sunday,Adult(26-40),False,False,False,False,False,False,False,False,False
T01742,C9740,0,0.326923076923077,Fashion,1.0,0.22040816326530613,2023-02-15,UPI,0.5609751977906282,February,Wednesday,Adult(26-40),False,False,False,False,False,False,False,True,False
T01743,C2530,2,0.576923076923077,Sports,0.25,0.02530612244897959,2023-08-13,Wallet,0.12635746474454723,August,Sunday,Mid Age(41-60),False,False,True,False,False,False,False,False,False
T01744,C9234,2,0.7500000000000001,Sports,0.75,0.4691836734693878,2023-05-06,Card,0.6882413733326433,May,Saturday,Mid Age(41-60),False,False,False,False,False,False,False,False,True
T01745,C3762,2,0.40384615384615385,Books,0.0,0.4585714285714286,2023-06-17,UPI,0.36561143855376577,June,Saturday,Adult(26-40),False,False,False,False,False,True,False,False,False
T01746,C3526,1,0.4423076923076924,Sports,0.75,0.14285714285714288,2023-10-21,Cash,0.42533142903083,October,Saturday,Mid Age(41-60),False,False,False,False,True,False,False,False,False
T01747,C3804,1,0.21153846153846156,Beauty,0.0,0.41775510204081634,2023-10-07,Wallet,0.3494652292850646,October,Saturday,Adult(26-40),False,False,False,False,False,False,False,True,False
T01748,C6531,0,0.5961538461538463,Furniture,0.25,0.9073469387755102,2023-12-05,Wallet,0.6731838522480059,December,Tuesday,Mid Age(41-60),False,True,False,False,False,False,False,False,False
T01749,C1674,1,0.5192307692307693,Beauty,0.5,0.4944897959183674,2023-05-14,Cash,0.6238148617052002,May,Sunday,Mid Age(41-60),False,False,False,False,False,False,False,False,True
T01750,C1464,1,0.25,Groceries,0.25,0.5642857142857143,2023-10-13,Wallet,0.5539057675693584,October,Friday,Adult(26-40),False,True,False,False,False,False,False,False,False
T01751,C2330,0,0.5000000000000001,Books,0.75,0.9546938775510204,2023-09-29,Wallet,0.9037871171947425,September,Friday,Mid Age(41-60),False,False,False,False,False,False,True,False,False
T01752,C1744,1,0.8461538461538461,Books,0.75,0.6595918367346939,2023-05-30,Wallet,0.7854298870229762,May,Tuesday,Senior(60+),False,False,False,False,True,False,False,False,False
T01753,C5336,0,0.9230769230769232,Beauty,0.5,0.06448979591836734,2023-12-20,UPI,0.25998700779754946,December,Wednesday,Senior(60+),False,False,False,False,False,False,True,False,False
T01754,C4453,0,0.4423076923076924,Furniture,0.5,0.4583673469387755,2023-01-12,Cash,0.6049742637436841,January,Thursday,Mid Age(41-60),False,False,False,True,False,False,False,False,False
T01755,C7825,1,0.4423076923076924,Books,0.5,0.6046938775510204,2023-03-13,Card,0.676126269617251,March,Monday,Mid Age(41-60),False,False,True,False,False,False,False,False,False
T01756,C1496,1,0.48076923076923084,Fashion,0.75,0.44918367346938776,2023-02-04,Card,0.6765793459782176,February,Saturday,Mid Age(41-60),False,False,False,False,False,False,True,False,False
T01757,C9159,0,0.326923076923077,Groceries,0.25,0.4187755102040816,2023-12-25,Cash,0.4879143492359773,December,Monday,Adult(26-40),False,False,False,False,False,True,False,False,False
T01758,C9938,1,0.5384615384615385,Electronics,1.0,0.02061224489795918,2023-12-31,UPI,0.22818108174982166,December,Sunday,Mid Age(41-60),False,False,False,False,False,False,False,True,False
T01759,C5745,0,0.21153846153846156,Electronics,0.5,0.20775510204081635,2023-06-10,Cash,0.43488525102415065,June,Saturday,Adult(26-40),False,False,False,False,True,False,False,False,False
T01760,C5949,1,0.6923076923076924,Sports,0.0,0.513061224489796,2023-07-04,Cash,0.3857345222009677,July,Tuesday,Mid Age(41-60),False,False,False,False,False,True,False,False,False
T01761,C8912,2,0.15384615384615385,Groceries,0.75,0.950204081632653,2023-08-17,Cash,0.9021887023133752,August,Thursday,Adult(26-40),False,False,False,False,False,False,False,True,False
T01762,C5012,1,0.6923076923076924,Furniture,0.75,0.536530612244898,2023-04-20,UPI,0.7252226370695156,April,Thursday,Mid Age(41-60),False,False,True,False,False,False,False,False,False
T01763,C7653,2,0.826923076923077,Beauty,0.25,0.4420408163265306,2023-04-05,Cash,0.4993991341423355,April,Wednesday,Senior(60+),False,False,False,False,False,False,False,False,True
T01764,C5873,1,0.2692307692307693,Beauty,0.25,0.2987755102040816,2023-06-14,UPI,0.42075444380739624,June,Wednesday,Adult(26-40),False,False,False,False,False,True,False,False,False
T01765,C8430,0,1.0,Beauty,0.5,0.7418367346938776,2023-08-28,Card,0.732897856109952,August,Monday,Senior(60+),False,False,False,False,False,False,False,False,False
T01766,C2195,2,0.11538461538461542,Fashion,0.75,0.7734693877551021,2023-04-27,Cash,0.8346951571340822,April,Thursday,Young Adult(18-25),False,False,False,False,False,False,True,False,False
T01767,C1981,2,0.8846153846153847,Sports,0.0,0.02877551020408163,2023-08-24,Wallet,0.06353050495646628,August,Thursday,Senior(60+),False,False,False,False,False,False,False,True,False
T01768,C3589,0,0.326923076923077,Sports,0.5,0.7353061224489796,2023-07-05,Card,0.7303637787411271,July,Wednesday,Adult(26-40),False,False,False,False,False,True,False,False,False
T01769,C8202,2,0.980769230769231,Groceries,0.25,0.014693877551020411,2023-06-20,Cash,0.0981335413927461,June,Tuesday,Senior(60+),False,False,False,False,False,True,False,False,False
T01770,C7809,1,0.28846153846153855,Fashion,0.0,0.779795918367347,2023-04-12,Cash,0.4676273846138056,April,Wednesday,Adult(26-40),True,False,False,False,False,False,False,False,False
T01771,C8933,0,0.6730769230769232,Electronics,0.25,0.06183673469387755,2023-12-13,Cash,0.19785046964412079,December,Wednesday,Mid Age(41-60),False,False,False,False,True,False,False,False,False
T01772,C8609,2,0.5192307692307693,Sports,0.5,0.5995918367346939,2023-12-27,Cash,0.6738531173013047,December,Wednesday,Mid Age(41-60),False,False,True,False,False,False,False,False,False
T01773,C4342,1,0.46153846153846156,Sports,0.0,0.8026530612244898,2023-05-13,UPI,0.4736977377211685,May,Saturday,Mid Age(41-60),False,False,False,False,True,False,False,False,False
T01774,C6573,2,0.23076923076923084,Groceries,0.25,0.9304081632653062,2023-05-11,UPI,0.6800060077661879,May,Thursday,Adult(26-40),False,False,False,True,False,False,False,False,False
T01775,C3353,0,0.17307692307692313,Sports,0.75,0.3640816326530612,2023-11-06,UPI,0.6226713332245123,November,Monday,Adult(26-40),True,False,False,False,False,False,False,False,False
T01776,C6121,1,0.980769230769231,Groceries,0.75,0.6830612244897959,2023-01-12,Wallet,0.7960295239841574,January,Thursday,Senior(60+),False,False,False,False,False,True,False,False,False
T01777,C6231,1,0.9038461538461539,Books,0.5,0.09775510204081633,2023-03-13,Card,0.3127554228168144,March,Monday,Senior(60+),False,False,False,True,False,False,False,False,False
T01778,C6658,1,0.17307692307692313,Beauty,0.0,0.9687755102040816,2023-03-03,Card,0.5146212826768801,March,Friday,Adult(26-40),False,False,False,False,True,False,False,False,False
T01779,C7532,0,0.576923076923077,Fashion,0.25,0.13285714285714287,2023-11-25,Card,0.28890258433286253,November,Saturday,Mid Age(41-60),False,False,True,False,False,False,False,False,False
T01780,C3142,1,0.980769230769231,Electronics,0.25,0.4620408163265306,2023-07-30,UPI,0.5089541289595196,July,Sunday,Senior(60+),False,False,False,False,False,False,False,False,False
T01781,C7070,1,0.0,Electronics,0.75,0.9218367346938776,2023-08-07,UPI,0.8919685129794581,August,Monday,Young Adult(18-25),False,False,False,False,False,False,True,False,False
T01782,C9437,0,0.21153846153846156,Books,0.5,0.5248979591836734,2023-07-22,Card,0.6389726352146782,July,Saturday,Adult(26-40),False,False,False,True,False,False,False,False,False
T01783,C2739,2,0.5000000000000001,Sports,0.0,0.10693877551020409,2023-09-07,Card,0.16512250005969953,September,Thursday,Mid Age(41-60),False,False,False,True,False,False,False,False,False
T01784,C6228,2,0.5961538461538463,Sports,0.75,0.736326530612245,2023-01-25,Cash,0.8192019613318202,January,Wednesday,Mid Age(41-60),False,False,False,False,False,True,False,False,False
T01785,C4960,2,0.15384615384615385,Groceries,0.75,0.3004081632653061,2023-09-28,UPI,0.5765937878690306,September,Thursday,Adult(26-40),False,False,False,False,False,True,False,False,False
T01786,C8642,2,0.7692307692307693,Fashion,1.0,0.4312244897959184,2023-01-31,Card,0.7291972203809494,January,Tuesday,Mid Age(41-60),False,True,False,False,False,False,False,False,False
T01787,C3007,2,0.6346153846153847,Books,0.75,0.4616326530612245,2023-09-20,Card,0.6838781069865658,September,Wednesday,Mid Age(41-60),False,False,False,False,True,False,False,False,False
T01788,C5382,0,0.6538461538461539,Books,0.25,0.43387755102040815,2023-07-11,Wallet,0.49541625636904896,July,Tuesday,Mid Age(41-60),False,False,False,False,False,False,False,False,True
T01789,C8366,2,0.8846153846153847,Groceries,0.5,0.8273469387755102,2023-01-09,Card,0.7647613476934585,January,Monday,Senior(60+),False,True,False,False,False,False,False,False,False
T01790,C5061,0,0.3846153846153847,Beauty,0.75,0.21265306122448982,2023-10-17,Cash,0.5011754434549003,October,Tuesday,Adult(26-40),False,False,False,False,False,False,False,True,False
T01791,C3308,0,0.9615384615384616,Furniture,1.0,0.38020408163265307,2023-08-12,Card,0.6946125294062836,August,Saturday,Senior(60+),False,False,True,False,False,False,False,False,False
T01792,C2586,1,0.5961538461538463,Sports,0.75,0.2916326530612245,2023-01-17,Cash,0.5697554985919256,January,Tuesday,Mid Age(41-60),False,False,False,False,False,True,False,False,False
T01793,C1829,1,0.3653846153846154,Electronics,0.25,0.24551020408163268,2023-09-16,UPI,0.38515293449672244,September,Saturday,Adult(26-40),False,False,False,False,False,True,False,False,False
T01794,C5754,1,0.3076923076923077,Beauty,0.0,0.08285714285714285,2023-06-17,Wallet,0.1401486513384727,June,Saturday,Adult(26-40),False,False,False,False,False,False,False,False,False
T01795,C7293,0,0.6730769230769232,Electronics,0.0,0.3889795918367347,2023-10-03,Cash,0.3374403073473627,October,Tuesday,Mid Age(41-60),False,False,False,False,False,False,False,False,False
T01796,C7850,2,0.6923076923076924,Books,0.0,0.19122448979591838,2023-09-09,Cash,0.23265649150595163,September,Saturday,Mid Age(41-60),False,False,False,False,True,False,False,False,False
T01797,C5067,2,0.05769230769230771,Groceries,0.25,0.06428571428571428,2023-05-25,Card,0.2017676119966632,May,Thursday,Young Adult(18-25),False,False,False,False,True,False,False,False,False
T01798,C3616,0,0.48076923076923084,Groceries,0.25,0.30795918367346936,2023-10-22,Wallet,0.4264644355778855,October,Sunday,Mid Age(41-60),False,False,True,False,False,False,False,False,False
T01799,C6364,1,0.11538461538461542,Beauty,0.5,0.8471428571428572,2023-06-20,Card,0.7718152496520787,June,Tuesday,Young Adult(18-25),False,False,False,False,False,False,False,False,False
T01800,C6123,1,0.8461538461538461,Sports,1.0,0.7361224489795919,2023-11-21,Card,0.8932113585606626,November,Tuesday,Senior(60+),False,False,False,False,True,False,False,False,False
T01801,C4110,0,0.1923076923076924,Groceries,0.0,0.9693877551020408,2023-02-04,Wallet,0.5147628918847847,February,Saturday,Adult(26-40),False,False,False,False,True,False,False,False,False
T01802,C3610,1,0.05769230769230771,Electronics,0.25,0.5304081632653062,2023-02-08,Card,0.5396662460348146,February,Wednesday,Young Adult(18-25),False,True,False,False,False,False,False,False,False
T01803,C9163,0,0.25,Electronics,0.0,0.07,2023-10-17,Card,0.1251115700606823,October,Tuesday,Adult(26-40),False,False,False,False,False,False,False,False,False
T01804,C9433,1,1.0,Books,0.5,0.9251020408163265,2023-02-17,Card,0.7985502207979989,February,Friday,Senior(60+),False,False,False,False,False,False,True,False,False
T01805,C8648,0,0.3076923076923077,Beauty,0.75,0.3810204081632653,2023-10-13,UPI,0.6340207493043063,October,Friday,Adult(26-40),False,False,False,False,False,True,False,False,False
T01806,C9171,2,0.576923076923077,Electronics,1.0,0.10163265306122449,2023-02-27,Cash,0.4117723252368181,February,Monday,Mid Age(41-60),False,False,True,False,False,False,False,False,False
T01807,C6055,2,0.7692307692307693,Furniture,0.0,0.4330612244897959,2023-09-30,Cash,0.3556382646758228,September,Saturday,Mid Age(41-60),False,False,False,True,False,False,False,False,False
T01808,C9148,2,0.11538461538461542,Groceries,0.75,0.43020408163265306,2023-03-23,Card,0.6651874419343878,March,Thursday,Young Adult(18-25),False,False,False,False,False,False,False,False,False
T01809,C1379,0,0.5384615384615385,Sports,0.75,0.02693877551020408,2023-09-20,UPI,0.21698956013589538,September,Wednesday,Mid Age(41-60),False,False,True,False,False,False,False,False,False
T01810,C2475,1,0.9038461538461539,Beauty,0.5,0.5906122448979592,2023-02-14,Wallet,0.6698204772886635,February,Tuesday,Senior(60+),False,False,True,False,False,False,False,False,False
T01811,C7442,1,0.40384615384615385,Electronics,0.5,0.9034693877551021,2023-10-21,Wallet,0.7912906990955901,October,Saturday,Adult(26-40),False,False,False,False,False,False,False,False,True
T01812,C9281,1,0.3076923076923077,Furniture,0.75,0.07469387755102042,2023-08-28,Wallet,0.3247188483201956,August,Monday,Adult(26-40),True,False,False,False,False,False,False,False,False
T01813,C8491,1,0.4423076923076924,Groceries,0.0,0.39224489795918366,2023-11-09,Card,0.33883390999791585,November,Thursday,Mid Age(41-60),False,True,False,False,False,False,False,False,False
T01814,C4944,1,0.4423076923076924,Fashion,0.75,0.5844897959183674,2023-11-29,Card,0.7496944906565977,November,Wednesday,Mid Age(41-60),False,False,True,False,False,False,False,False,False
T01815,C4524,2,0.6730769230769232,Books,0.25,0.18244897959183676,2023-04-08,Cash,0.33586321027317706,April,Saturday,Mid Age(41-60),False,False,True,False,False,False,False,False,False
T01816,C6781,0,0.6730769230769232,Beauty,1.0,0.1293877551020408,2023-02-07,Cash,0.4535703757515201,February,Tuesday,Mid Age(41-60),True,False,False,False,False,False,False,False,False
T01817,C1797,1,0.980769230769231,Sports,0.25,0.8473469387755103,2023-12-17,Wallet,0.6548619372009903,December,Sunday,Senior(60+),False,True,False,False,False,False,False,False,False
T01818,C1828,0,0.3076923076923077,Sports,1.0,0.7418367346938776,2023-08-09,Wallet,0.8957982698489213,August,Wednesday,Adult(26-40),False,False,True,False,False,False,False,False,False
T01819,C5609,1,0.42307692307692313,Beauty,0.25,0.18918367346938778,2023-05-22,Wallet,0.34159821616585784,May,Monday,Adult(26-40),True,False,False,False,False,False,False,False,False
T01820,C9108,0,0.019230769230769273,Beauty,0.25,0.8542857142857143,2023-08-27,Card,0.6570251245040728,August,Sunday,Young Adult(18-25),False,False,False,False,False,False,False,False,False
T01821,C8710,0,0.5000000000000001,Beauty,0.5,0.1293877551020408,2023-08-20,Wallet,0.35400650540804834,August,Sunday,Mid Age(41-60),True,False,False,False,False,False,False,False,False
T01822,C5681,0,0.13461538461538464,Sports,0.0,0.3961224489795918,2023-03-19,Wallet,0.3404788633407899,March,Sunday,Young Adult(18-25),False,False,False,True,False,False,False,False,False
T01823,C9793,0,0.42307692307692313,Books,0.5,0.3410204081632653,2023-11-30,Cash,0.535922787951856,November,Thursday,Adult(26-40),False,False,False,False,True,False,False,False,False
T01824,C1133,2,0.826923076923077,Sports,0.25,0.5444897959183673,2023-06-19,UPI,0.5456572615856066,June,Monday,Senior(60+),False,False,False,False,False,False,False,True,False
T01825,C2761,0,0.730769230769231,Fashion,0.75,0.953469387755102,2023-02-07,Card,0.9033516958236979,February,Tuesday,Mid Age(41-60),False,True,False,False,False,False,False,False,False
T01826,C8060,1,0.23076923076923084,Groceries,0.25,0.6208163265306123,2023-04-04,Wallet,0.5764362489397548,April,Tuesday,Adult(26-40),False,False,False,False,False,False,False,False,True
T01827,C3194,2,0.6923076923076924,Groceries,0.75,0.6953061224489796,2023-11-28,Wallet,0.8014621005050833,November,Tuesday,Mid Age(41-60),False,False,False,False,True,False,False,False,False
T01828,C5333,2,0.6923076923076924,Groceries,0.0,0.11918367346938777,2023-10-22,UPI,0.17657128887968226,October,Sunday,Mid Age(41-60),True,False,False,False,False,False,False,False,False
T01829,C6992,0,0.7884615384615384,Beauty,1.0,0.7128571428571429,2023-06-23,UPI,0.8825359698667561,June,Friday,Mid Age(41-60),False,False,False,False,False,False,False,False,False
T01830,C7606,1,0.7884615384615384,Books,1.0,0.473265306122449,2023-08-21,Cash,0.7556994406916726,August,Monday,Mid Age(41-60),False,False,False,False,False,True,False,False,False
T01831,C6995,0,0.6538461538461539,Books,0.25,0.23918367346938776,2023-09-28,Wallet,0.3806028729316907,September,Thursday,Mid Age(41-60),False,False,False,False,False,False,False,False,True
T01832,C1741,0,0.21153846153846156,Beauty,0.25,0.04122448979591837,2023-12-21,Wallet,0.16113620602806278,December,Thursday,Adult(26-40),False,False,False,False,False,False,False,False,False
T01833,C7563,0,0.9423076923076924,Sports,1.0,0.5459183673469388,2023-08-10,Wallet,0.798006398205984,August,Thursday,Senior(60+),False,False,False,False,False,False,False,True,False
T01834,C1838,1,0.34615384615384615,Beauty,0.25,0.6022448979591837,2023-01-11,Card,0.5691930189743892,January,Wednesday,Adult(26-40),False,True,False,False,False,False,False,False,False
T01835,C4189,0,0.42307692307692313,Fashion,0.25,0.56,2023-07-25,UPI,0.5521367197089992,July,Tuesday,Adult(26-40),False,False,False,True,False,False,False,False,False
T01836,C6939,1,0.3846153846153847,Beauty,0.0,0.6822448979591836,2023-10-22,Card,0.44026781044544755,October,Sunday,Adult(26-40),False,False,True,False,False,False,False,False,False
T01837,C5728,0,0.826923076923077,Furniture,0.25,0.6263265306122449,2023-05-31,Cash,0.5785571530316316,May,Wednesday,Senior(60+),False,False,False,False,False,False,False,True,False
T01838,C2204,0,0.6153846153846154,Sports,0.75,0.786734693877551,2023-01-04,Wallet,0.8401058050901369,January,Wednesday,Mid Age(41-60),False,False,False,True,False,False,False,False,False
T01839,C7329,0,0.5961538461538463,Beauty,0.0,0.49142857142857144,2023-11-16,Card,0.3779253221066926,November,Thursday,Mid Age(41-60),False,False,False,False,True,False,False,False,False
T01840,C9261,0,0.9423076923076924,Fashion,0.5,0.05204081632653062,2023-07-19,Wallet,0.23649419011952216,July,Wednesday,Senior(60+),False,False,False,False,False,True,False,False,False
T01841,C8378,1,0.9038461538461539,Electronics,0.25,0.2679591836734694,2023-01-10,Card,0.4007137837064213,January,Tuesday,Senior(60+),False,False,False,False,False,False,False,False,True
T01842,C5582,0,0.5384615384615385,Groceries,0.25,0.6157142857142858,2023-01-05,Card,0.5744610856539976,January,Thursday,Mid Age(41-60),False,False,False,False,False,False,True,False,False
T01843,C2946,2,0.0961538461538462,Sports,0.75,0.07448979591836735,2023-04-26,UPI,0.3243508578236566,April,Wednesday,Young Adult(18-25),False,False,False,False,False,True,False,False,False
T01844,C3108,1,0.46153846153846156,Sports,0.0,0.4861224489795918,2023-06-15,UPI,0.3759748233097835,June,Thursday,Mid Age(41-60),False,False,False,False,False,True,False,False,False
T01845,C2584,1,0.7500000000000001,Fashion,1.0,0.25081632653061225,2023-08-07,Wallet,0.5903813307611325,August,Monday,Mid Age(41-60),False,False,False,False,False,False,False,False,False
T01846,C7453,2,0.34615384615384615,Books,0.25,0.9883673469387755,2023-03-19,UPI,0.6966567647647307,March,Sunday,Adult(26-40),False,False,False,False,False,False,True,False,False
T01847,C7114,2,0.5576923076923077,Books,0.0,0.0426530612244898,2023-05-13,Card,0.08730140189371816,May,Saturday,Mid Age(41-60),False,False,False,False,True,False,False,False,False
T01848,C6555,1,0.7692307692307693,Groceries,0.0,0.17755102040816328,2023-04-25,UPI,0.22317090889147423,April,Tuesday,Mid Age(41-60),False,False,False,False,True,False,False,False,False
T01849,C6990,1,0.17307692307692313,Furniture,0.75,0.353469387755102,2023-10-27,Card,0.6153820594154138,October,Friday,Adult(26-40),False,False,False,False,False,False,False,False,False
T01850,C3363,2,0.1923076923076924,Electronics,0.75,0.5232653061224489,2023-12-12,Wallet,0.7181955339865815,December,Tuesday,Adult(26-40),False,False,False,False,False,False,False,False,False
T01851,C4261,0,0.7692307692307693,Fashion,1.0,0.8538775510204082,2023-06-17,Wallet,0.9439905461564193,June,Saturday,Mid Age(41-60),False,True,False,False,False,False,False,False,False
T01852,C9341,2,0.980769230769231,Beauty,0.5,0.8495918367346939,2023-09-30,Cash,0.7726800677171565,September,Saturday,Senior(60+),False,False,False,False,False,False,True,False,False
T01853,C7576,0,0.40384615384615385,Furniture,0.25,0.9720408163265306,2023-08-23,Card,0.6920354179272138,August,Wednesday,Adult(26-40),True,False,False,False,False,False,False,False,False
T01854,C9193,2,0.5000000000000001,Books,0.25,0.5751020408163265,2023-12-01,Cash,0.5583306483033736,December,Friday,Mid Age(41-60),False,True,False,False,False,False,False,False,False
T01855,C1659,1,0.7692307692307693,Furniture,0.5,0.35918367346938773,2023-12-07,Wallet,0.5475455217383889,December,Thursday,Mid Age(41-60),True,False,False,False,False,False,False,False,False
T01856,C1742,2,0.7500000000000001,Electronics,0.75,0.633265306122449,2023-04-13,Cash,0.7732317018260108,April,Thursday,Mid Age(41-60),False,True,False,False,False,False,False,False,False
T01857,C1637,1,0.6923076923076924,Electronics,0.75,0.9740816326530612,2023-10-22,Wallet,0.9106310167352158,October,Sunday,Mid Age(41-60),False,False,False,True,False,False,False,False,False
T01858,C3245,0,0.48076923076923084,Electronics,0.0,0.05448979591836734,2023-07-01,UPI,0.10484035259828511,July,Saturday,Mid Age(41-60),False,False,False,False,False,False,False,False,False
T01859,C6456,2,0.07692307692307698,Furniture,1.0,0.25081632653061225,2023-10-23,UPI,0.5903813307611325,October,Monday,Young Adult(18-25),False,False,False,False,False,True,False,False,False
T01860,C8761,0,0.0961538461538462,Fashion,0.75,0.6369387755102041,2023-03-20,Wallet,0.7749541035254417,March,Monday,Young Adult(18-25),False,True,False,False,False,False,False,False,False
T01861,C9508,2,0.1923076923076924,Furniture,0.0,0.13102040816326532,2023-04-07,Cash,0.18699136949348827,April,Friday,Adult(26-40),False,False,False,False,False,False,False,True,False
T01862,C8487,2,0.40384615384615385,Fashion,0.5,0.12918367346938778,2023-03-17,Wallet,0.35376085136276664,March,Friday,Adult(26-40),True,False,False,False,False,False,False,False,False
T01863,C3440,0,0.2692307692307693,Furniture,0.0,0.3753061224489796,2023-04-16,Wallet,0.3315189507908378,April,Sunday,Adult(26-40),False,False,False,False,False,True,False,False,False
T01864,C9446,2,0.3846153846153847,Electronics,0.5,0.9451020408163265,2023-06-07,Wallet,0.8051595020162297,June,Wednesday,Adult(26-40),False,True,False,False,False,False,False,False,False
T01865,C3290,1,0.3846153846153847,Groceries,0.5,0.8416326530612245,2023-04-03,Wallet,0.7698631649267045,April,Monday,Adult(26-40),False,False,False,False,False,False,False,False,False
T01866,C6373,0,0.7884615384615384,Beauty,0.5,0.960204081632653,2023-02-21,Cash,0.8100871797533781,February,Tuesday,Mid Age(41-60),True,False,False,False,False,False,False,False,False
T01867,C6218,0,0.34615384615384615,Sports,0.5,0.916530612244898,2023-01-14,Wallet,0.7956878049514844,January,Saturday,Adult(26-40),False,False,False,False,False,False,True,False,False
T01868,C3662,1,0.8653846153846155,Furniture,0.75,0.6987755102040817,2023-10-01,UPI,0.8029895331941845,October,Sunday,Senior(60+),True,False,False,False,False,False,False,False,False
T01869,C7438,0,0.326923076923077,Sports,0.25,0.9010204081632653,2023-11-05,UPI,0.671291644668945,November,Sunday,Adult(26-40),False,False,False,False,True,False,False,False,False
T01870,C5902,2,0.730769230769231,Sports,0.5,0.2026530612244898,2023-01-21,Card,0.4302715135409468,January,Saturday,Mid Age(41-60),False,True,False,False,False,False,False,False,False
T01871,C6511,1,0.7884615384615384,Sports,0.0,0.8822448979591837,2023-03-07,UPI,0.49396014002981886,March,Tuesday,Mid Age(41-60),True,False,False,False,False,False,False,False,False
T01872,C9311,2,0.48076923076923084,Books,0.25,0.08591836734693878,2023-10-04,UPI,0.2333470458289818,October,Wednesday,Mid Age(41-60),True,False,False,False,False,False,False,False,False
T01873,C9351,2,0.326923076923077,Furniture,0.0,0.7895918367346939,2023-06-28,UPI,0.47024357909246056,June,Wednesday,Adult(26-40),True,False,False,False,False,False,False,False,False
T01874,C9721,2,0.5384615384615385,Books,0.0,0.876734693877551,2023-02-05,Wallet,0.4925984483694971,February,Sunday,Mid Age(41-60),True,False,False,False,False,False,False,False,False
T01875,C9025,2,0.9423076923076924,Groceries,0.0,0.8697959183673469,2023-06-17,Card,0.49087540372666044,June,Saturday,Senior(60+),False,False,False,True,False,False,False,False,False
T01876,C5911,2,0.4423076923076924,Sports,0.5,0.7371428571428571,2023-06-11,Card,0.7310780267325863,June,Sunday,Mid Age(41-60),False,False,True,False,False,False,False,False,False
T01877,C8780,2,0.9038461538461539,Furniture,0.25,0.529795918367347,2023-04-28,Card,0.5394033559066617,April,Friday,Senior(60+),False,False,False,False,False,False,False,True,False
T01878,C1272,1,0.7115384615384616,Beauty,0.5,0.45,2023-12-03,Card,0.6004694933035455,December,Sunday,Mid Age(41-60),False,False,False,False,False,True,False,False,False
T01879,C7035,1,0.6346153846153847,Furniture,0.75,0.32591836734693874,2023-04-17,Cash,0.5957591991989217,April,Monday,Mid Age(41-60),False,False,False,False,False,False,True,False,False
T01880,C6427,0,0.5384615384615385,Furniture,0.5,0.9616326530612245,2023-04-14,Wallet,0.8105505641964004,April,Friday,Mid Age(41-60),True,False,False,False,False,False,False,False,False
T01881,C2795,1,0.5000000000000001,Beauty,1.0,0.4897959183673469,2023-06-05,UPI,0.7656889533735218,June,Monday,Mid Age(41-60),False,False,False,False,False,False,False,False,False
T01882,C7824,1,0.1923076923076924,Furniture,0.0,0.4079591836734694,2023-03-25,Cash,0.34543517358231834,March,Saturday,Adult(26-40),False,True,False,False,False,False,False,False,False
T01883,C6040,1,0.21153846153846156,Beauty,0.75,0.5493877551020409,2023-08-06,Card,0.7319229805660028,August,Sunday,Adult(26-40),False,False,False,False,False,True,False,False,False
T01884,C1436,1,0.019230769230769273,Furniture,0.25,0.4063265306122449,2023-05-19,Cash,0.4815938857178476,May,Friday,Young Adult(18-25),True,False,False,False,False,False,False,False,False
T01885,C8775,1,0.15384615384615385,Books,0.5,0.6051020408163266,2023-04-30,Card,0.6763075620156138,April,Sunday,Adult(26-40),False,False,False,True,False,False,False,False,False
T01886,C5350,1,0.8846153846153847,Fashion,0.75,0.3859183673469388,2023-04-22,Cash,0.6372401057392274,April,Saturday,Senior(60+),False,False,False,False,True,False,False,False,False
T01887,C4728,0,0.28846153846153855,Fashion,0.5,0.7620408163265306,2023-07-01,Cash,0.7406430062902929,July,Saturday,Adult(26-40),False,False,False,False,False,False,False,True,False
T01888,C1841,1,0.8076923076923078,Sports,0.5,0.5261224489795918,2023-01-14,UPI,0.6395705304516939,January,Saturday,Mid Age(41-60),False,False,False,False,False,True,False,False,False
T01889,C8871,2,0.3076923076923077,Fashion,0.5,0.19285714285714287,2023-03-12,Cash,0.4212026323766018,March,Sunday,Adult(26-40),False,False,False,False,False,True,False,False,False
T01890,C3793,0,0.9038461538461539,Furniture,0.0,0.40285714285714286,2023-08-14,UPI,0.34331069253605606,August,Monday,Senior(60+),True,False,False,False,False,False,False,False,False
T01891,C9589,1,0.8461538461538461,Beauty,0.0,0.7438775510204082,2023-03-05,Wallet,0.4578391167200016,March,Sunday,Senior(60+),False,False,False,False,False,True,False,False,False
T01892,C7229,2,0.9038461538461539,Furniture,0.0,0.6853061224489796,2023-07-12,Card,0.44116539879303274,July,Wednesday,Senior(60+),False,False,False,False,False,False,False,False,False
T01893,C3421,1,0.0961538461538462,Fashion,1.0,0.6048979591836735,2023-01-14,UPI,0.8296444548585017,January,Saturday,Young Adult(18-25),False,False,False,False,True,False,False,False,False
T01894,C4968,2,0.25,Beauty,0.25,0.13306122448979593,2023-08-16,Card,0.2891162088113727,August,Wednesday,Adult(26-40),True,False,False,False,False,False,False,False,False
T01895,C1517,0,0.1923076923076924,Sports,0.5,0.5883673469387755,2023-04-17,Wallet,0.6688058660845603,April,Monday,Adult(26-40),False,False,False,False,True,False,False,False,False
T01896,C2800,0,0.48076923076923084,Books,0.5,0.9369387755102041,2023-07-14,UPI,0.8024734778475019,July,Friday,Mid Age(41-60),False,True,False,False,False,False,False,False,False
T01897,C4125,2,0.11538461538461542,Sports,0.5,0.8453061224489796,2023-01-26,Card,0.7711655180610113,January,Thursday,Young Adult(18-25),False,False,True,False,False,False,False,False,False
T01898,C1310,1,0.11538461538461542,Electronics,1.0,0.12775510204081633,2023-08-17,Card,0.4512687962160097,August,Thursday,Young Adult(18-25),False,False,False,False,False,False,False,True,False
T01899,C8225,1,0.07692307692307698,Beauty,1.0,0.6055102040816327,2023-08-13,Wallet,0.8299617341836024,August,Sunday,Young Adult(18-25),False,False,False,False,False,False,False,False,True
T01900,C6139,0,0.576923076923077,Fashion,1.0,0.8093877551020409,2023-07-24,UPI,0.9254011418920931,July,Monday,Mid Age(41-60),False,False,False,False,False,False,False,False,False
T01901,C7861,2,0.6730769230769232,Furniture,0.5,0.38510204081632654,2023-04-12,Card,0.5634772272178432,April,Wednesday,Mid Age(41-60),True,False,False,False,False,False,False,False,False
T01902,C3481,0,0.05769230769230771,Furniture,0.25,0.7504081632653061,2023-04-16,Cash,0.6232955079722798,April,Sunday,Young Adult(18-25),False,False,False,False,False,False,False,False,False
T01903,C7765,2,0.019230769230769273,Electronics,0.5,0.700204081632653,2023-07-14,Card,0.7164748486364694,July,Friday,Young Adult(18-25),False,False,False,False,False,True,False,False,False
T01904,C4340,0,0.9423076923076924,Beauty,0.25,0.3840816326530612,2023-10-30,Cash,0.46997209172763077,October,Monday,Senior(60+),True,False,False,False,False,False,False,False,False
T01905,C7723,0,0.48076923076923084,Fashion,1.0,0.9518367346938775,2023-03-05,Cash,0.9827087078351058,March,Sunday,Mid Age(41-60),False,False,False,False,False,False,False,True,False
T01906,C9221,2,0.6346153846153847,Sports,0.75,0.20938775510204083,2023-02-17,Card,0.4980107452358872,February,Friday,Mid Age(41-60),False,False,False,False,True,False,False,False,False
T01907,C8726,0,0.9230769230769232,Groceries,0.0,0.8987755102040816,2023-03-31,UPI,0.4980107452358872,March,Friday,Senior(60+),False,False,False,False,True,False,False,False,False
T01908,C2020,1,0.0961538461538462,Electronics,0.0,0.4093877551020408,2023-09-17,Wallet,0.3460268647344812,September,Sunday,Young Adult(18-25),False,False,False,False,False,True,False,False,False
T01909,C3262,2,0.11538461538461542,Sports,0.25,0.6814285714285714,2023-10-24,Wallet,0.5991034751087873,October,Tuesday,Young Adult(18-25),False,True,False,False,False,False,False,False,False
T01910,C9498,2,0.3076923076923077,Books,1.0,0.9775510204081633,2023-09-22,Card,0.9924178241988855,September,Friday,Adult(26-40),False,False,False,False,False,False,False,False,False
T01911,C4397,2,0.7500000000000001,Furniture,0.0,0.23081632653061226,2023-03-04,Card,0.25791007818511424,March,Saturday,Mid Age(41-60),False,True,False,False,False,False,False,False,False
T01912,C6325,2,0.17307692307692313,Electronics,0.0,0.43510204081632653,2023-03-25,Cash,0.35645030654910687,March,Saturday,Adult(26-40),False,False,False,False,False,False,True,False,False
T01913,C8837,0,0.0961538461538462,Electronics,1.0,0.47959183673469385,2023-04-18,Card,0.7595497521947281,April,Tuesday,Young Adult(18-25),True,False,False,False,False,False,False,False,False
T01914,C9609,1,0.7884615384615384,Groceries,0.25,0.5710204081632653,2023-03-03,Cash,0.5566675186492261,March,Friday,Mid Age(41-60),False,False,False,False,False,False,True,False,False
T01915,C7173,0,0.46153846153846156,Sports,0.25,0.5246938775510204,2023-09-08,Cash,0.5372046312185684,September,Friday,Mid Age(41-60),False,False,False,False,False,False,False,False,False
T01916,C6140,1,0.3653846153846154,Groceries,0.75,0.19714285714285715,2023-11-06,Cash,0.4858559917127402,November,Monday,Adult(26-40),False,False,False,False,False,True,False,False,False
T01917,C3837,1,0.2692307692307693,Electronics,0.0,0.13612244897959186,2023-07-03,UPI,0.19130805769432563,July,Monday,Adult(26-40),False,False,True,False,False,False,False,False,False
T01918,C8531,2,0.28846153846153855,Sports,0.0,0.6828571428571428,2023-06-12,Card,0.44044754594857294,June,Monday,Adult(26-40),False,False,False,False,False,False,False,False,False
T01919,C9734,2,0.9038461538461539,Fashion,1.0,0.7038775510204082,2023-08-01,Cash,0.8783524484268143,August,Tuesday,Senior(60+),False,False,False,False,False,False,False,True,False
T01920,C6608,2,0.34615384615384615,Electronics,1.0,0.8442857142857143,2023-04-08,Wallet,0.9400395161752775,April,Saturday,Adult(26-40),True,False,False,False,False,False,False,False,False
T01921,C9950,1,0.5384615384615385,Groceries,0.5,0.2479591836734694,2023-04-18,UPI,0.4689382565818715,April,Tuesday,Mid Age(41-60),False,False,False,False,True,False,False,False,False
T01922,C6804,1,0.7692307692307693,Groceries,0.5,0.9628571428571429,2023-02-16,Card,0.8109473768058539,February,Thursday,Mid Age(41-60),False,False,True,False,False,False,False,False,False
T01923,C5331,2,0.15384615384615385,Groceries,0.75,0.8261224489795919,2023-09-17,Card,0.8558142968713662,September,Sunday,Adult(26-40),False,True,False,False,False,False,False,False,False
T01924,C8932,1,0.15384615384615385,Groceries,0.25,0.3310204081632653,2023-07-04,Card,0.4403277344095048,July,Tuesday,Adult(26-40),False,False,False,False,False,False,False,True,False
T01925,C4150,0,0.6346153846153847,Groceries,1.0,0.3006122448979592,2023-09-02,Card,0.6339197040565998,September,Saturday,Mid Age(41-60),False,False,False,False,False,False,False,False,True
T01926,C5038,2,0.1923076923076924,Furniture,0.25,0.7589795918367347,2023-05-11,Cash,0.6261946868730439,May,Thursday,Adult(26-40),False,False,False,False,False,False,True,False,False
T01927,C5571,0,0.019230769230769273,Electronics,0.0,0.025918367346938774,2023-09-18,UPI,0.05807107262099215,September,Monday,Young Adult(18-25),False,False,False,True,False,False,False,False,False
T01928,C5890,0,0.03846153846153849,Books,0.25,0.27877551020408164,2023-02-27,Card,0.40791085538277017,February,Monday,Young Adult(18-25),False,False,False,False,False,False,False,False,False
T01929,C4684,0,0.8076923076923078,Fashion,0.25,0.20183673469387756,2023-08-22,UPI,0.3520346970794628,August,Tuesday,Mid Age(41-60),False,False,False,False,False,True,False,False,False
T01930,C5876,0,0.42307692307692313,Fashion,0.75,0.6997959183673469,2023-01-09,Cash,0.8034377998084641,January,Monday,Adult(26-40),False,False,True,False,False,False,False,False,False
T01931,C5735,2,0.3846153846153847,Books,1.0,0.44020408163265307,2023-01-04,Cash,0.7349980451904264,January,Wednesday,Adult(26-40),False,False,False,False,False,True,False,False,False
T01932,C4396,0,0.576923076923077,Sports,0.5,0.9271428571428572,2023-07-14,Wallet,0.7992290787951418,July,Friday,Mid Age(41-60),False,False,False,False,False,False,False,True,False
T01933,C9011,2,0.5576923076923077,Furniture,1.0,0.7855102040816326,2023-08-04,Card,0.9151361659152429,August,Friday,Mid Age(41-60),False,False,False,False,False,False,True,False,False
T01934,C6194,2,0.6538461538461539,Electronics,0.5,0.16877551020408166,2023-07-24,Card,0.3976014495282446,July,Monday,Mid Age(41-60),False,False,False,True,False,False,False,False,False
T01935,C8861,0,0.326923076923077,Groceries,0.5,0.21122448979591837,2023-02-21,Cash,0.43798165072500916,February,Tuesday,Adult(26-40),False,False,False,False,False,False,True,False,False
T01936,C6714,1,0.6730769230769232,Groceries,0.75,0.05693877551020408,2023-07-01,Wallet,0.29039381483767857,July,Saturday,Mid Age(41-60),False,False,False,False,True,False,False,False,False
T01937,C5480,1,0.5384615384615385,Fashion,0.0,0.7212244897959184,2023-07-04,Card,0.4514997476225815,July,Tuesday,Mid Age(41-60),False,False,False,True,False,False,False,False,False
T01938,C5715,0,0.15384615384615385,Fashion,0.75,0.04,2023-06-08,Card,0.2520619622351747,June,Thursday,Adult(26-40),False,True,False,False,False,False,False,False,False
T01939,C2996,0,0.8461538461538461,Books,0.0,0.2789795918367347,2023-02-03,Card,0.2851316394182248,February,Friday,Senior(60+),False,False,False,True,False,False,False,False,False
T01940,C9899,1,0.6538461538461539,Beauty,0.75,0.12204081632653063,2023-08-11,UPI,0.3983654665698627,August,Friday,Mid Age(41-60),False,False,False,False,False,False,False,True,False
T01941,C7220,2,0.21153846153846156,Furniture,0.75,0.22122448979591838,2023-11-30,UPI,0.5093382130821812,November,Thursday,Adult(26-40),False,False,True,False,False,False,False,False,False
T01942,C7464,2,0.7115384615384616,Electronics,1.0,0.8608163265306122,2023-06-03,Wallet,0.9468299309390389,June,Saturday,Mid Age(41-60),False,False,False,False,True,False,False,False,False
T01943,C6654,2,0.730769230769231,Electronics,1.0,0.8848979591836735,2023-04-28,Card,0.9565649263548673,April,Friday,Mid Age(41-60),False,False,False,False,False,False,False,False,False
T01944,C3399,2,0.5576923076923077,Sports,0.0,0.6487755102040816,2023-12-26,Wallet,0.4302715135409468,December,Tuesday,Mid Age(41-60),False,False,True,False,False,False,False,False,False
T01945,C5758,0,0.7692307692307693,Groceries,0.25,0.7059183673469388,2023-02-13,Card,0.6078748030759401,February,Monday,Mid Age(41-60),False,False,False,False,True,False,False,False,False
T01946,C1689,1,0.9038461538461539,Electronics,1.0,0.5922448979591837,2023-11-30,Cash,0.8230382861438152,November,Thursday,Senior(60+),False,False,False,False,False,False,False,False,True
T01947,C5712,0,0.7692307692307693,Books,0.5,0.21306122448979592,2023-11-26,Card,0.43960784443664597,November,Sunday,Mid Age(41-60),False,False,False,True,False,False,False,False,False
T01948,C2294,0,0.6923076923076924,Electronics,0.25,0.6724489795918367,2023-07-19,Card,0.59583385138689,July,Wednesday,Mid Age(41-60),False,False,False,False,False,False,False,False,False
T01949,C6674,2,0.5192307692307693,Furniture,0.5,0.9310204081632654,2023-08-30,Cash,0.800516104698595,August,Wednesday,Mid Age(41-60),False,False,False,False,False,True,False,False,False
T01950,C8247,1,0.6346153846153847,Furniture,0.0,0.40346938775510205,2023-01-09,Cash,0.34356656971858623,January,Monday,Mid Age(41-60),False,False,False,False,False,False,True,False,False
T01951,C5201,1,0.7692307692307693,Sports,1.0,0.4904081632653061,2023-05-21,Wallet,0.7660545721111318,May,Sunday,Mid Age(41-60),False,False,False,False,False,False,True,False,False
T01952,C8849,2,0.7692307692307693,Groceries,0.0,0.19897959183673472,2023-11-28,Card,0.23784774924327995,November,Tuesday,Mid Age(41-60),False,False,False,False,True,False,False,False,False
T01953,C4505,0,0.6538461538461539,Sports,0.25,0.5630612244897959,2023-06-15,Cash,0.55340125064803,June,Thursday,Mid Age(41-60),False,False,False,False,False,False,False,True,False
T01954,C4310,0,0.3653846153846154,Furniture,0.75,0.5626530612244898,2023-01-24,UPI,0.7387264077764266,January,Tuesday,Adult(26-40),False,False,False,False,False,True,False,False,False
T01955,C9824,0,0.42307692307692313,Groceries,0.75,0.9887755102040816,2023-03-14,Wallet,0.9157562319617052,March,Tuesday,Adult(26-40),False,False,False,False,False,False,False,False,True
T01956,C5442,1,0.576923076923077,Books,1.0,0.18000000000000002,2023-05-08,Wallet,0.5175823355152617,May,Monday,Mid Age(41-60),True,False,False,False,False,False,False,False,False
T01957,C5450,0,0.6538461538461539,Furniture,1.0,0.07551020408163264,2023-04-01,Wallet,0.3658461933151779,April,Saturday,Mid Age(41-60),False,False,False,False,False,False,False,False,True
T01958,C3249,0,0.2692307692307693,Furniture,0.0,0.12326530612244899,2023-10-17,Wallet,0.18023161366270585,October,Tuesday,Adult(26-40),False,False,False,False,False,True,False,False,False
T01959,C2789,0,0.980769230769231,Books,0.25,0.593265306122449,2023-01-05,Wallet,0.5656366651175455,January,Thursday,Senior(60+),False,False,False,False,False,False,False,False,True
T01960,C4920,0,0.0961538461538462,Beauty,0.75,0.7504081632653061,2023-03-07,UPI,0.8251368910467599,March,Tuesday,Young Adult(18-25),False,False,False,False,False,True,False,False,False
T01961,C4972,0,0.5384615384615385,Books,1.0,0.683469387755102,2023-09-23,Wallet,0.8687080893461654,September,Saturday,Mid Age(41-60),False,False,False,False,False,False,False,True,False
T01962,C1831,2,0.3653846153846154,Sports,0.75,0.7518367346938776,2023-03-21,UPI,0.8257347479173469,March,Tuesday,Adult(26-40),False,True,False,False,False,False,False,False,False
T01963,C9700,2,0.4423076923076924,Fashion,1.0,0.7283673469387755,2023-03-13,Wallet,0.8896786603992035,March,Monday,Mid Age(41-60),False,False,False,False,False,True,False,False,False
T01964,C4697,1,0.5000000000000001,Books,0.75,0.48346938775510206,2023-12-22,Card,0.6963694651450195,December,Friday,Mid Age(41-60),False,False,False,False,False,True,False,False,False
T01965,C4814,1,0.3076923076923077,Fashion,0.75,0.7975510204081633,2023-08-29,Wallet,0.8444718426374447,August,Tuesday,Adult(26-40),False,True,False,False,False,False,False,False,False
T01966,C1860,1,0.17307692307692313,Sports,1.0,0.22489795918367347,2023-01-20,Card,0.5654741527661988,January,Friday,Adult(26-40),False,False,False,False,False,False,False,False,False
T01967,C2641,0,0.3653846153846154,Beauty,0.5,0.30653061224489797,2023-02-01,Cash,0.5126798023147511,February,Wednesday,Adult(26-40),False,False,False,False,True,False,False,False,False
T01968,C7771,2,0.0,Furniture,0.25,0.9855102040816326,2023-11-02,Card,0.695851814128128,November,Thursday,Young Adult(18-25),False,False,True,False,False,False,False,False,False
T01969,C6411,0,0.0,Books,0.25,0.8514285714285714,2023-04-18,Cash,0.6561358549360747,April,Tuesday,Young Adult(18-25),False,False,False,True,False,False,False,False,False
T01970,C8739,0,0.6346153846153847,Furniture,0.0,0.14,2023-12-05,UPI,0.19452363115506582,December,Tuesday,Mid Age(41-60),False,False,False,False,False,False,False,False,False
T01971,C2647,0,1.0,Beauty,0.25,0.25448979591836735,2023-05-31,UPI,0.39148325535340645,May,Wednesday,Senior(60+),False,False,False,False,False,False,False,False,True
T01972,C3252,2,0.9230769230769232,Furniture,1.0,0.012857142857142859,2023-07-10,Cash,0.19932880067059583,July,Monday,Senior(60+),False,False,False,False,False,False,False,False,False
T01973,C1084,0,0.15384615384615385,Fashion,0.25,0.9922448979591836,2023-11-13,Wallet,0.6977466584276082,November,Monday,Adult(26-40),False,True,False,False,False,False,False,False,False
T01974,C3587,2,0.42307692307692313,Books,1.0,0.9914285714285715,2023-08-01,Wallet,0.9975853274780551,August,Tuesday,Adult(26-40),True,False,False,False,False,False,False,False,False
T01975,C7666,2,0.34615384615384615,Beauty,0.0,0.6183673469387755,2023-03-22,Wallet,0.420882568988138,March,Wednesday,Adult(26-40),False,False,False,False,False,False,False,False,True
T01976,C8793,1,0.576923076923077,Groceries,1.0,0.7581632653061224,2023-08-03,UPI,0.9031156831280532,August,Thursday,Mid Age(41-60),False,False,False,False,False,False,False,False,True
T01977,C8822,1,0.6538461538461539,Electronics,0.75,0.6340816326530613,2023-03-30,UPI,0.7736150400600067,March,Thursday,Mid Age(41-60),True,False,False,False,False,False,False,False,False
T01978,C4267,0,0.0,Books,1.0,0.5357142857142857,2023-03-31,Cash,0.7923021800251978,March,Friday,Young Adult(18-25),False,False,False,False,False,False,True,False,False
T01979,C5706,1,0.8461538461538461,Sports,1.0,0.7330612244897959,2023-09-23,UPI,0.891819903449418,September,Saturday,Senior(60+),False,False,False,False,False,False,True,False,False
T01980,C6262,0,0.5961538461538463,Beauty,0.5,0.2953061224489796,2023-03-19,Wallet,0.5047476525963246,March,Sunday,Mid Age(41-60),False,False,True,False,False,False,False,False,False
T01981,C5676,2,0.9230769230769232,Sports,0.5,0.8504081632653061,2023-12-09,Card,0.7729679630656592,December,Saturday,Senior(60+),True,False,False,False,False,False,False,False,False
T01982,C1969,0,0.576923076923077,Furniture,0.25,0.9830612244897958,2023-04-03,Cash,0.6951605863116929,April,Monday,Mid Age(41-60),False,False,False,True,False,False,False,False,False
T01983,C2465,2,0.3653846153846154,Furniture,0.5,0.4669387755102041,2023-07-06,Card,0.6095323306649968,July,Thursday,Adult(26-40),False,True,False,False,False,False,False,False,False
T01984,C4804,0,0.0,Fashion,0.5,0.16183673469387758,2023-02-26,Wallet,0.3904145228859226,February,Sunday,Young Adult(18-25),False,False,False,False,False,False,False,False,False
T01985,C9767,1,0.9423076923076924,Furniture,1.0,0.38816326530612244,2023-03-25,Card,0.7002025557296954,March,Saturday,Senior(60+),False,False,False,False,True,False,False,False,False
T01986,C1611,2,0.5192307692307693,Groceries,0.0,0.49693877551020404,2023-01-16,Wallet,0.37993597459684225,January,Monday,Mid Age(41-60),False,False,False,False,False,True,False,False,False
T01987,C3868,1,0.980769230769231,Sports,0.25,0.8246938775510204,2023-09-12,Card,0.6477146708907712,September,Tuesday,Senior(60+),False,False,True,False,False,False,False,False,False
T01988,C7846,1,0.34615384615384615,Electronics,0.25,0.570204081632653,2023-04-15,UPI,0.5563339328588086,April,Saturday,Adult(26-40),False,False,False,False,False,False,True,False,False
T01989,C3880,0,0.730769230769231,Beauty,0.0,0.08061224489795918,2023-06-06,Wallet,0.13762096963669623,June,Tuesday,Mid Age(41-60),False,False,False,False,False,False,False,False,True
T01990,C1595,2,0.2692307692307693,Furniture,1.0,0.9430612244897959,2023-07-26,Card,0.9793543108052272,July,Wednesday,Adult(26-40),False,False,True,False,False,False,False,False,False
T01991,C7504,2,0.9615384615384616,Beauty,0.25,0.8653061224489796,2023-11-17,Card,0.6604363080203817,November,Friday,Senior(60+),False,False,False,False,False,False,False,True,False
T01992,C9116,0,0.0,Groceries,0.5,0.8779591836734694,2023-07-11,Cash,0.7825759639676538,July,Tuesday,Young Adult(18-25),False,False,False,False,False,False,False,False,True
T01993,C4052,1,0.6730769230769232,Beauty,0.0,0.9691836734693877,2023-05-16,Card,0.514715695604413,May,Tuesday,Mid Age(41-60),False,True,False,False,False,False,False,False,False
T01994,C5742,2,0.4423076923076924,Electronics,0.25,0.8495918367346939,2023-11-15,Wallet,0.6555631078349016,November,Wednesday,Mid Age(41-60),False,False,False,False,False,False,False,False,True
T01995,C1613,2,0.23076923076923084,Books,0.5,0.713265306122449,2023-06-14,UPI,0.7216968261883373,June,Wednesday,Adult(26-40),True,False,False,False,False,False,False,False,False
T01996,C1151,1,0.5000000000000001,Fashion,0.25,0.476734693877551,2023-01-15,Wallet,0.5157994974475465,January,Sunday,Mid Age(41-60),False,False,False,False,True,False,False,False,False
T01997,C5888,1,0.6730769230769232,Beauty,0.5,0.5395918367346939,2023-01-14,Wallet,0.6460865336070245,January,Saturday,Mid Age(41-60),False,False,False,False,False,False,False,False,False
T01998,C2758,1,0.5192307692307693,Electronics,0.0,0.6420408163265307,2023-06-19,Wallet,0.4282181388591474,June,Monday,Mid Age(41-60),False,False,False,False,False,False,True,False,False
T01999,C6489,1,0.48076923076923084,Sports,0.25,0.5324489795918367,2023-01-15,Wallet,0.5405410774270262,January,Sunday,Mid Age(41-60),True,False,False,False,False,False,False,False,False
T02000,C5662,1,0.28846153846153855,Beauty,0.25,0.2981632653061224,2023-08-29,UPI,0.42036972520140786,August,Tuesday,Adult(26-40),False,False,False,True,False,False,False,False,False
